{"type": "FeatureCollection", "features": [{"type": "Feature", "id": "103001", "properties": {"name": "Chadiza", "province": "Eastern"}, "geometry": {"type": "Polygon", "coordinates": [[[32.743546243568, -13.9773115512422], [32.7063069248247, -14.089493369376], [32.6817308889436, -14.1108393611843], [32.6660678259204, -14.1669149278892], [32.6447004608431, -14.2015259766345], [32.4508248587702, -14.2846233831507], [32.3091858943117, -14.3107434399908], [32.3186908102295, -14.2709376762259], [32.3111885840331, -14.2358000178246], [32.3200917652544, -14.2225656364923], [32.2855543767648, -14.1690967581975], [32.2910220931158, -14.1359397131677], [32.2630961982178, -14.1043070890735], [32.2705334322017, -14.0792186842723], [32.2629402902103, -14.0592892457812], [32.2177424756664, -14.0318031990887], [32.1906991800265, -14.0374607424137], [32.1599434868806, -14.0246400482354], [32.2204423622528, -14.0061437469211], [32.2376741074425, -14.0096259773398], [32.3230247242329, -13.9460612161784], [32.3781401506176, -13.9195442627487], [32.4665823508994, -13.9531295993899], [32.4905374191538, -13.9535460996457], [32.5231744252532, -13.9386334210406], [32.5335847747054, -13.9208241885732], [32.5568061798841, -13.9058804011964], [32.5862544964066, -13.9348040896133], [32.743546243568, -13.9773115512422]]]}}, {"type": "Feature", "id": "106001", "properties": {"name": "Chama", "province": "Eastern"}, "geometry": {"type": "Polygon", "coordinates": [[[32.9752590749526, -10.3346046088262], [33.0042325770502, -10.3276551947887], [33.0292093882105, -10.3430509175859], [33.0314398709249, -10.4143628822231], [33.0399169919868, -10.4230957030639], [33.0941162122402, -10.4265747057754], [33.1240844736491, -10.4194946277951], [33.1447143560141, -10.426208495213], [33.1682739265917, -10.4185791009756], [33.1876831062834, -10.4317016596587], [33.2145065096131, -10.4164146607848], [33.197626622842, -10.4600591866676], [33.1972573164456, -10.4808108352547], [33.225851925326, -10.5412939486987], [33.2283842832985, -10.5674339213164], [33.218793583661, -10.5993327701287], [33.2305473276879, -10.6425739236098], [33.2237943512357, -10.6717641182747], [33.2348206799698, -10.7154664061523], [33.228173214241, -10.7607172807957], [33.2411062063859, -10.7869926693663], [33.2477536622332, -10.7855933789649], [33.2424251461237, -10.7796333788284], [33.2478064211882, -10.769993471952], [33.2624202726207, -10.7663136427089], [33.2735521246546, -10.7459960252608], [33.2851587947067, -10.7437672234152], [33.2855808546682, -10.7510755579173], [33.3209284417975, -10.7501425877336], [33.3250962896442, -10.7666246170018], [33.3396573848167, -10.7634112087367], [33.3474127517686, -10.7734141200241], [33.3549570891889, -10.7680758211241], [33.3605493928867, -10.7919160368262], [33.3797504149608, -10.7962303080936], [33.4138344318114, -10.7882011163292], [33.4511602160958, -10.7534551981281], [33.5276476931704, -10.7168006750123], [33.5448415878456, -10.6814655950179], [33.5774869887013, -10.6447524169069], [33.5835368456958, -10.6151638130704], [33.6119135583226, -10.5830236613429], [33.6378280381629, -10.5991478168052], [33.6538815952468, -10.5903552356518], [33.668666974593, -10.5950589161361], [33.7025532273338, -10.5664241940464], [33.7096980552012, -10.5683410979649], [33.7069827346599, -10.5784926219378], [33.6678027099497, -10.6178538043695], [33.6493650519496, -10.6206853483481], [33.6166670170047, -10.6625891373693], [33.6006781089769, -10.6553696373546], [33.5506947658952, -10.7310950542272], [33.5365784338063, -10.7313781038961], [33.5313928432517, -10.7639271021419], [33.5048887083606, -10.7749646619031], [33.4966781866138, -10.7898222746491], [33.4766560432846, -10.7942086679829], [33.4664289034379, -10.8138759019099], [33.4356034417371, -10.8198182657153], [33.3952710635704, -10.8049621346071], [33.3588948084228, -10.8272103926348], [33.336000662197, -10.8210602383742], [33.314134133859, -10.8649401886455], [33.2885366012105, -10.8764889163784], [33.2842860903913, -10.8647082840552], [33.2668117587524, -10.8641053261605], [33.2465982095889, -10.8869705055782], [33.2503732241619, -10.9067198270302], [33.2771885552304, -10.8981175605757], [33.3108412585738, -10.9400774894368], [33.3069781255596, -10.9856626828197], [33.3297881283894, -11.0675372121137], [33.3739697156833, -11.111403921342], [33.3799472250598, -11.143279657674], [33.4028176952879, -11.1504193461746], [33.4036310874383, -11.16418232976], [33.3900723216801, -11.1892740033908], [33.3820603231195, -11.23129012259], [33.3561754077334, -11.2533536959796], [33.3383024900097, -11.3071454532239], [33.3099523450574, -11.3334332574313], [33.314574652403, -11.362437684698], [33.288947962237, -11.3667830617267], [33.2772379392148, -11.3770762873892], [33.2827802552603, -11.4370601709718], [33.2499269950277, -11.4184598201535], [33.2305379402932, -11.4287762864159], [33.2422379408117, -11.5316762860647], [33.2225379396316, -11.5654762861364], [33.2248065468467, -11.5923607453135], [33.2077065566614, -11.5967607543636], [32.9974221416575, -11.9156959295865], [32.491375972217, -12.1234088890353], [32.4668904353126, -12.1197007027647], [32.4699933860855, -12.1470410369973], [32.483208795081, -12.1570406818926], [32.4848111056802, -12.181573186287], [32.4582614621368, -12.2000202451111], [32.4156114323336, -12.2073153368367], [32.399830922672, -12.2014792779456], [32.3707222753281, -12.2110670196327], [32.35963326934, -12.2061689771291], [32.3448123822856, -12.2155481281196], [32.3106923582634, -12.2171112853021], [32.2965112253032, -12.2308666886611], [32.2936323458032, -12.224510114817], [32.2870046457056, -12.2281674928524], [32.2862336504433, -12.2141296863421], [32.3075043711691, -12.1937311601799], [32.2936832290758, -12.1882775849915], [32.2959242050112, -12.1774717114261], [32.2817382283349, -12.1553862594306], [32.2724061419896, -12.1543909320542], [32.2832574501603, -12.1387398262721], [32.2780925352303, -12.1061522423649], [32.3029685042117, -12.0931725904301], [32.3087691990891, -12.0810649136817], [32.3336448365922, -12.0812295830868], [32.3525396634101, -12.0530840836423], [32.3503537506084, -12.0363532416017], [32.3663397561796, -12.038954398381], [32.3713883689247, -12.0254044901792], [32.383285025032, -12.032788648852], [32.3862195461807, -12.0231670109505], [32.3762398850083, -12.0164812089118], [32.3804935246596, -12.0050802052164], [32.3735275378906, -11.9977166966799], [32.3814462302393, -11.9951722270247], [32.3803727210168, -11.9848133641788], [32.3921224289132, -11.9833093093784], [32.3857918313245, -11.9716303996174], [32.3992791549665, -11.9638529529776], [32.3964161190532, -11.9546101820884], [32.4145420122424, -11.9460359100126], [32.4072543217022, -11.9365424661078], [32.4178854213557, -11.9299486369713], [32.4097961236632, -11.9252244483339], [32.4305181291589, -11.906222042293], [32.4215205978833, -11.894545934625], [32.4349678360024, -11.8954006659341], [32.4189536916033, -11.8782883902508], [32.4255599156775, -11.8748988356065], [32.4206650001859, -11.8695661387072], [32.4458504289012, -11.8528716326477], [32.4464057206975, -11.8316036805907], [32.4556186769614, -11.8370711348595], [32.4782072280056, -11.8136674112037], [32.4892830341489, -11.8203127337165], [32.4889741098109, -11.8059202504294], [32.4958351212525, -11.813480889601], [32.5103384421758, -11.8055450606971], [32.4955314583471, -11.8005459634306], [32.5067974567007, -11.7979634889526], [32.4993105791192, -11.7893084569852], [32.5118081614391, -11.7963659415945], [32.5046583730748, -11.7827472219437], [32.513392341341, -11.7848988690282], [32.5282477776012, -11.7696001546075], [32.5421773104166, -11.7769050370771], [32.5494372052854, -11.7416312593183], [32.5385990574336, -11.7285063213654], [32.5599902054081, -11.716986634008], [32.5641258540417, -11.7002996421046], [32.5904369391817, -11.6989730662326], [32.5841622338716, -11.686893493077], [32.5987082130928, -11.6781768228823], [32.5744649976346, -11.6461007069254], [32.5429962909864, -11.6375805484026], [32.5386265009655, -11.6093616844364], [32.4907294897413, -11.5745373440207], [32.4776170043212, -11.5296089769399], [32.4598801050062, -11.5113001930348], [32.4544151842123, -11.5137270920886], [32.4411583781536, -11.4894921797291], [32.411575919803, -11.4893310804293], [32.3994722469386, -11.4813157278113], [32.3848600672708, -11.4859202163315], [32.349206369327, -11.4591125827169], [32.3059362702125, -11.4541932770778], [32.3017477916569, -11.4479033427846], [32.2824436717343, -11.4498680665957], [32.2630879921076, -11.4655687976223], [32.2343263756361, -11.4662518394083], [32.2253472652137, -11.457437318049], [32.2223534408832, -11.3971175720997], [32.2288439385925, -11.3654649818068], [32.2406087597453, -11.3510737616914], [32.250698099824, -11.2890368102044], [32.2365293276821, -11.2645578370676], [32.2441189231247, -11.2252886919652], [32.2694342167891, -11.1968751217782], [32.2629294322735, -11.1495350081728], [32.2834123439698, -11.1089897660945], [32.3709359090757, -11.0310439926082], [32.324057007072, -10.9620650936829], [32.3312328061554, -10.942458852361], [32.3666323132131, -10.9195311987991], [32.3884755132015, -10.8370254961043], [32.4050807903801, -10.8325924909535], [32.3870842770496, -10.8011426398129], [32.3655090705617, -10.7915336049054], [32.3558553810564, -10.7772594087058], [32.338007278394, -10.7174237270499], [32.3010379393262, -10.7013762872667], [32.2886379409956, -10.655376286798], [32.3480627780377, -10.5991333357967], [32.3538272779956, -10.5836077017496], [32.3855882901491, -10.5681935975748], [32.386281078981, -10.5528274079533], [32.4865311512772, -10.4981269320304], [32.4895328897654, -10.4863927348956], [32.5135324057618, -10.4648625918003], [32.5310980466578, -10.4617840326171], [32.5439172042898, -10.4478109688525], [32.5581953993182, -10.4548520247072], [32.5784855487242, -10.4399232358281], [32.5932690353201, -10.4424209651482], [32.6007298428936, -10.4343807480748], [32.6099893148213, -10.4407450585945], [32.6085065259689, -10.425591426773], [32.6206321752185, -10.4120377670753], [32.800678733617, -10.3193647917331], [32.8154064914275, -10.3176488644003], [32.8437938284292, -10.3338038157813], [32.8721268613736, -10.3366210978751], [32.9180357140245, -10.3580379588206], [32.9350157782211, -10.3797686675607], [32.9582160658041, -10.3548842771838], [32.9758193658734, -10.3481644838052], [32.9752590749526, -10.3346046088262]]]}}, {"type": "Feature", "id": "103010", "properties": {"name": "Chasefu", "province": "Eastern"}, "geometry": {"type": "Polygon", "coordinates": [[[33.311095623733, -12.244367004339], [33.2274659616347, -12.2702815730848], [33.17598310307, -12.2471630543242], [33.1563171642088, -12.2487672166246], [33.1221940284225, -12.2091907612453], [33.1032951430161, -12.2311389348935], [33.0747766879156, -12.231934687825], [33.0600422502326, -12.2436742408129], [33.0140203751459, -12.2239486324137], [32.9927821563654, -12.2014417626655], [32.9678666570199, -12.1896008884294], [32.939796486399, -12.212974523612], [32.9279832658153, -12.1957659522748], [32.9184369770889, -12.2048504432285], [32.882846192656, -12.1894878616205], [32.8745917361053, -12.1675805321237], [32.8613771203222, -12.1647255790115], [32.8607601618767, -12.1488457410001], [32.8682935371555, -12.1490044627251], [32.8615168748242, -12.1454419936403], [32.8401970476934, -12.1585467264137], [32.7782367022872, -12.1558191564154], [32.7607367021873, -12.1801191553181], [32.728325166936, -12.1831440190007], [32.7210098981166, -12.1736847413117], [32.7043728870523, -12.1870665582369], [32.6972666247583, -12.1741546473115], [32.6734900706155, -12.1600792556068], [32.66992488273, -12.1457198576296], [32.6413558363093, -12.1493911067858], [32.6353187839009, -12.1584992949748], [32.6264771157169, -12.1538058283173], [32.5716207445955, -12.1853689580994], [32.569648005604, -12.1645983543067], [32.5368482696909, -12.1473812209018], [32.5204008651353, -12.1239353158664], [32.495117172406, -12.1191654249075], [32.9974221416575, -11.9156959295865], [33.2077065566614, -11.5967607543636], [33.2673091406539, -11.5751895227798], [33.2764473418148, -11.583438149077], [33.2881889558905, -11.5764720797489], [33.2973630752897, -11.5905961482355], [33.3112109503475, -11.5925296948295], [33.3184583882782, -11.6184961049601], [33.3141799802779, -11.7266138068026], [33.324267837238, -11.7548944882797], [33.319655458073, -11.768583198758], [33.3354615382792, -11.7953399827212], [33.3316655848753, -11.8205074964203], [33.3047366932802, -11.864452800416], [33.3249095020488, -11.9068288027631], [33.3114668902534, -11.9497319746367], [33.3102503081523, -11.9931939956693], [33.2738580108904, -12.0636638762348], [33.2564747639296, -12.1361593971983], [33.2769161671716, -12.1569682074135], [33.3072835231118, -12.1616995009658], [33.3142216082081, -12.200300802868], [33.311095623733, -12.244367004339]]]}}, {"type": "Feature", "id": "108001", "properties": {"name": "Chavuma", "province": "North-Western"}, "geometry": {"type": "Polygon", "coordinates": [[[23.1150619452482, -12.9929633137259], [23.0905187131463, -13.0306260218099], [23.031384214299, -13.0432007266297], [22.9444286620321, -13.0791435914145], [22.9213898807573, -13.1196004045964], [22.8771323696522, -13.1536138733114], [22.8476628457025, -13.1945924111454], [22.845324642409, -13.2008450287679], [22.8633407300295, -13.2176439977088], [22.9171513130399, -13.2367554669888], [22.9534924692127, -13.2714576861612], [22.9434505215535, -13.3055246632793], [22.9506997390467, -13.3184770689382], [22.9837965756721, -13.3177832067238], [22.999758801041, -13.3300039122397], [22.959002029988, -13.346878909891], [22.8887220498673, -13.3957326277769], [22.876378392973, -13.3760986360029], [22.810920838792, -13.4180857021013], [22.7503283266278, -13.4424283491247], [22.7344999178969, -13.4072633898951], [22.6581627083081, -13.3186898984313], [22.6451781465777, -13.291373746782], [22.3631141218841, -13.3961353929052], [22.3734716962117, -13.4066321329512], [22.2013547869133, -13.5947939266698], [22.1759798558939, -13.5740675463591], [22.1886822891329, -13.5650929143976], [22.1774442966566, -13.562415933189], [22.1851166943105, -13.5534563366262], [22.1723824256762, -13.5500209607102], [22.1811213167101, -13.5407359148427], [22.1661426369828, -13.5394978807011], [22.1715706163573, -13.5326576284331], [22.1604758854059, -13.527643384262], [22.1461339135856, -13.5338183192632], [22.1406740952226, -13.5190229673623], [22.1328425187952, -13.5247338334018], [22.1307732028259, -13.5144263173847], [22.1239603671347, -13.519053920672], [22.109124945339, -13.5089164090699], [22.1003064617742, -13.5114546956863], [22.1032035079043, -13.4991654176458], [22.0901031290792, -13.5068578997895], [22.0774643684276, -13.4948779522502], [22.0704127659238, -13.5052172709443], [22.0589996774256, -13.4868909850919], [22.0340882627197, -13.4825104225841], [22.0173904527786, -13.4537638980139], [22.0084605457793, -13.4602813178466], [22.0011542601126, -13.4557144989304], [22.0148276814439, -13.4434223542954], [22.0025391119378, -13.4465031900332], [21.9962070051793, -13.434399329334], [22.0028905023342, -12.9972913266285], [23.1150619452482, -12.9929633137259]]]}}, {"type": "Feature", "id": "104001", "properties": {"name": "Chembe", "province": "Luapula"}, "geometry": {"type": "Polygon", "coordinates": [[[28.846170137117, -11.5178085686378], [28.8602213673989, -11.6198565061621], [28.8330858830513, -11.6410716194108], [28.8180231758107, -11.6709344604056], [28.8221788739432, -11.7244425629435], [28.8480289212214, -11.7565189361243], [28.9026182896842, -11.7742836372223], [28.948918206826, -11.7708865133288], [28.9970878863834, -11.8113972199069], [28.994091401243, -11.8513786520851], [28.9616121743418, -11.8772601911916], [28.9525922471678, -11.9001112696642], [28.960792179574, -11.9085185859196], [28.9522713797281, -11.9223674208872], [28.9552239022168, -11.9413346266538], [28.9385863548583, -11.943985521677], [28.9357817399811, -11.9564025306814], [28.9141529283252, -11.9403114657395], [28.9036950418248, -11.9402649598515], [28.8999872445913, -11.9488221768751], [28.8677104027337, -11.9463108473062], [28.8319634425954, -11.9732831690489], [28.825165815382, -11.9875123069855], [28.8114754913503, -11.9753292341171], [28.7930352803381, -11.9816730804006], [28.779185036423, -11.9737060610148], [28.765628890152, -11.9935217207136], [28.7430493617865, -11.977060858397], [28.7169521789904, -11.989941333574], [28.6342873362533, -11.941392213221], [28.6164613914357, -11.9081375530966], [28.5773869232631, -11.9110213350754], [28.5136413469095, -11.8772047386287], [28.494864687179, -11.883763720091], [28.4942942560753, -11.8471058327719], [28.4804137892407, -11.830310410103], [28.4684347540286, -11.8283563050427], [28.4526528510799, -11.8401272498569], [28.4355874810673, -11.8137000723431], [28.4417196048772, -11.7907603318091], [28.4553148593041, -11.7752179170468], [28.4456650819619, -11.7506460777846], [28.4187122529594, -11.7242568331208], [28.4379167380389, -11.6980047122959], [28.4206136881752, -11.6794777790009], [28.4339237248044, -11.6513591637765], [28.4206612243251, -11.6262175941748], [28.4060677179371, -11.6190006118028], [28.3873861278114, -11.5917606476692], [28.3899479325588, -11.5316934487367], [28.4002870006933, -11.5300865589846], [28.4112202702521, -11.5397976264025], [28.4349169372168, -11.5310646679184], [28.4609428692378, -11.553867597155], [28.5512231348802, -11.5464717508401], [28.5481945403583, -11.5733500833575], [28.5834662108629, -11.5831760703186], [28.5895270452702, -11.5996605982234], [28.6583032599783, -11.5857024787244], [28.6703298313403, -11.5718250707958], [28.6994085629885, -11.561238568844], [28.7264802840189, -11.5683872019064], [28.7475000846246, -11.5613024826904], [28.779428380152, -11.4991354752859], [28.7972167268816, -11.5109884880707], [28.846170137117, -11.5178085686378]]]}}, {"type": "Feature", "id": "101001", "properties": {"name": "Chibombo", "province": "Central"}, "geometry": {"type": "Polygon", "coordinates": [[[27.9549581194099, -14.5396837350983], [27.9949996715966, -14.5629010888853], [28.0305284165794, -14.5602975393458], [28.0697736571825, -14.5736627116588], [28.0983682705545, -14.5949358266097], [28.2106112938648, -14.5935683138596], [28.1641941636464, -14.6430440311685], [28.1145667357752, -14.6549096091148], [28.1180867967924, -14.6823529608318], [28.0868135455837, -14.7110167200293], [28.0541207370372, -14.7944619113752], [28.0543351271663, -14.8641353613529], [28.0608265213943, -14.8802931409806], [28.0846680632581, -14.8676485331382], [28.0724204668104, -14.8399395517021], [28.1155509910859, -14.8355487092654], [28.1258996568208, -14.7981144942391], [28.1676651254451, -14.8027053899488], [28.2180458616489, -14.7833078720343], [28.2661704466774, -14.8019685833829], [28.1811938650151, -14.8909046708191], [28.1783773627317, -14.9088317961009], [28.1887676914312, -14.9495233761392], [28.1648462102869, -14.9978131910513], [28.1592889372919, -15.1042742099845], [28.283300613968, -15.0980085439441], [28.2909902970047, -15.091882543432], [28.3163980210235, -15.0958256928505], [28.3316182038318, -15.108095628879], [28.3449238090717, -15.1360878892135], [28.3416318258135, -15.1506032625997], [28.3638468798205, -15.1556687722106], [28.3563803445887, -15.1663322580685], [28.3332559116465, -15.1613912890997], [28.3307120606283, -15.1730839043555], [28.3461292547582, -15.176808912823], [28.3430958587411, -15.1912213799538], [28.3282978787264, -15.1880230347946], [28.3251806968428, -15.2016819239906], [28.3402277419565, -15.2050138190303], [28.3373638517453, -15.2195236753614], [28.3161292172428, -15.2155144715969], [28.3128135139695, -15.228773996296], [28.335041895382, -15.2337748673604], [28.331923339076, -15.248306410661], [28.318013011343, -15.2455904348214], [28.3146769756016, -15.2613273598502], [28.2947754840999, -15.2596668492126], [28.2832124308481, -15.3072872792175], [28.3092453239143, -15.3039685946668], [28.275147819758, -15.3191355825878], [28.2764343976877, -15.3387921389984], [28.2490319906316, -15.3439368732979], [28.2027320716931, -15.3220464437847], [28.1893507312882, -15.3236281326448], [28.1727844868071, -15.3086130690216], [28.1613521132763, -15.3093695789771], [28.1228718429349, -15.2880257787038], [28.0091898559817, -15.2701879388546], [28.0026924825671, -15.2624892154174], [27.9753677366639, -15.2953555947119], [27.8860007001359, -15.257324495116], [27.8545081989125, -15.2361359281226], [27.8359929839639, -15.2670466727283], [27.8218748381765, -15.2693625008352], [27.816788500681, -15.2858477191446], [27.8127954919381, -15.2808266282848], [27.804952074817, -15.2932988855857], [27.79632431796, -15.2902267436746], [27.7968472120156, -15.2984113810682], [27.7864368598684, -15.3042802766497], [27.7535917572369, -15.3008041600107], [27.7365586942351, -15.269944673725], [27.7159780494291, -15.2556475677604], [27.7088319899715, -15.2313996562503], [27.6720242973491, -15.2079127935782], [27.6580400113188, -15.1603369878274], [27.6319623983212, -15.131514675779], [27.6253000735593, -15.0910549510044], [27.6155374597326, -15.0902057672916], [27.6060386999694, -15.0749410891454], [27.6102163960466, -15.0621382967801], [27.5947809104209, -15.0219202097392], [27.5672301088663, -15.0127246180866], [27.5559283467846, -14.9875780747775], [27.2520789179114, -14.8831991731732], [27.223519348717, -14.8557259230526], [27.2017372018286, -14.8042990242176], [27.1906144614066, -14.6015174952576], [27.1537517352949, -14.5741147419337], [27.1897462010569, -14.3735082514094], [27.196815839935, -14.3841189456157], [27.2112429720442, -14.3787545578417], [27.2262880678137, -14.38766443603], [27.2323964248961, -14.3696601277732], [27.2362943649326, -14.3834973286815], [27.2567347800277, -14.3964588541357], [27.2680720803604, -14.3736202795775], [27.2717798757973, -14.3825994332442], [27.2820238527673, -14.3805964218575], [27.283330155904, -14.3896696376892], [27.802969236965, -14.394824314994], [27.9549581194099, -14.5396837350983]]]}}, {"type": "Feature", "id": "104002", "properties": {"name": "Chiengi", "province": "Luapula"}, "geometry": {"type": "Polygon", "coordinates": [[[29.596299123559, -8.39964988313238], [29.5292312772475, -8.48033415566594], [29.4983805100052, -8.50066809109593], [29.4880652301578, -8.53465743184167], [29.4886831974114, -8.58147597124294], [29.4397925740245, -8.62448188962745], [29.3718400758043, -8.72325942161315], [29.3150822703654, -8.72685383315707], [29.3168886323831, -8.7976307940804], [29.3028417903714, -8.87715357103172], [29.2642119343654, -8.92619130100095], [29.1986503579695, -8.9488216762174], [29.1888032827432, -8.96605023558068], [29.1879243468146, -9.00097656043054], [29.1757784594201, -9.01023220103786], [29.1720525862864, -9.04909415340475], [29.1452118903875, -9.0410121298235], [29.1328883674337, -9.05017473607736], [29.1320707496081, -9.06306537406748], [29.1197228823101, -9.07109101312042], [29.1236208223466, -9.07747498007661], [29.1103583191723, -9.07893013225251], [29.1157298726688, -9.085079259804], [29.1095026747625, -9.09681394568426], [29.0828376641804, -9.11799315639871], [29.0690998039988, -9.15115132839375], [29.0601392967876, -9.15377944544215], [29.050450190304, -9.17263997095031], [28.9923851501755, -9.1505127366189], [28.9605123597529, -9.15224917629713], [28.9413434811963, -9.0747855477173], [28.7630124786151, -8.96109887793125], [28.7993379394232, -8.8986762875538], [28.950637938911, -8.51037628708791], [28.9816379387799, -8.48727628783882], [28.989589292974, -8.46236567673132], [29.5683520652512, -8.37827253111113], [29.596299123559, -8.39964988313238]]]}}, {"type": "Feature", "id": "104012", "properties": {"name": "Chifunabuli", "province": "Luapula"}, "geometry": {"type": "Polygon", "coordinates": [[[29.8666809694111, -10.8724168662744], [29.9044814881704, -11.0036543808121], [29.9058054746434, -11.0313000856395], [29.8125546699009, -11.4089499831813], [29.8131564827508, -11.4292425257323], [29.8265158970762, -11.4552731760963], [29.7440156778014, -11.4717878203261], [29.7225983205802, -11.4542606929147], [29.666649400444, -11.4327255732619], [29.644212702412, -11.4072999495875], [29.6864398386171, -11.2636421263054], [29.6377327338561, -11.2590428316985], [29.5679005333618, -11.2667860256916], [29.5433858146854, -11.2583582502028], [29.5245365441305, -11.2625902181784], [29.5167645529559, -11.2479152463255], [29.4802271669958, -11.2543459420485], [29.476305452147, -11.2145747588599], [29.455460940701, -11.1789019239515], [29.4663312221888, -11.1554751531737], [29.427542841383, -11.1095798981271], [29.4191153351726, -11.0786030706174], [29.4294673992342, -11.0377344811758], [29.3880591492759, -11.0016737293068], [29.3951421380174, -10.9578906604401], [29.3599064558197, -10.9177804379365], [29.358551510707, -10.8811124388479], [29.3713025508877, -10.8791191409862], [29.4015379488043, -10.8473434572693], [29.4314190439862, -10.8420169378709], [29.43769530967, -10.8294456232261], [29.4649391110779, -10.812465152147], [29.4847075998153, -10.8124027714401], [29.4975470575761, -10.7946900960139], [29.5411363317043, -10.7860243537851], [29.5479102029701, -10.7757977288562], [29.5799494341468, -10.7714031644006], [29.5873293888532, -10.7771960437952], [29.5868159998717, -10.761561317113], [29.6020294048912, -10.7403886990285], [29.6034840037116, -10.7147475566399], [29.6452261799189, -10.7084030368292], [29.6926277298398, -10.7248457062022], [29.7144993812698, -10.745569841989], [29.7376163941277, -10.7500050820321], [29.7594880455577, -10.7770739221973], [29.7725643342618, -10.7755446729594], [29.7786354696504, -10.7951949196992], [29.8100808326777, -10.8094921526657], [29.8136612452106, -10.8266938023032], [29.8364669172624, -10.8556667909406], [29.8666809694111, -10.8724168662744]]]}}, {"type": "Feature", "id": "109001", "properties": {"name": "Chikankanta", "province": "Southern"}, "geometry": {"type": "Polygon", "coordinates": [[[28.5899728378232, -15.9069360998062], [28.5750733463848, -15.9248095791053], [28.5605291826587, -15.9275006032006], [28.5540484388567, -15.957695138942], [28.541793080965, -15.9706936955865], [28.53506147723, -15.9673727989794], [28.5255219618007, -15.98395082436], [28.531783885881, -16.0270048053534], [28.5213857669914, -16.0443578679044], [28.4808617979375, -16.0579934847143], [28.4779750339242, -16.0671861417482], [28.4675843360172, -16.0685290047545], [28.4632257668525, -16.0611425210584], [28.4515363853189, -16.0814436685811], [28.4396718475764, -16.0750480353901], [28.4237111313771, -16.0864410791872], [28.427242041348, -16.0973153618006], [28.4141967822505, -16.1199135779415], [28.4201889278779, -16.1304160209803], [28.466389575791, -16.1529914580354], [28.4040203585899, -16.2436751320049], [28.1064074871699, -16.3345031207102], [28.0437246043227, -16.3185617838317], [28.0566622326728, -16.3128083442608], [28.0396655783895, -16.2799053959598], [28.0343400572631, -16.2279755862688], [27.9804738308074, -16.1770442589403], [27.9812462310348, -16.1622547769142], [27.9479062429199, -16.1112065048439], [27.892899094968, -16.0780303034194], [27.9048684247817, -16.0358462392571], [27.9143261773505, -16.0287080879926], [27.9035203158483, -15.9863482102785], [27.9667597813708, -16.0273867771434], [28.0510986831489, -16.0241581084215], [28.102255406553, -15.9700612681041], [28.1612802076294, -15.9310445017048], [28.0910415805545, -15.8745233653049], [28.0707200035882, -15.8452585340032], [28.0397138691242, -15.83730163896], [28.0167488431276, -15.7631767306521], [28.0231657391708, -15.7291833517461], [28.041072660823, -15.7420467898726], [28.0800998596454, -15.7468454938881], [28.1204707701479, -15.7760955791973], [28.1753508936237, -15.7870763169278], [28.1870855987566, -15.8146049848386], [28.224166295682, -15.8384918108565], [28.2502517860064, -15.8314286426543], [28.252467148278, -15.8182034913214], [28.2756453642545, -15.7933817432494], [28.3007597344343, -15.8051317595836], [28.3408366191577, -15.7810911181749], [28.3804381486705, -15.7871249247009], [28.4282124850612, -15.8132408570273], [28.4309241620358, -15.8335494525994], [28.444511348693, -15.8475682363785], [28.4584283805529, -15.8350162516668], [28.4742573812737, -15.8479179128104], [28.4967166467822, -15.850276527335], [28.514041741303, -15.8711753553629], [28.536729829274, -15.8722110579872], [28.5563158063968, -15.893950728101], [28.5694473621521, -15.8954100533803], [28.5791118790514, -15.9085151181192], [28.5899728378232, -15.9069360998062]]]}}, {"type": "Feature", "id": "105001", "properties": {"name": "Chilanga", "province": "Lusaka"}, "geometry": {"type": "Polygon", "coordinates": [[[28.2247419639639, -15.3326054233237], [28.206073023914, -15.3772562561471], [28.2021497567765, -15.4098071506258], [28.2373090318693, -15.5148720486834], [28.224236124424, -15.5195582119691], [28.2257641569257, -15.5276930616835], [28.2365911063791, -15.5434164256472], [28.2473601782771, -15.5337393107135], [28.2527587557923, -15.5457812959736], [28.2683612957215, -15.5390307629153], [28.2864272820611, -15.5490960070742], [28.2942245536243, -15.5374193596558], [28.3093001588759, -15.5401005923646], [28.3100535139209, -15.5211959387286], [28.3494843177156, -15.5355482046266], [28.3424267441101, -15.5478889711856], [28.3393657410677, -15.5998825625754], [28.2720420482751, -15.5877096408107], [28.2411783156482, -15.6551954087508], [28.2163846655845, -15.6633851731496], [28.1910110550885, -15.6499787356663], [28.1634198778552, -15.667694085321], [28.1435220164455, -15.6629008907004], [28.1135287719902, -15.6213201496687], [28.1037015746845, -15.6233975310617], [28.116294009217, -15.6073035268543], [28.0847217861053, -15.5901005058435], [28.067051030643, -15.6092778580282], [28.0503192041971, -15.5801858490161], [27.9605096701365, -15.5838039449626], [27.9593450429982, -15.454771910847], [27.9330330820009, -15.3847222698028], [27.9115184255563, -15.4061053576923], [27.9023456078159, -15.3729322829923], [27.8619437871828, -15.377504344807], [27.8368389148906, -15.3928581836282], [27.8084659554251, -15.3913400377158], [27.7843415107221, -15.3580239627549], [27.7901349427204, -15.344959630377], [27.7828857261255, -15.3435270869418], [27.7754285378642, -15.3232698864185], [27.7829154352086, -15.3124958082538], [27.7775746966213, -15.3058350656311], [27.7967283729883, -15.2985489326385], [27.7978454648751, -15.2894472373131], [27.8050233785926, -15.293253032768], [27.8125578111886, -15.2808954111518], [27.816859805355, -15.2858018629636], [27.8218748381765, -15.2693625008352], [27.8359929839639, -15.2670466727283], [27.8545081989125, -15.2361359281226], [27.8860007001359, -15.257324495116], [27.9753677366639, -15.2953555947119], [28.0026924825671, -15.2624892154174], [28.0091898559817, -15.2701879388546], [28.1228718429349, -15.2880257787038], [28.1613521132763, -15.3093695789771], [28.1727844868071, -15.3086130690216], [28.1893507312882, -15.3236281326448], [28.2247419639639, -15.3326054233237]]]}}, {"type": "Feature", "id": "102001", "properties": {"name": "Chililabombwe", "province": "Copperbelt"}, "geometry": {"type": "Polygon", "coordinates": [[[28.062999723933, -12.3471093335846], [28.0762829278847, -12.363074929995], [28.0800080033144, -12.403153859376], [28.0647900680909, -12.4580584689586], [28.0833288054251, -12.4775979849158], [28.0805746327478, -12.4940092960824], [28.0644372754243, -12.4891490022925], [28.0608043177354, -12.4754673886015], [28.0146138540227, -12.4803827170357], [27.9977076259526, -12.4701465662867], [27.9878467391288, -12.4778997273573], [27.9750759854192, -12.4637122493896], [27.9509424596471, -12.4627804570168], [27.9428798769528, -12.4750523150895], [27.9214736435698, -12.4812568461627], [27.8999082224302, -12.4788224523405], [27.8797918781671, -12.4615786170937], [27.8481309158784, -12.465165643201], [27.8427187190052, -12.4425472570133], [27.8338544492086, -12.4579454946331], [27.8240570993265, -12.4506261306247], [27.8285358882291, -12.443169885867], [27.8132077189405, -12.4210015886471], [27.8201728307504, -12.4221972639541], [27.818377137125, -12.4145182729451], [27.7957846281036, -12.4369325489299], [27.7963926941262, -12.4481116741555], [27.7814151121402, -12.4529344471962], [27.7855305720362, -12.4368594033016], [27.7658421258855, -12.4335309747115], [27.7656503508437, -12.414802468827], [27.7569405194109, -12.4075083930378], [27.7610104347219, -12.4006199332494], [27.7398937499146, -12.3913223050822], [27.7230387572567, -12.3976647078005], [27.7355255148774, -12.4161603328862], [27.7334852306614, -12.4274287512018], [27.7208386600567, -12.4260553410493], [27.7070893751013, -12.4389359786455], [27.6902929831427, -12.4276680581764], [27.6906978439598, -12.4101565510144], [27.6698403186203, -12.4020402010417], [27.6566379001621, -12.4059436686676], [27.6591604476334, -12.4213569877754], [27.6693816720739, -12.4267958258407], [27.6549671253618, -12.4267958258407], [27.6498565090992, -12.4373372478745], [27.6320512641607, -12.4314507410086], [27.6302070624083, -12.4439354680323], [27.6194164219603, -12.43260895971], [27.6318589321634, -12.4245895876476], [27.620414678413, -12.4082715429576], [27.6096240388634, -12.4083179687192], [27.596848778306, -12.4234058078606], [27.5900155005522, -12.3905015890049], [27.5817086102367, -12.3881917532589], [27.5680777061678, -12.3992416316041], [27.5575366302822, -12.372103590634], [27.5678994462795, -12.3510923065693], [27.5554925893117, -12.3574539112362], [27.5402454642314, -12.3421881202841], [27.530655106852, -12.3575119553965], [27.5193059218082, -12.342942721589], [27.5014443255519, -12.3409923600778], [27.5192702712678, -12.3355126850947], [27.5132807532126, -12.3195489950432], [27.5351472447196, -12.3063825748109], [27.5169282151001, -12.2982476753444], [27.5209093418268, -12.2911647159471], [27.5327828348744, -12.2823014049617], [27.5581859370611, -12.2797918520522], [27.5728736560612, -12.266760719999], [27.5844064738171, -12.2725237771279], [27.6227701033088, -12.2640752559634], [27.6509229153426, -12.2848337456723], [27.6688288443565, -12.2801106718453], [27.6846487586181, -12.2859716008174], [27.7003634433291, -12.2789110467182], [27.7217255927878, -12.2865199869912], [27.7289866213304, -12.2796650969849], [27.7626972318737, -12.2932189430556], [27.7708810673683, -12.2720783009078], [27.8023295098203, -12.2632364516843], [27.8150777939697, -12.2511914089063], [27.8122828234054, -12.2216757876832], [27.8415998520474, -12.2360802945977], [27.9319638586407, -12.241169831571], [27.9296514738268, -12.2715281501356], [27.9422791088437, -12.2798195875875], [27.9610194892131, -12.3144953987621], [27.9458080101816, -12.3422523949511], [27.9558819702043, -12.3590957056149], [27.9657950653158, -12.3612759258839], [27.9908894767266, -12.338520203932], [28.0429181516578, -12.355324468678], [28.062999723933, -12.3471093335846]]]}}, {"type": "Feature", "id": "107001", "properties": {"name": "Chilubi", "province": "Northern"}, "geometry": {"type": "Polygon", "coordinates": [[[30.7273508693294, -11.0303616146162], [30.723204722085, -11.0636947123571], [30.7068761556583, -11.0831714292169], [30.6914032381331, -11.0859703718614], [30.6986762232521, -11.0900987607146], [30.6929006156256, -11.1162438874], [30.6809215813119, -11.1237767939269], [30.6743616339496, -11.1416171097774], [30.6579855331697, -11.1399380668721], [30.6642840330551, -11.145768032892], [30.6599820379903, -11.1620213606575], [30.6400169816991, -11.1731206682067], [30.6347880366523, -11.1903750556134], [30.6106914118754, -11.2088400341129], [30.626669184387, -11.2315506997704], [30.622102392926, -11.2677266138191], [30.6426141117968, -11.2758383073386], [30.6533809828224, -11.2952774721095], [30.625429902757, -11.3270206103201], [30.6118915386371, -11.3289713592776], [30.6113971301592, -11.3403361759887], [30.5988429476882, -11.3445618573463], [30.5960621013351, -11.3538598210587], [30.6074352651088, -11.3644332757712], [30.5943614970775, -11.3914610539188], [30.5492255423206, -11.4054775575601], [30.5409442818385, -11.4184030626017], [30.5483321498043, -11.4264975910927], [30.5426555715564, -11.4419307292378], [30.5218348708554, -11.4742864200498], [30.4709952778994, -11.506149310718], [30.3671632497645, -11.4406804681076], [30.1104064356943, -11.2301712532045], [29.996952272277, -11.2351129047462], [29.8158646392277, -11.4375891816381], [29.8146610117313, -11.3990981383838], [29.9058054746434, -11.0313000856395], [29.9044814881704, -11.0036543808121], [29.8728885112807, -10.8922774263007], [29.9468370295621, -10.8394606089557], [29.9841200216996, -10.8283756892781], [29.995873117143, -10.8046755142056], [29.9969628086169, -10.771033345409], [30.0210026508847, -10.7241840978254], [30.0701336508652, -10.6742765360861], [30.0919799536346, -10.6907739743136], [30.0974673251241, -10.7238515198976], [30.1103490270594, -10.7269870098797], [30.1166536687264, -10.7377315441477], [30.1229193890871, -10.7587224303509], [30.1173930998845, -10.7822733051328], [30.1299634628105, -10.8005851343779], [30.1320650094339, -10.8230624247511], [30.149227639144, -10.7789090069681], [30.1677913002358, -10.7700393129791], [30.1886121788033, -10.7423198386108], [30.2167858030056, -10.7384171750597], [30.2310379397042, -10.7277762850797], [30.2494078144262, -10.741619800582], [30.3113012703781, -10.7452665419458], [30.3287844540159, -10.7971630940138], [30.3553729802381, -10.7978311532656], [30.443803496133, -10.8234807981078], [30.4822347993083, -10.8115099512799], [30.5094490730928, -10.7899140953744], [30.5313155628032, -10.7932994918353], [30.5490226685935, -10.8078912964233], [30.5686609150894, -10.8523627276792], [30.5653928270178, -10.8745959642544], [30.5759101352777, -10.9236082669566], [30.5486771576706, -10.965914220623], [30.5595940141109, -10.9802517402451], [30.5520987929771, -10.9926634676856], [30.5666027391279, -11.018697514782], [30.5929300586217, -11.0245488576237], [30.6012639226503, -11.0180009700534], [30.6272379401327, -11.0317762873435], [30.7273508693294, -11.0303616146162]]]}}, {"type": "Feature", "id": "102002", "properties": {"name": "Chingola", "province": "Copperbelt"}, "geometry": {"type": "Polygon", "coordinates": [[[27.5190470282416, -12.2942992813185], [27.535432458924, -12.3056394781993], [27.5132807532126, -12.3195489950432], [27.5192702712678, -12.3355126850947], [27.5016344710498, -12.341596046334], [27.5193059218082, -12.342942721589], [27.530655106852, -12.3575119553965], [27.5402454642314, -12.3421881202841], [27.5554925893117, -12.3574539112362], [27.5678994462795, -12.3510923065693], [27.5575366302822, -12.372103590634], [27.5680777061678, -12.3992416316041], [27.5817086102367, -12.3881917532589], [27.5900155005522, -12.3905015890049], [27.596848778306, -12.4234058078606], [27.6096240388634, -12.4083179687192], [27.620414678413, -12.4082715429576], [27.6318589321634, -12.4245895876476], [27.6194164219603, -12.43260895971], [27.6302070624083, -12.4439354680323], [27.6320512641607, -12.4314507410086], [27.6498565090992, -12.4373372478745], [27.6549671253618, -12.4267958258407], [27.6693816720739, -12.4267958258407], [27.6591604476334, -12.4213569877754], [27.6566379001621, -12.4059436686676], [27.6698403186203, -12.4020402010417], [27.6906978439598, -12.4101565510144], [27.6902929831427, -12.4276680581764], [27.7070893751013, -12.4389359786455], [27.7208386600567, -12.4260553410493], [27.7334852306614, -12.4274287512018], [27.7355255148774, -12.4161603328862], [27.7230387572567, -12.3976647078005], [27.7398937499146, -12.3913223050822], [27.7610104347219, -12.4006199332494], [27.7569405194109, -12.4075083930378], [27.7656503508437, -12.414802468827], [27.7658421258855, -12.4335309747115], [27.7855305720362, -12.4368594033016], [27.7814151121402, -12.4529344471962], [27.7963926941262, -12.4481116741555], [27.7957846281036, -12.4369325489299], [27.818377137125, -12.4145182729451], [27.8201728307504, -12.4221972639541], [27.8132077189405, -12.4210015886471], [27.8285358882291, -12.443169885867], [27.8240570993265, -12.4506261306247], [27.8338544492086, -12.4579454946331], [27.8427187190052, -12.4425472570133], [27.8481309158784, -12.465165643201], [27.8797918781671, -12.4615786170937], [27.8999082224302, -12.4788224523405], [27.9214736435698, -12.4812568461627], [27.9428798769528, -12.4750523150895], [27.9509424596471, -12.4627804570168], [27.9750759854192, -12.4637122493896], [27.9878467391288, -12.4778997273573], [27.9977076259526, -12.4701465662867], [28.0146138540227, -12.4803827170357], [28.0608043177354, -12.4754673886015], [28.0644372754243, -12.4891490022925], [28.0798384211516, -12.4928986498704], [28.0869672482272, -12.5165316420269], [28.0947639107327, -12.5190687503492], [28.0684285108929, -12.550244964655], [28.049545662211, -12.6006319681966], [28.0299878005599, -12.6063242346629], [27.977855269602, -12.5983821954267], [27.9742245433283, -12.6044240790866], [27.9993896198125, -12.6398297873074], [27.950671016616, -12.6752078360484], [27.975911371921, -12.7617573528038], [27.9559314035961, -12.7506910233317], [27.9315231999595, -12.7611397230297], [27.9179661535767, -12.7520913900189], [27.9022310582441, -12.7586992849632], [27.8969817259319, -12.7395147472548], [27.8803598496835, -12.724378861103], [27.8465086510017, -12.7133899638177], [27.8352985494184, -12.7003535002894], [27.8032890740371, -12.7060838868716], [27.7782536990085, -12.6954186752198], [27.7868576864431, -12.7104201229981], [27.7829658863916, -12.7167317807844], [27.741850513267, -12.7361901938646], [27.7077852056288, -12.5734961980581], [27.699520619675, -12.5779530756141], [27.6055398466275, -12.5415765621082], [27.5824082621974, -12.5162091123348], [27.5571946326704, -12.5278603772709], [27.5457809387077, -12.5476940343753], [27.5291080588124, -12.5360946120122], [27.5102716090132, -12.543168651761], [27.4922481605973, -12.5289825019906], [27.4874918812052, -12.491198313119], [27.4566092399399, -12.4633908230639], [27.4310791501079, -12.4530802592058], [27.38149925659, -12.4045230457745], [27.2983727768149, -12.3681849743415], [27.3061187069648, -12.32793399338], [27.3337799429088, -12.3136572248018], [27.3563848208333, -12.3206468942459], [27.3625070739549, -12.2875677518865], [27.3930726269928, -12.2833874995872], [27.4287094797284, -12.2578654578041], [27.4407928542607, -12.2649842474109], [27.4497562809966, -12.2484544846703], [27.4620680683595, -12.249848095382], [27.4604043102999, -12.2656418267929], [27.4743798530275, -12.2558869883228], [27.4764714292496, -12.2605786471677], [27.4778975056615, -12.2679179052023], [27.4644448578877, -12.265827630046], [27.464159642785, -12.2730738441865], [27.4473794896718, -12.2696365604018], [27.472811168166, -12.2895628788281], [27.4650119589367, -12.3034674279223], [27.4803452072999, -12.2770712722032], [27.5036144010551, -12.2856613478732], [27.4851041286373, -12.3123824737898], [27.4998693219407, -12.3147273711692], [27.5190470282416, -12.2942992813185]]]}}, {"type": "Feature", "id": "106002", "properties": {"name": "Chinsali", "province": "Muchinga"}, "geometry": {"type": "Polygon", "coordinates": [[[32.3214324532053, -9.74407339707265], [32.3914676019869, -9.75696523781972], [32.4022333626948, -9.74826311700802], [32.415224784859, -9.75541981336058], [32.4324092391389, -9.75027073627378], [32.4630818632739, -9.77481447217444], [32.4771282067206, -9.77444497183818], [32.4806868881085, -9.78927937869516], [32.4976161022701, -9.79583066720491], [32.5015810692032, -9.81156932996763], [32.5612054436295, -9.89487053563334], [32.5596113831578, -9.90221501573205], [32.5352622895652, -9.90537898741746], [32.5304890832182, -9.92265942065689], [32.5087556187301, -9.91721367396709], [32.4807959274143, -9.93901759482886], [32.4957295997493, -10.0015437792701], [32.473725489934, -10.0159775377602], [32.4678263010739, -10.0496774552448], [32.4499183481557, -10.0564934307544], [32.4433336602922, -10.0883726671757], [32.492449933292, -10.1429913697082], [32.5221154642468, -10.1452305383253], [32.4960265091204, -10.2140592301515], [32.4962424973523, -10.2405267001021], [32.4678624834169, -10.2851531432503], [32.4567477559673, -10.3183998759619], [32.5017952473299, -10.3076092918914], [32.5325661489536, -10.3588577871], [32.5415109931395, -10.3625868211404], [32.5439698060396, -10.3520052793018], [32.5592708596814, -10.3552013316065], [32.5270305900356, -10.4249943133029], [32.5327392417324, -10.4320428077677], [32.5548706068909, -10.4296874976008], [32.5674147327223, -10.4481630528217], [32.5581953993182, -10.4548520247072], [32.5439172042898, -10.4478109688525], [32.5310980466578, -10.4617840326171], [32.5223798779608, -10.4596341218421], [32.4895328897654, -10.4863927348956], [32.4865311512772, -10.4981269320304], [32.386281078981, -10.5528274079533], [32.3855882901491, -10.5681935975748], [32.3538272779956, -10.5836077017496], [32.3480627780377, -10.5991333357967], [32.2962379398275, -10.6431762879545], [32.2878379400311, -10.6584762879484], [32.3010379393262, -10.7013762872667], [32.338007278394, -10.7174237270499], [32.3558553810564, -10.7772594087058], [32.3655090705617, -10.7915336049054], [32.3870842770496, -10.8011426398129], [32.405039450809, -10.832974492911], [32.3710840143166, -10.8375731756209], [32.3654525108347, -10.8291987711136], [32.3564294458455, -10.8369106310188], [32.3188066372056, -10.8421489666284], [32.3102309260413, -10.8528701830146], [32.268609610969, -10.8498215587953], [32.246996378795, -10.7990157846194], [32.1992172840283, -10.8084856681941], [32.1424965161285, -10.8325723708068], [32.0467453630821, -10.8162537112711], [32.0261913317647, -10.7876284680413], [32.0247463610875, -10.7309485231529], [32.0401977433004, -10.6815037121606], [32.0241485142996, -10.6276863990953], [31.9820724298096, -10.7140004948759], [31.9448284937257, -10.7292743925787], [31.8878697971415, -10.780144910675], [31.8411559497915, -10.7717295178289], [31.8129071437864, -10.7424224782635], [31.7927212699202, -10.7007628889092], [31.8146373044135, -10.6859018871882], [31.8013406032747, -10.6013608574068], [31.8371815092254, -10.5418492069858], [31.8400944618242, -10.518227191837], [31.8194544204116, -10.5144004480017], [31.8005835238145, -10.5225177311274], [31.7459923407549, -10.5256139566826], [31.7136587424394, -10.5115832650623], [31.6992704040757, -10.5208942915854], [31.7015292061796, -10.5046452334187], [31.710489716984, -10.4935444840153], [31.73739500804, -10.4856685517811], [31.7438123460543, -10.4715988845785], [31.7794642338928, -10.4743567784282], [31.7936299176268, -10.4629978429169], [31.807724297585, -10.4665271043739], [31.8248847389991, -10.4557288411106], [31.828331089654, -10.4403254738402], [31.8459668880754, -10.4207604645655], [31.8373866682666, -10.3930821729871], [31.8613240639645, -10.3374939866936], [31.8803809917754, -10.3213510781638], [31.8948807239292, -10.3245651699548], [31.9238602815702, -10.3037486618073], [31.9331291346043, -10.3088628547814], [31.9615968753155, -10.3030370482898], [31.9730302172301, -10.2693883202898], [31.9843675166644, -10.2684528313884], [31.978330464256, -10.2533910894166], [32.006352848097, -10.235521881883], [32.0020508539306, -10.2222830519947], [32.0100606444322, -10.1878735457634], [32.0003871003626, -10.1771358963574], [32.011534256994, -10.1631693927264], [32.0118670091449, -10.1362874207884], [31.9994601521771, -10.135913069609], [31.9895964599146, -10.1169375579867], [32.0067093669754, -10.1122110538149], [31.9998404377829, -10.0944509429856], [32.0132455458136, -10.0876414696339], [32.00649545475, -10.0833357506848], [32.0106310746376, -10.0752857705886], [32.0327352459958, -10.0765260432475], [32.0368708640868, -10.0435285167211], [32.0541026110731, -10.039737095959], [32.0695298519611, -10.0496434060576], [32.0862843797326, -10.0446050845928], [32.1016384600272, -10.0190005158706], [32.1231959679075, -10.0171046683823], [32.1202962807305, -9.98531830234416], [32.1438265293989, -9.97031349635257], [32.1288765041325, -9.94339206678026], [32.1428520441652, -9.92868968838405], [32.1545458633762, -9.92836192319994], [32.1534525382169, -9.91658548476526], [32.1767451052375, -9.89445962268643], [32.169091832716, -9.87713250978985], [32.1799537742447, -9.86785978728627], [32.1754378687512, -9.8563387686435], [32.1835902659059, -9.85357553903527], [32.1818789752896, -9.83732352822901], [32.1992057936775, -9.8344430440932], [32.2153917507561, -9.81530944070562], [32.2370443309362, -9.81317821325922], [32.2758691159689, -9.78020121521879], [32.2943339075822, -9.77846429385232], [32.2975825543144, -9.75513504557899], [32.3214324532053, -9.74407339707265]]]}}, {"type": "Feature", "id": "103011", "properties": {"name": "Chipangali", "province": "Eastern"}, "geometry": {"type": "Polygon", "coordinates": [[[32.9019450026204, -13.2254255279249], [32.9490344688284, -13.2790970488583], [32.9196026220184, -13.4108840216705], [32.8864139757744, -13.4590362772469], [32.8490314736596, -13.4621747108546], [32.8492969635552, -13.5172392423658], [32.7966971029354, -13.5511269362209], [32.7695734071793, -13.5569009721177], [32.7515134090094, -13.5832313184319], [32.7299279419643, -13.5846825981104], [32.6959740002685, -13.5708736412409], [32.682974710659, -13.606499739402], [32.6706280947142, -13.5997789589847], [32.6481391910895, -13.5448851638188], [32.6256515082753, -13.5421779251947], [32.6095988944224, -13.515919629391], [32.5735330081038, -13.4975352170808], [32.5724849247972, -13.4902822678703], [32.5522331289622, -13.48642177601], [32.5391996449814, -13.4941812936406], [32.5342879696216, -13.5222384540125], [32.504929577154, -13.510574704323], [32.4554831023204, -13.5089405917408], [32.4320360448339, -13.4928783561603], [32.3800318247395, -13.489816012747], [32.3594131488577, -13.4775200028614], [32.3483123354135, -13.4528825767724], [32.3524430522962, -13.4376397240689], [32.3417923352336, -13.4232485841438], [32.4003829607702, -13.4059670157605], [32.4296412746269, -13.3843948190567], [32.4306870618397, -13.3527613485686], [32.421203660573, -13.3354629308987], [32.427644768908, -13.301510031735], [32.4030568501123, -13.2521970092753], [32.3754860556528, -13.2501148506784], [32.3621165981625, -13.2375636839143], [32.3464891883747, -13.2462975136435], [32.3345458072963, -13.2357127647305], [32.3347240662863, -13.2240285222641], [32.322305323709, -13.2201529311942], [32.3383486741346, -13.2048234961789], [32.3366254988072, -13.1902451819845], [32.3693658156558, -13.1697067928007], [32.3671078615616, -13.1479515793547], [32.3874294394262, -13.1332541473299], [32.4057191673569, -13.1004047752981], [32.4280061207226, -13.0874252713159], [32.4379870557061, -13.0554397226513], [32.4564784733844, -13.0444747199405], [32.4941610765845, -13.0720244384249], [32.4994850930328, -13.0883923688273], [32.5106797840175, -13.0906611056028], [32.5183092889132, -13.0832760596071], [32.5393439027379, -13.0885312707863], [32.5631831314399, -13.0654723269815], [32.6015683312782, -13.0486166386054], [32.6055138047696, -13.0373171284115], [32.6366022518631, -13.047181074014], [32.6633174001161, -13.0274064733994], [32.8512709017977, -13.2131290760589], [32.9019450026204, -13.2254255279249]]]}}, {"type": "Feature", "id": "103002", "properties": {"name": "Chipata", "province": "Eastern"}, "geometry": {"type": "Polygon", "coordinates": [[[32.682974710659, -13.606499739402], [32.6830777806598, -13.6147862750917], [32.7294234822367, -13.6361062686946], [32.7530798382013, -13.6407234598632], [32.7740455629218, -13.6316616862736], [32.7888452533287, -13.6369128571547], [32.8043294923215, -13.6526848142511], [32.8051045704268, -13.6668958597777], [32.8469321485698, -13.7062728453558], [32.8451907077977, -13.7219712706635], [32.8112060589905, -13.7316466709178], [32.7982953738108, -13.751432627599], [32.785967007141, -13.7536576806195], [32.7804034872615, -13.7721978751412], [32.7937282508715, -13.7741470101261], [32.8078410930054, -13.7892040002579], [32.8262373153148, -13.9585388194029], [32.8458567016813, -13.9753000988506], [32.8086015150968, -13.9949803279024], [32.5862544964066, -13.9348040896133], [32.5568061798841, -13.9058804011964], [32.5335847747054, -13.9208241885732], [32.5231744252532, -13.9386334210406], [32.4966969568512, -13.9528429083198], [32.4665823508994, -13.9531295993899], [32.3781401506176, -13.9195442627487], [32.2908904351295, -13.9684151948747], [32.2972502665925, -13.9177209872518], [32.4645945920763, -13.748715155701], [32.4935415022449, -13.6987319288478], [32.505309438755, -13.6950795716136], [32.4775230279661, -13.6780989051589], [32.4866748700446, -13.6573566607905], [32.4823491082524, -13.6382324895953], [32.4915142588718, -13.6316518256191], [32.4989381771283, -13.6427877037602], [32.5115969100237, -13.6450719865875], [32.539567168222, -13.6293288377578], [32.5405295917764, -13.6164896297843], [32.5600798168492, -13.5894734441055], [32.5441998052951, -13.5619890053837], [32.5457702481596, -13.543905101905], [32.5662989847152, -13.5179295912409], [32.5725855900079, -13.4931426458529], [32.6046250798994, -13.5112430719497], [32.6256515082753, -13.5421779251947], [32.6481391910895, -13.5448851638188], [32.6706280947142, -13.5997789589847], [32.682974710659, -13.606499739402]]]}}, {"type": "Feature", "id": "104003", "properties": {"name": "Chipili", "province": "Luapula"}, "geometry": {"type": "Polygon", "coordinates": [[[29.5315397454068, -10.3163958720658], [29.4974217273226, -10.3329862719353], [29.4718762080274, -10.3674655147792], [29.4571769052517, -10.3709904096938], [29.4684548098761, -10.3867654420344], [29.4522569348485, -10.4301119999721], [29.4277640389453, -10.4445225026687], [29.4194408909198, -10.4655745040469], [29.4326273633833, -10.4837064166994], [29.447686751349, -10.48535174493], [29.4531771510593, -10.4986916722544], [29.4653692891146, -10.50348015435], [29.4314762280423, -10.5135990537091], [29.4094705812095, -10.5573634632364], [29.4108372529299, -10.5872677381435], [29.3969057797535, -10.6200259845822], [29.3637997551594, -10.5998240332262], [29.339202121084, -10.5995156509694], [29.3215305382733, -10.6524577798609], [29.293947373114, -10.6818624244285], [29.2714866837757, -10.6888691625747], [29.2629777677427, -10.7011072099396], [29.1994558036229, -10.7377260791748], [29.1879424272064, -10.7663995763741], [29.2013000008838, -10.7893046016281], [29.1914600807387, -10.8196785021754], [29.2026702209496, -10.8411832033092], [29.2017118937129, -10.8564216280923], [29.1394691619988, -10.8998658852982], [29.095379659208, -10.9092947436216], [29.0838759827999, -10.9277081650597], [29.0803652166509, -10.8822888196066], [29.0442948980446, -10.8601749867547], [29.0444445313198, -10.8400917711893], [29.0324353216973, -10.824520668209], [29.0406741852914, -10.7752149764332], [29.0782680636875, -10.7220718067164], [29.0659664174058, -10.7138524188192], [29.0585650702191, -10.6793804758645], [29.046215231119, -10.6779370541687], [29.0471992259184, -10.6679590309587], [29.0391418821988, -10.6711122326769], [29.0375874580925, -10.663011939665], [29.0098644926171, -10.6582049161423], [28.9941776323237, -10.6638387970943], [28.9806441478525, -10.6542807599009], [28.9645722453739, -10.6613301906647], [28.936943402679, -10.6425850697527], [28.9176438093671, -10.6526012977663], [28.9024132923397, -10.6937652807509], [28.8942038692325, -10.695576150364], [28.8866064422772, -10.712698296572], [28.8794285276613, -10.7082143560016], [28.8728448135716, -10.7187234892405], [28.8669503687145, -10.7033099699393], [28.8639080748845, -10.7135857366261], [28.8338891844262, -10.7094287639537], [28.8726336483944, -10.6380517369521], [28.8654862306841, -10.6222496748972], [28.871428211691, -10.588421605375], [28.8546718244069, -10.5771603286024], [28.8472800613461, -10.4833799743489], [28.8590939799207, -10.3951389758649], [28.8840723029456, -10.3274274838764], [28.8798187719905, -10.2854878226787], [28.9022125646878, -10.2415005691415], [28.9015303148908, -10.2083388982744], [28.8613536533903, -10.2043514828755], [28.8628272650538, -10.1765606129582], [28.8447854002762, -10.1361807678032], [28.8912456613064, -10.1359025907091], [28.9101079241953, -10.1045864788874], [28.9301680941088, -10.1080121199948], [28.944365501847, -10.0960473158742], [29.1006297838342, -10.1259403383908], [29.1336196652452, -10.1193421158769], [29.1721237041108, -10.1303390777199], [29.1697975508186, -10.1059284367879], [29.1799464752517, -10.0954220178526], [29.1772654469981, -10.0515510943839], [29.1873827121057, -10.0387018545652], [29.2109470419576, -10.0396573900656], [29.2140513914074, -10.0329052598117], [29.2572256609424, -10.065173788369], [29.2506799626571, -10.1030784003615], [29.2573159811543, -10.1224712546671], [29.2676788169145, -10.126533124204], [29.2677548745746, -10.1607293950347], [29.294537547391, -10.1912176751768], [29.3219567062306, -10.1828969933062], [29.3432527657356, -10.2024066102253], [29.4180459411325, -10.1789602871036], [29.4373693029685, -10.1823289872622], [29.4426600539036, -10.1909190126418], [29.4728263641882, -10.1788058868935], [29.4950922008565, -10.151948571839], [29.510817093124, -10.1621864338686], [29.5071035897918, -10.261089444128], [29.5325094785526, -10.3051486571143], [29.5315397454068, -10.3163958720658]]]}}, {"type": "Feature", "id": "105002", "properties": {"name": "Chirundu", "province": "Southern"}, "geometry": {"type": "Polygon", "coordinates": [[[28.9340988828402, -15.9418139122508], [28.8830290184392, -15.9774730863206], [28.8772656952743, -16.0205405347283], [28.848268904353, -16.0434415681116], [28.8615567525946, -16.117148166619], [28.8380732881863, -16.164093170996], [28.841033044808, -16.2378280153892], [28.8167659925537, -16.2384213323143], [28.7871749247494, -16.2536186888952], [28.7754098008644, -16.2474349212145], [28.7656887197465, -16.2520442415862], [28.7237858690709, -16.2332411835897], [28.7143262336333, -16.2404750961757], [28.6959298613053, -16.2374857188702], [28.6780088450863, -16.2450845797055], [28.6634628748482, -16.2689517692838], [28.6325051523915, -16.2833938865735], [28.6294390900374, -16.2935688956314], [28.591053890199, -16.3106097122643], [28.4814960803933, -16.1657708022368], [28.4593382167306, -16.1473338000724], [28.4226227676132, -16.1331010767438], [28.4143594599619, -16.1206802171982], [28.427242041348, -16.0973153618006], [28.4237111313771, -16.0864410791872], [28.4385338240452, -16.0752840247654], [28.4515363853189, -16.0814436685811], [28.4632257668525, -16.0611425210584], [28.4675843360172, -16.0685290047545], [28.4779750339242, -16.0671861417482], [28.4808617979375, -16.0579934847143], [28.5213857669914, -16.0443578679044], [28.531783885881, -16.0270048053534], [28.5255219618007, -15.98395082436], [28.53506147723, -15.9673727989794], [28.541793080965, -15.9706936955865], [28.5540484388567, -15.957695138942], [28.5605291826587, -15.9275006032006], [28.5750733463848, -15.9248095791053], [28.6039430292867, -15.9006456956021], [28.6215428591641, -15.9087965799088], [28.6399260918344, -15.896510816429], [28.6606764257026, -15.9080209608012], [28.6717644183911, -15.9052618646548], [28.697586086093, -15.9377463408466], [28.7219038051259, -15.9436267231354], [28.7343600586545, -15.9667197419957], [28.7493448388409, -15.9561557689485], [28.7785044161698, -15.9701531046738], [28.7898470471054, -15.9521315182738], [28.8045540403581, -15.9636839912336], [28.8230098506153, -15.9451996908492], [28.8617478619848, -15.9509299780156], [28.8865478694258, -15.939191888667], [28.9340988828402, -15.9418139122508]]]}}, {"type": "Feature", "id": "101002", "properties": {"name": "Chisamba", "province": "Central"}, "geometry": {"type": "Polygon", "coordinates": [[[28.8869053791459, -14.7946548127804], [28.968619395579, -14.8372095675924], [28.9818105949775, -14.8808010661422], [28.9914960228601, -14.8852688399171], [28.9837001445838, -14.9466712438313], [28.9971534741789, -14.9671710861715], [28.9925869270597, -14.9902946693536], [28.9667089799053, -14.990045083965], [28.9557999998934, -15.0040449993467], [28.8723067676322, -15.1664816511575], [28.5503846734452, -15.1806622085919], [28.5115414424064, -15.1373531510315], [28.4127929948375, -15.1218322876659], [28.38579263238, -15.1310559432339], [28.3702933834371, -15.1273608440688], [28.3670742688198, -15.1407565341476], [28.3449238090717, -15.1360878892135], [28.3316182038318, -15.108095628879], [28.3020419654163, -15.0923642772739], [28.1592889372919, -15.1042742099845], [28.1648462102869, -14.9978131910513], [28.1887676914312, -14.9495233761392], [28.1783773627317, -14.9088317961009], [28.1811938650151, -14.8909046708191], [28.2661704466774, -14.8019685833829], [28.2180458616489, -14.7833078720343], [28.1676651254451, -14.8027053899488], [28.1258996568208, -14.7981144942391], [28.1155509910859, -14.8355487092654], [28.0724204668104, -14.8399395517021], [28.0846680632581, -14.8676485331382], [28.0608265213943, -14.8802931409806], [28.0543351271663, -14.8641353613529], [28.0541207370372, -14.7944619113752], [28.0868135455837, -14.7110167200293], [28.1174718146405, -14.683017564751], [28.1199858236249, -14.696250152698], [28.2042193521219, -14.6445157673128], [28.3385556637007, -14.6836970669862], [28.4014247511366, -14.6891230297649], [28.4196342172917, -14.6831274027916], [28.4592584589098, -14.6924740382383], [28.4882873933486, -14.5684881162669], [28.4738698309921, -14.5521973711479], [28.5162580396192, -14.550871495344], [28.5484487249561, -14.5388645927112], [28.5882586699031, -14.5104108627191], [28.5506444401742, -14.4516923702165], [28.5406864319934, -14.4523661903595], [28.5481003484075, -14.4477193922179], [28.5326958366928, -14.4061560470773], [28.5661479363517, -14.3956266719392], [28.5824955533507, -14.3788978348576], [28.6123664912817, -14.3682900691019], [28.6309552944217, -14.3701201888347], [28.6331216625777, -14.3634105279893], [28.6409661451007, -14.3836948386537], [28.6441526158389, -14.3779428667902], [28.6679897712291, -14.3896293940194], [28.6755927749257, -14.3848223603635], [28.6790860724357, -14.3926795843329], [28.6716859415679, -14.3948794949582], [28.6836305039309, -14.4010162420216], [28.6899182581689, -14.418225067734], [28.7632282898789, -14.4751997166546], [28.7959171970421, -14.5335030029636], [28.8012084285758, -14.5733914019344], [28.833016754097, -14.5908614809061], [28.8401445732627, -14.6035503049865], [28.835909600603, -14.6109294554326], [28.8453979731466, -14.6196738968507], [28.8408614396393, -14.642664234231], [28.8231585729988, -14.6639893833198], [28.8237404225881, -14.707965009919], [28.8449206452355, -14.7396413461043], [28.840184611175, -14.7514661698759], [28.8573958047076, -14.7792195978922], [28.8695649827226, -14.7951222727105], [28.8869053791459, -14.7946548127804]]]}}, {"type": "Feature", "id": "101003", "properties": {"name": "Chitambo", "province": "Central"}, "geometry": {"type": "Polygon", "coordinates": [[[31.4365215854136, -13.4282453807598], [31.4262560866061, -13.4384911782276], [31.428865218196, -13.4544318243427], [31.4206261452945, -13.463763436049], [31.3855843141452, -13.4539984302997], [31.3625418318115, -13.4739670620394], [31.3261848060009, -13.4798232438464], [31.3059529177309, -13.5244630980492], [31.2820918258316, -13.5240139542706], [31.2667606166441, -13.5341563301289], [31.2168858529308, -13.6021636941923], [31.1964411968891, -13.5884758190436], [31.1449839358185, -13.6179803478811], [31.1246149763143, -13.6470806839646], [31.1283584249865, -13.6760077707721], [31.1444017727172, -13.6988120527616], [31.1207526868182, -13.7289449486397], [31.0727414772635, -13.7498971531848], [31.078624039206, -13.7714823129578], [31.0728008990229, -13.7773688268991], [31.0473361742043, -13.7633356873872], [31.0525588786548, -13.7527701489228], [31.0350762313113, -13.7436150422747], [31.0297599143233, -13.7481397668943], [31.0132279459601, -13.7350847966921], [31.007155837696, -13.7173775136604], [31.01589589115, -13.6881402243364], [30.9953588290083, -13.682099083009], [31.0529658981235, -13.5902940277044], [30.8946231086049, -13.5691540237126], [30.9236388036731, -13.3594120053832], [30.9058148791666, -13.3279092501735], [30.6655012808078, -13.4992761037693], [30.6757688996394, -13.4799478234257], [30.6685203046787, -13.4687172913911], [30.6830297907398, -13.4578517618102], [30.6731921882482, -13.4513215403274], [30.6711734034118, -13.4245091680102], [30.6603934430343, -13.4198899385964], [30.6688010919853, -13.3877375258399], [30.6610403782609, -13.38465613294], [30.6527079802829, -13.3582090090802], [30.6302481470391, -13.3470213759674], [30.6100867127385, -13.3475963124158], [30.5758358392138, -13.2976775538488], [30.5612130369677, -13.2989620642053], [30.5533683172894, -13.2727044108267], [30.5345639373459, -13.2605943609084], [30.5283500767266, -13.2422657723625], [30.5390185543808, -13.1857993552829], [30.5168773293137, -13.1651514568475], [30.5445066597938, -13.1124366727634], [30.5334666362432, -13.0895923668572], [30.5351177801596, -13.0724447698722], [30.5040040751353, -13.065891531136], [30.4695154400127, -13.0244969072069], [30.4469867643771, -13.0304614671503], [30.4347988403188, -13.0222357127605], [30.4481806640172, -13.0040750264364], [30.436954399047, -12.9954815352769], [30.419986898688, -12.9915155179094], [30.3949732682792, -13.0060569750847], [30.3758155252388, -12.9929485077497], [30.3498845541265, -12.9570323013448], [30.3214795427716, -12.9438332592391], [30.3010804438913, -12.9447136986471], [30.282534244252, -12.9267187965948], [30.2715730829019, -12.8853374799367], [30.2560751302279, -12.8616418180971], [30.2699504353429, -12.8314863418982], [30.258658120843, -12.7971615229285], [30.2438224708753, -12.7861817615874], [30.2223637642016, -12.7925759151226], [30.2137869049903, -12.7810792387437], [30.2207079993513, -12.7681932934004], [30.2148465954287, -12.7377359369577], [30.2249136411187, -12.7101822797192], [30.2384246811826, -12.6992956601847], [30.2472002297683, -12.6534504602867], [30.2161049743433, -12.6278911686331], [30.2260395598514, -12.5933772294006], [30.2362225115692, -12.5844733021648], [30.2378451609248, -12.5484666069153], [30.2136047715665, -12.539674260594], [30.1989662766507, -12.5219063058358], [30.2047307182182, -12.5073273699673], [30.1963168735866, -12.4952146646464], [30.1997632224449, -12.4853987820118], [30.1705049058932, -12.4671119316369], [30.1699107089604, -12.451028650345], [30.1543664858628, -12.4432303373114], [30.143158713611, -12.4507951069662], [30.1485504971677, -12.476835362359], [30.1288735943684, -12.4906012192884], [30.1278820007201, -12.5078755774246], [30.1123883770276, -12.5120805451399], [30.1316934320964, -12.5259957729727], [30.1273862052435, -12.5309264237271], [30.1179970695894, -12.523969037061], [30.1095065618332, -12.5312289159134], [30.1170054750428, -12.545475829902], [30.1030612152466, -12.5582096690085], [30.1097544591224, -12.5676764596288], [30.1045795899607, -12.5760238871602], [30.0627468051823, -12.5893308141523], [30.0623129817821, -12.6055401362281], [30.0460756653237, -12.6049655721917], [30.0141587990617, -12.6438517582024], [30.0315736316861, -12.6577598443003], [30.0250353220441, -12.6673741200951], [30.0143068665733, -12.6677164051059], [30.0169446157932, -12.683395707017], [30.0244885301071, -12.6891022333704], [30.0344990924269, -12.6811310866808], [30.041055731294, -12.6853621242481], [30.0351079256107, -12.6990147711451], [30.0572930477524, -12.712084812909], [30.0403292268928, -12.7125224907957], [30.0698428832758, -12.7411017388923], [30.0524777265883, -12.7648580206188], [30.0596673184045, -12.7853925599834], [30.0474871486037, -12.7868479283337], [30.0728932403838, -12.7982545706137], [30.0720251543073, -12.8069862736009], [30.0242119747637, -12.8265013656323], [29.9883129343394, -12.8302097869679], [29.9685980076508, -12.8435526241839], [29.9552504995962, -12.8725469071094], [29.9124288286917, -12.9040220033712], [29.9025293583281, -12.9380313292095], [29.8723554959069, -12.9774872966764], [29.8467105762288, -12.9939521049746], [29.8147695443873, -12.9906264479589], [29.8147036610461, -12.1496930669311], [29.8416043626093, -12.1320411762977], [29.8442188355819, -12.0884680789755], [29.8553303407746, -12.055696430356], [29.9215121670433, -12.0173675143534], [30.0007544303445, -12.0028842159609], [30.0207130088843, -12.0506710748607], [30.0429696432108, -12.0528184488606], [30.0527920318348, -12.0653169906664], [30.0515162390784, -12.1162290169898], [30.0829849726761, -12.1330763710159], [30.1054218943885, -12.1747138169023], [30.12077099083, -12.1814840918858], [30.1259723171734, -12.1702450672327], [30.1356905847678, -12.177737804362], [30.1328161680981, -12.1962011436093], [30.1599178120106, -12.1986093116346], [30.1702266778868, -12.2123627976527], [30.1759324199404, -12.2074390711918], [30.2209649525569, -12.2158672002417], [30.2072772516059, -12.2220209039643], [30.2300591847779, -12.2263723676674], [30.2305939626463, -12.2329925032121], [30.2621077674167, -12.2438286331163], [30.2668400501127, -12.2536067723289], [30.3007614916598, -12.250265963577], [30.3030564240043, -12.2571778132743], [30.3112517121205, -12.2453232171247], [30.3316076469515, -12.2744226457487], [30.3511567661982, -12.2829865788769], [30.3862144553071, -12.2692841513001], [30.4066143186538, -12.2777600383976], [30.4491224667443, -12.2754709819576], [30.4666985909797, -12.2973559420811], [30.4845542448803, -12.3022906949792], [30.5057076977322, -12.331287744751], [30.5066881253215, -12.3938860437292], [30.4983012687761, -12.4083932621854], [30.4656862857742, -12.4283755857096], [30.4428637119204, -12.479373393607], [30.4790545853361, -12.4882760259719], [30.5043888199782, -12.517446342597], [30.56999971029, -12.5384366520623], [30.5549012096768, -12.5855628207196], [30.6016835562622, -12.6413913150185], [30.6373331318371, -12.6374471371422], [30.6500757907362, -12.6283157994198], [30.6622950543199, -12.598722986904], [30.6773602876231, -12.600157823929], [30.7002581411961, -12.6179014163467], [30.7048570276656, -12.6467367147528], [30.7774216050135, -12.6835362947243], [30.7767310017827, -12.6944110131884], [30.7390973917998, -12.7124777559623], [30.7330533217524, -12.7565972693856], [30.7398993448034, -12.7755279218773], [30.760880746024, -12.7931451137619], [30.7596210456875, -12.8334946211002], [30.7713386334227, -12.8506892843211], [30.7438747968725, -12.8800993956749], [30.753560224755, -12.9062220863547], [30.799907678945, -12.9142726543659], [30.8468493327629, -12.9479779692334], [30.888205520859, -12.9286935279794], [30.9286109958387, -12.9607176239552], [30.9489689222345, -12.9574748644351], [30.963806862008, -12.9386546868649], [30.9943403972926, -12.9613471526513], [31.0450144091822, -12.9695770896057], [31.0551157777025, -12.9885688682407], [31.0706837693242, -12.9950535349464], [31.0761503933238, -13.0250429058969], [31.1016414908826, -13.0424674974101], [31.1070566072805, -13.0362211380851], [31.1707830827561, -13.0295004756609], [31.1800525726958, -13.010974984421], [31.1741105925872, -13.0023485800209], [31.1871235320974, -12.9993958478437], [31.2134465091351, -12.9607176230798], [31.2316883918955, -12.9604280937442], [31.2461274060209, -12.9471672433812], [31.2589257371114, -12.9657553986935], [31.2677578858483, -12.9571827382687], [31.2968949972103, -12.9753674186736], [31.3098848661874, -12.9652921581695], [31.3282686576098, -12.9685927210823], [31.3557800321066, -12.9997432323947], [31.3373598921528, -13.0708304828155], [31.3639305571722, -13.1025216591187], [31.3685545048415, -13.1230843519299], [31.3597611597316, -13.1550319480314], [31.365762559803, -13.1559577132411], [31.365227782833, -13.1777700719651], [31.3777653617426, -13.1803156823957], [31.3841827015535, -13.1996672600144], [31.3636234474311, -13.255890936433], [31.3930956744114, -13.2775208667325], [31.397373900952, -13.3030810277794], [31.4361156196688, -13.3308356180759], [31.422508481429, -13.4011329683641], [31.4365215854136, -13.4282453807598]]]}}, {"type": "Feature", "id": "109002", "properties": {"name": "Choma", "province": "Southern"}, "geometry": {"type": "Polygon", "coordinates": [[[26.9983379395911, -16.2507762874118], [27.0359379391076, -16.3395762850282], [27.0523091970698, -16.346631787277], [27.1040834996553, -16.3458797328047], [27.0997032667192, -16.3748798760694], [27.0908378309095, -16.3819717416095], [27.096756045189, -16.4021285619107], [27.0898395789484, -16.4111118126245], [27.1136312723987, -16.4463795951852], [27.1164293008282, -16.4761196738853], [27.1342808799707, -16.5162438787943], [27.1454743016359, -16.5288869853236], [27.1531295729089, -16.5237681682541], [27.1564104035828, -16.5401109019585], [27.1686331050191, -16.5364724506915], [27.1817564277148, -16.5691543775931], [27.1857448882875, -16.60935171079], [27.1943651118724, -16.6230366126789], [27.1795048768119, -16.6582923141056], [27.1928855201241, -16.6611889124148], [27.1973886219298, -16.6713574653506], [27.1912129397101, -16.6857157772468], [27.1958447009257, -16.7201589998507], [27.2451652651942, -16.7473037360989], [27.2539775117559, -16.7713109382885], [27.3555352759843, -16.8795294676756], [27.3383721027934, -16.8867895240918], [27.3361735650688, -16.8660125483816], [27.3176017975798, -16.8787352879931], [27.3012576013655, -16.862113668738], [27.2821044172753, -16.9013620519725], [27.2623237590607, -16.9159327851165], [27.2315887208781, -16.9664598043127], [27.2445596722336, -16.9744199671376], [27.2709141882226, -16.9747809883596], [27.2766905216878, -16.9830844626334], [27.2546336008153, -17.0584695767221], [27.2724677993537, -17.0816060721697], [27.1825568526841, -17.1850789441284], [27.108400777758, -17.3183201517774], [27.0719036237462, -17.4248489861661], [27.0673877200494, -17.4731450866188], [27.0732106051109, -17.527410722693], [27.0639393832194, -17.5380747669411], [27.0366422964437, -17.5120320654026], [27.0151442103229, -17.4747987360742], [26.9993385379518, -17.4694142906047], [26.992327001208, -17.4496321708096], [26.9638649109, -17.4516728317918], [26.9614286960191, -17.4441902950759], [26.9398593052243, -17.4444170420342], [26.9269057856768, -17.4337028857862], [26.9258956508011, -17.4157311697497], [26.9504954516131, -17.4060359138278], [26.9532287618163, -17.3883449981181], [26.9613098569919, -17.3848859980249], [26.9664199612148, -17.3705389533144], [26.9570316322479, -17.3516535784246], [26.9737285977725, -17.3470595451357], [26.963389552096, -17.3392324078794], [26.9794923206878, -17.3195496523801], [26.9813343359408, -17.3029850097617], [26.9914357026645, -17.3018503910823], [26.9835922891367, -17.2920356417732], [27.003739336918, -17.2539027479078], [26.9967834858403, -17.2255879583965], [26.9834140292484, -17.2216150933537], [26.9753329331744, -17.2052686903856], [26.9812749150797, -17.1897723312556], [26.9681431356439, -17.1818249760063], [26.9766995914201, -17.1673485654076], [26.9677866167656, -17.1579240952682], [26.9735503378842, -17.1432754761902], [26.9597055233866, -17.1310674127456], [26.9550945455934, -17.0950404342842], [26.9376013520284, -17.084090122166], [26.8684006950266, -17.0022529382529], [26.8525806711705, -17.0345045266763], [26.8362040610458, -17.033478916742], [26.815026840568, -17.024297661915], [26.7550461152484, -16.9740180472942], [26.8023823046475, -16.8691711476912], [26.6911817654446, -16.8365525520216], [26.692153625801, -16.8271607673151], [26.7075314728231, -16.8212911138402], [26.7144404569958, -16.7840613536867], [26.7532600901904, -16.7462870517387], [26.7730037414085, -16.7373057630749], [26.8078614996712, -16.7581866648438], [26.8364543164126, -16.7391596038678], [26.8275617029723, -16.650870696725], [26.77565260728, -16.6310019600186], [26.7663236937843, -16.6083066641812], [26.7679993329619, -16.5862123296423], [26.7496029579389, -16.5868615296973], [26.7423418584293, -16.577259983404], [26.7282712460969, -16.5758248377309], [26.7100650138768, -16.5525648477514], [26.7065354783283, -16.5178291072284], [26.7159238090919, -16.504156392867], [26.7036833273012, -16.4909954900966], [26.7099818280849, -16.4764433881778], [26.6994288683864, -16.4719077405963], [26.7119545670764, -16.4598957410782], [26.6911576313062, -16.4386050938059], [26.6971471475647, -16.4348208587945], [26.6951506427441, -16.4112931152539], [26.7036357920496, -16.4100847352138], [26.7045389726093, -16.3975216821109], [26.7178727777626, -16.3878537374283], [26.7233024477664, -16.2430351512559], [26.7629185578346, -16.2112967049172], [26.7945824603092, -16.2058135157407], [26.8241259910653, -16.1841071580197], [26.9374684741299, -16.1818631123001], [26.9983379395911, -16.2507762874118]]]}}, {"type": "Feature", "id": "105003", "properties": {"name": "Chongwe", "province": "Lusaka"}, "geometry": {"type": "Polygon", "coordinates": [[[28.8070797498992, -15.1700595054073], [28.8129821825758, -15.1858926402524], [28.8014010076098, -15.2109247153495], [28.8019281381202, -15.2518798253743], [28.8134182921883, -15.2766447721754], [28.7893534516028, -15.3116169846464], [28.7934265038309, -15.3400268729966], [28.8073870222354, -15.3519144109213], [28.8302643187614, -15.4039239049554], [28.8386076968471, -15.4081827776588], [28.8460916090898, -15.4006195642803], [28.8687800069796, -15.4124061008792], [28.8871188161625, -15.4313311617435], [28.9224438771377, -15.4478572143708], [28.9370803140131, -15.4741611559925], [28.9557321222922, -15.4752343603393], [28.9554191222977, -15.4953462640323], [28.9468375020155, -15.4977252043333], [28.843849098832, -15.6573168441188], [28.7760149716168, -15.6132234551649], [28.7254171287785, -15.6523577158168], [28.7164705167081, -15.6270822942694], [28.6669950622234, -15.5963720880257], [28.547785709886, -15.5501228483589], [28.5152844005985, -15.5582687481965], [28.4390989739534, -15.5375877037316], [28.4366524958204, -15.4912569938695], [28.4779940386824, -15.4901134188603], [28.489509996857, -15.4662332425841], [28.4255576391049, -15.4468619736566], [28.4035498605699, -15.3655558308465], [28.3440781817757, -15.349260044814], [28.3328863177892, -15.3212929175895], [28.3089125277459, -15.3178176553459], [28.3092453239143, -15.3039685946668], [28.2832124308481, -15.3072872792175], [28.2947754840999, -15.2596668492126], [28.3146769756016, -15.2613273598502], [28.318013011343, -15.2455904348214], [28.331923339076, -15.248306410661], [28.335041895382, -15.2337748673604], [28.3128135139695, -15.228773996296], [28.3161292172428, -15.2155144715969], [28.3373638517453, -15.2195236753614], [28.3402277419565, -15.2050138190303], [28.3251806968428, -15.2016819239906], [28.3282978787264, -15.1880230347946], [28.3430958587411, -15.1912213799538], [28.3461292547582, -15.176808912823], [28.3307120606283, -15.1730839043555], [28.3332559116465, -15.1613912890997], [28.3563803445887, -15.1663322580685], [28.3631341977966, -15.1597267436786], [28.3416318258135, -15.1506032625997], [28.3449238090717, -15.1360878892135], [28.3670742688198, -15.1407565341476], [28.3702933834371, -15.1273608440688], [28.38579263238, -15.1310559432339], [28.4127929948375, -15.1218322876659], [28.5115414424064, -15.1373531510315], [28.5503846734452, -15.1806622085919], [28.8070797498992, -15.1700595054073]]]}}, {"type": "Feature", "id": "109003", "properties": {"name": "Gwembe", "province": "Southern"}, "geometry": {"type": "Polygon", "coordinates": [[[28.3971915418698, -16.6653398682365], [28.2534760686315, -16.7247297409347], [28.1365568875676, -16.823720876714], [27.830188332906, -16.9621533716179], [27.81195709608, -16.9883241535844], [27.6565081088749, -16.962819857832], [27.6415066568552, -16.9667512598692], [27.6347565657917, -16.9592945541037], [27.6240847688625, -16.9637731585784], [27.5802091791954, -16.9278048950678], [27.5528998322128, -16.929123702725], [27.5455317747939, -16.9186866904019], [27.5248536807459, -16.922893398375], [27.5262322201096, -16.9326935281035], [27.5076219346579, -16.9280322766835], [27.4784349227802, -16.9447667678129], [27.4686425378867, -16.9316475983612], [27.4158777438857, -16.9434253329948], [27.4083433103914, -16.9384005586594], [27.4528403393008, -16.8920039490306], [27.5627928841137, -16.7488991383963], [27.6696649135779, -16.5699714091263], [27.5827511751925, -16.4975007332398], [27.6074341276604, -16.4755047609936], [27.6510287835955, -16.4752264400548], [27.7654894859325, -16.4524687754244], [28.1064074871699, -16.3345031207102], [28.1193095377431, -16.4573071491066], [28.1229059780174, -16.4472724785739], [28.1277736583862, -16.4560986589734], [28.1502383021083, -16.4556874820039], [28.1718671137642, -16.4764976253525], [28.1928066543908, -16.4794377602244], [28.187791623366, -16.4830387961814], [28.200531230688, -16.4930666432543], [28.2074476969287, -16.4894885839261], [28.2184760163295, -16.4980347946188], [28.2327605381923, -16.4849532427157], [28.2405845894325, -16.5044843650603], [28.27084150739, -16.5095430907874], [28.2820362001713, -16.5185669421616], [28.2775202955762, -16.5242863839245], [28.2945500132518, -16.5351380530742], [28.3037600859236, -16.5598866836761], [28.3572379158848, -16.6126769301955], [28.3971915418698, -16.6653398682365]]]}}, {"type": "Feature", "id": "108002", "properties": {"name": "Ikelenge", "province": "North-Western"}, "geometry": {"type": "Polygon", "coordinates": [[[24.5894031996902, -11.4285657086927], [24.6055067138836, -11.4354091721479], [24.6147897881471, -11.4635593479268], [24.6280693072094, -11.4670319278361], [24.6252565949182, -11.4834485882758], [24.6526473337572, -11.5506461958918], [24.6456255193882, -11.5589558540198], [24.6376221590274, -11.556218872273], [24.6322110832516, -11.5671419800916], [24.6261456449785, -11.5642078216612], [24.6284359132701, -11.5736512587653], [24.6083771815593, -11.5776455149682], [24.6102395966542, -11.5899731043468], [24.5993922770033, -11.5815904027877], [24.5852983120668, -11.6002785501307], [24.5636791761648, -11.5945095196386], [24.5641573637636, -11.6044449995652], [24.5567076961978, -11.6079457542997], [24.5419341988679, -11.6038779719755], [24.5384052957333, -11.6194761318712], [24.5210329031162, -11.612858572656], [24.5155770993241, -11.5738238357141], [24.522733644816, -11.5464791017342], [24.5082328086328, -11.52277923013], [24.500817217759, -11.5264821368164], [24.50298010135, -11.5190995617988], [24.4823733092811, -11.5178885204007], [24.4794260850559, -11.5321644980566], [24.4616476781848, -11.5256670384056], [24.4465312759447, -11.5348193286641], [24.3619174654352, -11.5181679909399], [24.3104698558639, -11.5308282591694], [24.2979772645837, -11.5197508229147], [24.2468736648506, -11.504944978412], [24.1978532025657, -11.4180630031089], [24.1747242322331, -11.4071275674008], [24.1503056692247, -11.3800955523805], [24.1314183828653, -11.3699380455926], [24.1030874537752, -11.369805783315], [24.0801649513292, -11.3817361227823], [24.0570343784021, -11.3067078576602], [24.0319784382417, -11.272715923674], [24.0347407676219, -11.1353501607359], [24.0053715181158, -11.1293604408421], [24.0009144298156, -11.1172361235893], [24.02171646083, -11.0979625265632], [24.0141954293015, -11.0837305357987], [24.0090364064214, -11.0193613712899], [24.0238812650192, -10.9832425748194], [24.0158756633618, -10.9620543386195], [24.0185285420077, -10.941329798083], [23.9816946428335, -10.9116575556556], [23.9992467488131, -10.890237301656], [24.01516121525, -10.8959269923933], [24.0634101010626, -10.8881081776793], [24.0977785227355, -10.9073164208758], [24.1159847531589, -10.9063128637129], [24.1325034623885, -10.9247731419842], [24.1195499419428, -10.9495095165656], [24.137779939992, -10.9668704186134], [24.1435317790943, -10.9840203079957], [24.1356645961441, -10.9966662552553], [24.1497827419315, -11.0417392743682], [24.163288857431, -11.0433415378411], [24.1729957882865, -11.0255232020464], [24.1861674286664, -11.0205765942207], [24.2313232622421, -11.0362593012414], [24.2448098798084, -11.050704636836], [24.3018774593915, -11.041402370645], [24.3793038178718, -11.0851850820592], [24.3911582989748, -11.1011453130276], [24.3875504132655, -11.1586286291706], [24.3771276329264, -11.1736297371666], [24.4016097113169, -11.1993601637379], [24.394479843094, -11.2257062036171], [24.4099135734116, -11.2379796028158], [24.3976009524121, -11.2507860743118], [24.4016383451166, -11.2646310207846], [24.3928763377354, -11.2702474446047], [24.3849160839319, -11.3051229721616], [24.3636982829594, -11.3286798033044], [24.3581432880921, -11.3531330541134], [24.3438835489512, -11.3553227961142], [24.3365246103308, -11.369331125736], [24.2856706101943, -11.3790719837662], [24.2795715668447, -11.3870160118462], [24.2859569499877, -11.3949036775648], [24.3108399042688, -11.409471425018], [24.3441046270376, -11.4139655753989], [24.3659733310952, -11.4015780761037], [24.4036920259085, -11.4249459092094], [24.4199275574144, -11.4270663421068], [24.4229904603936, -11.4396626630967], [24.4370841001401, -11.4430005938075], [24.4411751096907, -11.4671626815936], [24.4799647508329, -11.4587240298198], [24.496371632386, -11.4661970767105], [24.5274933045686, -11.4650005641825], [24.5483339002582, -11.4435044299002], [24.5818759060057, -11.4539588094401], [24.5913216463025, -11.4436723762391], [24.5894031996902, -11.4285657086927]]]}}, {"type": "Feature", "id": "106003", "properties": {"name": "Isoka", "province": "Muchinga"}, "geometry": {"type": "Polygon", "coordinates": [[[33.3740156348657, -9.90504113024016], [33.3221724413793, -9.86280972982686], [33.3057725720753, -9.85488001932784], [33.2937935377616, -9.85841483312735], [33.2843339041206, -9.84955416337998], [33.2622891536236, -9.85393739621094], [33.2448787209474, -9.87583001239368], [33.1996363302024, -9.86591072667125], [33.1867853793958, -9.87548095076474], [33.1899834473843, -9.88377103564723], [33.1815367441763, -9.88078613993348], [33.1808238052342, -9.88884330101395], [33.1726850948112, -9.88718456702265], [33.141930910835, -9.91601369318294], [33.1074172576317, -9.91710202088942], [33.0887024810445, -9.99198332625712], [33.0988031803199, -9.99155113206243], [33.1042626698996, -10.0009954129646], [33.0901813541405, -10.0004688784209], [33.0751027009052, -10.0198595981368], [33.0710353673523, -10.0422398013134], [33.091491699696, -10.0784912098997], [33.077087404558, -10.1138916008647], [33.0615234373888, -10.1290893550054], [33.0607299797528, -10.1578979504026], [33.0427246108303, -10.1929931641884], [33.0494995115654, -10.2050781242426], [33.0379028343725, -10.2169799791283], [33.0427246090337, -10.2241821277283], [33.0230521870311, -10.2453475337476], [33.0224135288815, -10.2605774063179], [33.0104709931178, -10.2607518678022], [32.996599147415, -10.2733173118094], [33.0021446839208, -10.3013482806381], [32.9923643669948, -10.3070689156082], [32.9993364730875, -10.3165808154116], [32.987725659107, -10.3200585795788], [32.9892307881622, -10.3357586480023], [32.9752590749526, -10.3346046088262], [32.9758193658734, -10.3481644838052], [32.9582160658041, -10.3548842771838], [32.9350157782211, -10.3797686675607], [32.9180357140245, -10.3580379588206], [32.8072343987103, -10.3178916439197], [32.6206321752185, -10.4120377670753], [32.6085065259689, -10.425591426773], [32.6099893148213, -10.4407450585945], [32.6007298428936, -10.4343807480748], [32.5662780063584, -10.4470457577867], [32.5548706068909, -10.4296874976008], [32.5327392417324, -10.4320428077677], [32.5270305900356, -10.4249943133029], [32.5592708596814, -10.3552013316065], [32.5439698060396, -10.3520052793018], [32.5415109931395, -10.3625868211404], [32.5325661489536, -10.3588577871], [32.5017952473299, -10.3076092918914], [32.4567477559673, -10.3183998759619], [32.4678624834169, -10.2851531432503], [32.4962424973523, -10.2405267001021], [32.4960265091204, -10.2140592301515], [32.5221154642468, -10.1452305383253], [32.492449933292, -10.1429913697082], [32.4433336602922, -10.0883726671757], [32.4499183481557, -10.0564934307544], [32.4678263010739, -10.0496774552448], [32.473725489934, -10.0159775377602], [32.4957295997493, -10.0015437792701], [32.4807959274143, -9.93901759482886], [32.5087556187301, -9.91721367396709], [32.5304890832182, -9.92265942065689], [32.5352622895652, -9.90537898741746], [32.5600853567596, -9.90182596541833], [32.5214699187139, -9.83366660711401], [32.5462493412602, -9.80983598778902], [32.5743471647205, -9.81521048000723], [32.5752192572832, -9.80184657523435], [32.5868349113864, -9.79161948094172], [32.6267554614027, -9.77627803065742], [32.6377493079544, -9.76054863108825], [32.6573874574323, -9.75232323873676], [32.6729818173025, -9.69559647867668], [32.6858325812595, -9.69742183370005], [32.7353507883652, -9.67307240617634], [32.7554405703437, -9.6890883773168], [32.7712970307661, -9.68762176523928], [32.7742061475586, -9.70970483669094], [32.7844684178211, -9.7201764285679], [32.8425991742042, -9.68871933470631], [32.8615066232502, -9.69452496325475], [32.8992955627254, -9.66769865840459], [32.8927642662308, -9.84587157482337], [32.9141368370452, -9.87447989113423], [32.952563904664, -9.87159941463402], [32.9736278889069, -9.85856836901941], [33.0095300437903, -9.86045447289819], [33.0254058539239, -9.846462739785], [33.0567145418739, -9.85039587868471], [33.0438897778561, -9.81586388792104], [33.0511003534191, -9.77734245306164], [33.0421746738915, -9.75024855232486], [33.0497321042571, -9.73604089395548], [33.0444097020813, -9.71517298942943], [33.0613849162737, -9.62790603160222], [33.0772340419517, -9.63139890067819], [33.0670900753206, -9.63907701725451], [33.0874156632646, -9.66410693682657], [33.0842555005879, -9.67527523718858], [33.1007386185659, -9.68421705940199], [33.1012772843429, -9.67103774598624], [33.1136452730049, -9.65771878010124], [33.110066151351, -9.645217786873], [33.1198698361525, -9.63932839432598], [33.1105329932278, -9.62607725900559], [33.1205162323899, -9.59964681377846], [33.1531592679815, -9.61070738127898], [33.1567144513297, -9.61832049809043], [33.1720843302953, -9.60068823072615], [33.1956778113765, -9.59953908166322], [33.2228623868577, -9.62521539671602], [33.2194149375632, -9.63825106611681], [33.2344799139483, -9.66429156335465], [33.216292240922, -9.68258266195454], [33.2371190268108, -9.73420507541172], [33.2296495540879, -9.73926851794828], [33.2315169233915, -9.74932357675592], [33.2900713477206, -9.77921196960567], [33.3067772200413, -9.82402301343918], [33.3507365892868, -9.83889451362915], [33.3740156348657, -9.90504113024016]]]}}, {"type": "Feature", "id": "101004", "properties": {"name": "Itezhi-Tezhi", "province": "Southern"}, "geometry": {"type": "Polygon", "coordinates": [[[27.2749585087346, -15.7240492028515], [27.267600059696, -15.7194394000311], [27.2639895886354, -15.7316358612279], [27.2558830576625, -15.722062357882], [27.2458691095923, -15.7290785978561], [27.2411499045703, -15.7208862292519], [27.2123259791541, -15.7395553219616], [27.2018608719954, -15.7350681201907], [27.2056691098608, -15.7257285486942], [27.1953419462006, -15.7141746812019], [27.2016587851924, -15.7088175318265], [27.1915034270252, -15.7077110935943], [27.1965897618258, -15.6998286708742], [27.1888533044106, -15.7012816220486], [27.1925611007458, -15.6944629587739], [27.1773377441896, -15.6770377193272], [27.166511452303, -15.6808478295746], [27.1603924780322, -15.6736452020151], [27.1651210300247, -15.664325393593], [27.1595355678961, -15.6569905598399], [27.1683349613628, -15.6477661122897], [27.1590304982125, -15.6438249607532], [27.1576044235972, -15.6283066617366], [27.1418700559001, -15.6123980392242], [27.1168899667874, -15.6320604580686], [27.093644936815, -15.6135883670781], [27.0837337110976, -15.6142522012134], [27.0839000889697, -15.5974267821771], [27.0582782649775, -15.5879490026855], [27.0433959978364, -15.6022949213787], [27.0033505900804, -15.5987545529073], [26.9869507216747, -15.6218975788848], [26.9732128605949, -15.6135196936234], [26.9724522857899, -15.5923903357063], [26.9634680100546, -15.5838051979053], [26.9662963916593, -15.5670688676932], [26.9508353588452, -15.5747961392374], [26.9424452809411, -15.5646762168525], [26.938476037129, -15.5787111777699], [26.9247619436749, -15.568225114897], [26.9076490366141, -15.5694843879195], [26.8989737436073, -15.5780472304134], [26.8873036938187, -15.5719800130238], [26.8836909688849, -15.580725907263], [26.849679067887, -15.5886930456422], [26.839506395591, -15.6008492051583], [26.849892979214, -15.6088842410854], [26.8428814433686, -15.6171478649519], [26.8312826928641, -15.6095938716238], [26.829547634622, -15.6215427847852], [26.8125298007593, -15.6118600991911], [26.8319006592193, -15.6518926380228], [26.8250317291286, -15.662946557014], [26.7489743699036, -15.6657614318515], [26.7206667691632, -15.6813226587083], [26.7048848671129, -15.6760365506627], [26.6992994058826, -15.6594450682652], [26.6942130683871, -15.6654410444255], [26.7000362112651, -15.6881646443901], [26.6728694709356, -15.6702010804249], [26.6761256778892, -15.6904071186761], [26.6607715993912, -15.6973632073863], [26.6573490163621, -15.7091697089662], [26.6371462793214, -15.6973403261919], [26.6370512079199, -15.6782791590923], [26.6275440381291, -15.6738854563841], [26.5765856079425, -15.7045021037096], [26.5763003928398, -15.6570420531327], [26.5632518009926, -15.6416163062679], [26.488929498213, -15.6723522152449], [26.4446973887692, -15.6750525420232], [26.4385652649593, -15.6852814255847], [26.4178396329648, -15.6926038031291], [26.4204541059374, -15.7036555179441], [26.4050049551395, -15.7176809490934], [26.3901024651247, -15.7186647528765], [26.3938102605616, -15.7271984747777], [26.3849685950726, -15.7311792304113], [26.3337011785642, -15.7260088079758], [26.3237661861194, -15.7395065350565], [26.3883436392569, -15.8545667924068], [26.4029470316046, -15.9653239662429], [26.3942366063854, -15.9899766442258], [26.3757665955602, -16.0012347071008], [26.2960999438643, -16.1040133151912], [26.4233953563659, -16.2995007623122], [26.1483919999739, -16.359038998757], [25.6840879995542, -16.5644819991015], [25.6762379402899, -16.537876286824], [25.6882379385874, -16.5133762849813], [25.661120000134, -16.492916999428], [25.6591080011713, -16.4747899990145], [25.6736480003077, -16.4253609986665], [25.6587379392917, -16.4048762874009], [25.6700379406754, -16.3966762861497], [25.6730480002581, -16.3712779988939], [25.6951720001295, -16.3618059995847], [25.668637938763, -16.3382762860569], [25.6762459999746, -16.3115929993128], [25.6622379400303, -16.2960762861925], [25.6856379392707, -16.2575762868289], [25.6871379398439, -16.2361762877848], [25.6733379396009, -16.220876287846], [25.6841040012443, -16.1981229989361], [25.6682379387299, -16.1807762870493], [25.6390520012373, -16.187651000402], [25.6039379401493, -16.1812762862113], [25.5617520006832, -16.1963969987519], [25.5372379395736, -16.1828762870989], [25.4896379401284, -16.193576286957], [25.4332379399554, -16.1000762870963], [25.3922379401577, -16.0816762840313], [25.3642379387403, -16.0882762856792], [25.3477379396214, -16.0636762866194], [25.3235379403149, -16.0503762856787], [25.3147379395871, -16.0152762840485], [25.3520379404262, -15.9565762867516], [25.3487379388058, -15.9247762858346], [25.3896379390444, -15.8460762858412], [25.3833379398708, -15.8186762856341], [25.4016379400369, -15.768876286299], [25.3990379389235, -15.7388762858714], [25.3630379404377, -15.7108762867362], [25.3194379386283, -15.7547762870047], [25.2924379390902, -15.7580762882736], [25.2451645149801, -15.6967542431268], [25.2778930665934, -15.6754760741738], [25.2820379400267, -15.6506762866937], [25.2763379409028, -15.6366762855967], [25.2611379396457, -15.6191762860948], [25.2284379400853, -15.6089762856275], [25.2181353740942, -15.5904003572855], [25.2840576168901, -15.5217895494084], [25.2488403339861, -15.49780273138], [25.2398071288139, -15.4793090818714], [25.2584838878, -15.4625854492264], [25.2890625014439, -15.4694213858057], [25.3060302748907, -15.45037841711], [25.3168334971425, -15.4126586898517], [25.3040771479185, -15.389343261582], [25.3416379386678, -15.3441762858135], [25.3163723263302, -15.2843017869277], [26.0057360878166, -15.2883340824304], [26.3481887636988, -15.3253505499393], [26.8253784186411, -15.3316040027639], [26.94375371578, -15.3452163657747], [27.008908864697, -15.3433159773466], [26.9776310392669, -15.4649055583115], [27.1953010566855, -15.470036400724], [27.2749585087346, -15.7240492028515]]]}}, {"type": "Feature", "id": "108003", "properties": {"name": "Kabompo", "province": "North-Western"}, "geometry": {"type": "Polygon", "coordinates": [[[23.9468994162977, -12.9975896658179], [24.0218076119836, -13.1648264405924], [24.165418761173, -13.2574678866682], [24.1773814650132, -13.2959835213132], [24.1494498352703, -13.3196908053112], [24.1900186212737, -13.4012489953504], [24.2623291020587, -13.3819890811646], [24.3450562609271, -13.5055543467112], [24.3140757230588, -13.5039587542828], [24.2916388022446, -13.533816079067], [24.2745001961802, -13.5395949552792], [24.2539033026473, -13.5846500213647], [24.4684039810986, -13.6542140810978], [24.4844115992372, -13.6731922690505], [24.4719743432802, -13.7027936458028], [24.4691334912627, -13.7396743220173], [24.4464066679367, -13.7798099571748], [24.4410105032963, -13.8314674683102], [24.4265206966281, -13.8560486581288], [24.3421975369271, -13.924227348428], [24.3356814785546, -13.9065140455956], [24.3109034187527, -13.8963047850388], [24.3091802416286, -13.9164921543162], [24.2914137185704, -13.9151656091278], [24.3127454322091, -13.9346016071461], [24.309596181368, -13.9449821836057], [24.2978310583813, -13.934140237979], [24.2990788740066, -13.9482116019487], [24.2748355911747, -13.9420410683553], [24.2627733692724, -13.9151079329637], [24.2438778678197, -13.9269312169758], [24.2357373535796, -13.9162614508969], [24.2464992093109, -13.910876821397], [24.2441208091034, -13.9030788181012], [24.2292011747414, -13.9063986898109], [24.2145838998293, -13.9213945336062], [24.1975898335924, -13.9169535578485], [24.1989564891432, -13.9259507718766], [24.1883797618189, -13.9361587236772], [24.1577785591389, -13.9325831087093], [24.1362091674457, -13.9696630091159], [24.1033500097732, -13.9639543609534], [24.1064992597159, -13.9455011996938], [24.0940805180369, -13.9434827974318], [24.0916443067493, -13.958418568351], [24.0784612002731, -13.9609634492771], [24.077740069594, -13.9843087933539], [24.0641329340492, -13.9899016201191], [24.0567918153091, -13.9847800673612], [24.062528597749, -13.9696053465695], [24.0409592051575, -13.9717965088231], [24.0298476999648, -13.9973969505688], [24.007624691376, -13.9959555589402], [24.0164188234101, -14.0134822540921], [23.9816458247877, -14.0017107415891], [23.9657707261198, -14.0045571321659], [23.9447585288547, -13.9862691813703], [23.9304977719227, -14.0022399559381], [23.9155834007899, -13.9877682891152], [23.9030458200837, -13.991573678016], [23.8787431163907, -13.9816564761224], [23.8666808953867, -13.9997031555837], [23.8436260064206, -14.0088124439825], [23.8303159688931, -13.9934763466726], [23.827582655995, -13.9717965079514], [23.8088059953662, -13.967875467825], [23.7963278346227, -13.988748471342], [23.7591310331417, -13.9889791013857], [23.7288269275807, -14.0324487836879], [23.7006619361883, -14.0384439570418], [23.6956706718909, -14.0255310833641], [23.676537490587, -14.0150388380979], [23.6534826070108, -14.0318723168502], [23.6016685261262, -14.0354463890956], [23.5872032901776, -13.9998319950498], [23.5956071257803, -13.9690176586909], [23.6131482911781, -13.9553610429301], [23.607620273617, -13.9453710377609], [23.6370241747368, -13.9133218874121], [23.6341789631953, -13.9037755337465], [23.6440539050601, -13.8887909775912], [23.6292241130063, -13.8676615601213], [23.6406065060712, -13.8531275983664], [23.6564203665862, -13.8636398348065], [23.6590577448019, -13.8518992523864], [23.6790178109517, -13.8425679788696], [23.6750882286577, -13.8227026698918], [23.6897255548653, -13.7822013043067], [23.6696276467266, -13.7331145345656], [23.677049695589, -13.7127802047126], [23.6675428006826, -13.6812625627783], [23.6776110393353, -13.6248398693031], [23.6591481620319, -13.5811826147307], [23.6698161249513, -13.5079047840649], [23.6604268267022, -13.4905500589211], [23.6676047422164, -13.4710657368893], [23.6598326306676, -13.4458470207227], [23.664253462963, -13.4344272206785], [23.655958458257, -13.4254343255864], [23.6639207117104, -13.4065227156347], [23.662684782593, -13.3726260608822], [23.7153788423502, -13.3072895927994], [23.7194185715728, -13.2917973348909], [23.640437181725, -13.2263919560516], [23.6390867614264, -13.1848421172027], [23.6077744406894, -13.1036027403171], [23.5884695383341, -13.0801724611044], [23.5126745931734, -13.0734953560368], [23.5053150859194, -13.0523004583311], [23.4869792726179, -13.0393778733046], [23.5088049868993, -13.0272326097727], [23.5135683459141, -13.0119593889163], [23.5346270049441, -12.9953100738663], [23.9468994162977, -12.9975896658179]]]}}, {"type": "Feature", "id": "101005", "properties": {"name": "Kabwe", "province": "Central"}, "geometry": {"type": "Polygon", "coordinates": [[[28.6331216625777, -14.3634105279893], [28.6309552944217, -14.3701201888347], [28.6123664912817, -14.3682900691019], [28.5824955533507, -14.3788978348576], [28.5661479363517, -14.3956266719392], [28.5326958366928, -14.4061560470773], [28.5481003484075, -14.4477193922179], [28.5406864319934, -14.4523661903595], [28.5506444401742, -14.4516923702165], [28.5882586699031, -14.5104108627191], [28.5484487249561, -14.5388645927112], [28.5162580396192, -14.550871495344], [28.4738698309921, -14.5521973711479], [28.4882873933486, -14.5684881162669], [28.4592584589098, -14.6924740382383], [28.4196342172917, -14.6831274027916], [28.4014247511366, -14.6891230297649], [28.3385556637007, -14.6836970669862], [28.2042193521219, -14.6445157673128], [28.1195104657193, -14.6956983863928], [28.1145667357752, -14.6549096091148], [28.1641941636464, -14.6430440311685], [28.2507634484259, -14.550929991938], [28.2378716943425, -14.5153497573283], [28.1956350422837, -14.5183971107301], [28.1888068319264, -14.4948724700111], [28.2663250467377, -14.4432469699103], [28.2710922451521, -14.4180196963474], [28.2493520648589, -14.3834077903407], [28.2054632807368, -14.3788985762469], [28.2006493429782, -14.342484894664], [28.2082709660557, -14.3228717209869], [28.2558714191501, -14.2755631620942], [28.2879466745663, -14.2190164631653], [28.3205089596987, -14.2366277023708], [28.3351770424249, -14.2547932697502], [28.3481609968942, -14.2455388639294], [28.3601088677524, -14.2654625767503], [28.3503725889366, -14.2723399603755], [28.3703000785809, -14.2863303703417], [28.4338656550094, -14.2666412865724], [28.4443791741754, -14.2728752551043], [28.4636224251527, -14.2675318638181], [28.4910008148514, -14.281859201256], [28.5041359548846, -14.272691906012], [28.5066224439804, -14.2793447792674], [28.5165683940751, -14.2747873189215], [28.5163251500591, -14.2821996938498], [28.5619197639388, -14.3011093033584], [28.6048927542562, -14.3315132523342], [28.6056765379349, -14.3478003189148], [28.6134332981737, -14.3394998254078], [28.6331216625777, -14.3634105279893]]]}}, {"type": "Feature", "id": "105004", "properties": {"name": "Kafue", "province": "Lusaka"}, "geometry": {"type": "Polygon", "coordinates": [[[28.4366524958204, -15.4912569938695], [28.4390989739534, -15.5375877037316], [28.5152844005985, -15.5582687481965], [28.547785709886, -15.5501228483589], [28.6669950622234, -15.5963720880257], [28.7164705167081, -15.6270822942694], [28.7254171287785, -15.6523577158168], [28.7760149716168, -15.6132234551649], [28.843849098832, -15.6573168441188], [28.9515397603197, -15.5021431642741], [28.953804826376, -15.53186689931], [29.0053317428137, -15.5409071501251], [29.0263342849862, -15.5323501512326], [29.0574601558944, -15.5428577900658], [29.0629402519284, -15.5557315139926], [29.0865073683543, -15.5711009053281], [29.107941836685, -15.5677202621196], [29.1183674979212, -15.577963385588], [29.1523556285984, -15.573063839386], [29.156538781941, -15.5912190711571], [29.1699178514048, -15.5965218582375], [29.1636132268058, -15.6254139681727], [29.189934538367, -15.634320030402], [29.2841424836717, -15.6426385352152], [29.2907482172657, -15.6595680768399], [29.3143256104184, -15.6731694114022], [29.3076182459248, -15.6813884803828], [29.313959688874, -15.6993554786526], [29.3321313763798, -15.7007033801937], [29.3404912484325, -15.7195513507403], [29.2503006687913, -15.7645509681485], [29.210382378038, -15.7700870916588], [29.1178685861889, -15.842270666911], [29.0993565620562, -15.8479969930161], [29.0979778636907, -15.8631196039853], [29.0447999012529, -15.899060699158], [29.0206996158413, -15.939642367587], [28.8865478694258, -15.939191888667], [28.8617478619848, -15.9509299780156], [28.8230098506153, -15.9451996908492], [28.8045540403581, -15.9636839912336], [28.7898470471054, -15.9521315182738], [28.776101314987, -15.9702455207068], [28.7493448388409, -15.9561557689485], [28.7316314538268, -15.9655701108365], [28.7219038051259, -15.9436267231354], [28.697586086093, -15.9377463408466], [28.6701768383659, -15.904508994675], [28.6606764257026, -15.9080209608012], [28.6399260918344, -15.896510816429], [28.6231475529937, -15.9086171450398], [28.6039430292867, -15.9006456956021], [28.5811935827886, -15.9092889781333], [28.536729829274, -15.8722110579872], [28.514041741303, -15.8711753553629], [28.4967166467822, -15.850276527335], [28.4742573812737, -15.8479179128104], [28.4584283805529, -15.8350162516668], [28.4455529542481, -15.8481352091715], [28.4316259070711, -15.8349796283801], [28.4282124850612, -15.8132408570273], [28.3786322501835, -15.7866820161811], [28.3408366191577, -15.7810911181749], [28.3007597344343, -15.8051317595836], [28.2756453642545, -15.7933817432494], [28.252467148278, -15.8182034913214], [28.2502517860064, -15.8314286426543], [28.2279256265685, -15.8389251333719], [28.1870855987566, -15.8146049848386], [28.1753508936237, -15.7870763169278], [28.1204707701479, -15.7760955791973], [28.0702197946886, -15.7434836103216], [28.041072660823, -15.7420467898726], [28.0140522282054, -15.7162004356754], [27.983246373134, -15.7117073963149], [27.9484957353757, -15.755788269014], [27.9226181780902, -15.7615921355949], [27.9013211169636, -15.743049600306], [27.8987527311584, -15.7217209392607], [27.8886939535623, -15.7128217538055], [27.8846922446358, -15.7215180551998], [27.870827963646, -15.7154050830819], [27.8317198841086, -15.7481474345833], [27.8031582523823, -15.7437442512344], [27.8048843921502, -15.7175562798281], [27.831175842813, -15.7080878449851], [27.8381045710573, -15.6839760073839], [27.8245471401955, -15.6868402887126], [27.8310541579229, -15.6628988684288], [27.7924226058977, -15.6562454267139], [27.7868371437691, -15.6411400509637], [27.7704141365584, -15.6310525688418], [27.7921007368365, -15.5876097819421], [27.789761638821, -15.5788895179096], [28.0503192041971, -15.5801858490161], [28.067051030643, -15.6092778580282], [28.0847217861053, -15.5901005058435], [28.116294009217, -15.6073035268543], [28.1037015746845, -15.6233975310617], [28.1135287719902, -15.6213201496687], [28.1435220164455, -15.6629008907004], [28.1634198778552, -15.667694085321], [28.1916034122717, -15.6499755152243], [28.2173920677851, -15.6634369736206], [28.2411783156482, -15.6551954087508], [28.2720420482751, -15.5877096408107], [28.3393657410677, -15.5998825625754], [28.3424267441101, -15.5478889711856], [28.3494843177156, -15.5355482046266], [28.3100535139209, -15.5211959387286], [28.3100964740527, -15.4772873010201], [28.3310160927413, -15.4761565656668], [28.3315604547355, -15.4905771720556], [28.3405559126994, -15.4903793468484], [28.3400965115682, -15.4771765322749], [28.4209804694074, -15.4783551813355], [28.4366524958204, -15.4912569938695]]]}}, {"type": "Feature", "id": "110001", "properties": {"name": "Kalabo", "province": "Western"}, "geometry": {"type": "Polygon", "coordinates": [[[22.8765926007441, -14.7316402766978], [23.0133923704114, -14.8512720696128], [22.9950042589907, -14.869326356597], [23.0093193541159, -14.8881471177371], [22.9823657067482, -14.9094587135903], [22.9924249631463, -14.9274036827142], [22.9786257282679, -14.9363756059831], [22.9588941099831, -15.0031547966397], [22.9496086426077, -15.011874421058], [22.9554120593804, -15.029561709626], [22.9377438775914, -15.0477457041528], [22.951156219755, -15.0862258877787], [22.9339027389287, -15.0948422038167], [22.9462775529903, -15.1029890677066], [22.9420054637397, -15.1186696738593], [22.9519919727695, -15.1277789179639], [22.9463637157991, -15.1415817726567], [22.9547680724246, -15.1546128981501], [22.940735459727, -15.1636424447712], [22.9324451927358, -15.2004907473967], [22.9157125380432, -15.1901782739713], [22.9059771764072, -15.194251945568], [22.8973398974083, -15.1749081937212], [22.8854083731933, -15.1761927860436], [22.8830315755803, -15.1667875570317], [22.8656541874319, -15.1631956698425], [22.8573353980321, -15.1525051340775], [22.8448334427134, -15.1591581060915], [22.8117220659569, -15.1449336019906], [22.8261904109746, -15.195952276994], [22.84424548997, -15.2171086655681], [22.8411503329805, -15.2365208956964], [22.8630743570899, -15.2397560937223], [22.870296389766, -15.2596639060919], [22.8819032269048, -15.2599127409115], [22.8749391239029, -15.3121617032613], [22.8870618221867, -15.3260925587361], [22.8868038907158, -15.3614130651935], [22.9084699860493, -15.395484221902], [22.9082120572734, -15.4288038997193], [22.9309098713039, -15.459632274296], [22.9333955492209, -15.4908540148352], [22.9464592058154, -15.507869247336], [22.4999182681434, -15.7069431626091], [22.5111282134199, -15.6833144120572], [22.5043781223564, -15.6809345590499], [22.5065172347284, -15.666563327599], [22.4962019557793, -15.6567225680551], [22.4940628443056, -15.6336979192861], [22.5147409356587, -15.5974849337146], [22.5109856058686, -15.5849851636633], [22.5432337744006, -15.5648092340703], [22.5491662611133, -15.5444396386921], [22.5348203843166, -15.5105009156143], [22.5150624669534, -15.4921582658145], [22.5243900662139, -15.4594647662749], [22.5147690286726, -15.4209895103864], [22.4544987125564, -15.3920541158426], [22.5250590110632, -15.2709433006243], [22.4831963941325, -15.2156361980992], [22.4308454944072, -15.1048886597266], [22.4612422153757, -15.0902122679959], [22.4559223410592, -15.0745731450928], [22.4631287888634, -15.0496938137685], [22.4512352957243, -15.0411625631688], [22.4229984696519, -15.0403083160775], [22.4247307745576, -15.01765220589], [22.3991255370589, -14.990243037634], [22.404450607231, -14.98443602236], [22.4622647883248, -14.992797772774], [22.4938108129695, -14.9669519497674], [22.5284559912085, -14.98275241013], [22.5350451383091, -14.9684725907931], [22.5697298576918, -14.9562699674216], [22.579608681177, -14.9628084636835], [22.5752990657037, -14.9748621296937], [22.5972700690075, -14.9748720791105], [22.599304542022, -14.9505517260224], [22.6252011543713, -14.9531906404187], [22.6244085528298, -14.945947033771], [22.6083566953584, -14.9214033079963], [22.5903846566279, -14.9329035786523], [22.5747250799664, -14.9249630807633], [22.5736159947638, -14.8962894783859], [22.5622311609762, -14.8834263709206], [22.5682919801121, -14.8818413999946], [22.5609714597415, -14.867897740646], [22.5661528668418, -14.8641072967506], [22.5610902987687, -14.8464406634058], [22.5469721502864, -14.8413632484207], [22.5510602349224, -14.8327934033319], [22.525754514604, -14.8241444986668], [22.5113975112741, -14.7952934767548], [22.4966138602866, -14.7892726628535], [22.4896260893719, -14.7981429625785], [22.4474855579468, -14.7742888446372], [22.441995168118, -14.7644982459844], [22.449672207367, -14.7375373479256], [22.4248874614044, -14.7216982893845], [22.4001756936771, -14.674445422721], [22.3872703453885, -14.6776615153532], [22.3672074922072, -14.6611004567541], [22.3463038356829, -14.6574547850515], [22.3426098096227, -14.6409817222623], [22.3281728104185, -14.6302808551379], [22.3269853418174, -14.6158023247545], [22.3041411023956, -14.6104882092594], [22.295448728822, -14.6153978262259], [22.2864237737773, -14.6035256022602], [22.261788422138, -14.6000156049904], [22.2665229084014, -14.5870893647814], [22.2538048624427, -14.5771713016535], [22.246001808424, -14.5539492441153], [22.2304954591971, -14.5605149106148], [22.209880592172, -14.5513401997803], [22.2098916136022, -14.5406321893086], [22.201434487242, -14.5354504567449], [22.2096947208583, -14.5259371183572], [22.2081283922778, -14.5127433402073], [22.1927282688332, -14.4956498870051], [22.1654142811539, -14.4753600310079], [22.1535584301201, -14.4744726182158], [22.1512416875787, -14.481960515076], [22.1180553760562, -14.4563441488472], [22.0829669816325, -14.462015900332], [22.0492628048233, -14.4464412972742], [22.0001866937033, -14.4498154842795], [21.9993201671021, -14.0056386494296], [22.181965230919, -14.0843272690592], [22.1950851247452, -14.0798318071241], [22.2133388922168, -14.0857796313099], [22.3243588709459, -14.1667514229675], [22.3510621335895, -14.2060859689928], [22.375840197883, -14.2151409351483], [22.407926895141, -14.2142078053145], [22.4205476643342, -14.2260271488197], [22.4730985461098, -14.238502453256], [22.4860401827426, -14.2495257629112], [22.5311754718479, -14.24676134636], [22.5378811627802, -14.2540554281327], [22.6063296523097, -14.2685993067298], [22.6205904074451, -14.2641765986382], [22.6282912143199, -14.2862892680489], [22.6720717361789, -14.2715016594215], [22.6991671691395, -14.28808582602], [22.7185540113234, -14.3159324655805], [22.7412363958906, -14.3262247648524], [22.7522008935837, -14.344523883782], [22.7753195997659, -14.3468115697066], [22.7870134189769, -14.3625612722105], [22.8172462207623, -14.3667057463434], [22.8427729733529, -14.3799675457282], [22.8748596724076, -14.4291398495722], [22.8769987856779, -14.452479085332], [22.8685849392497, -14.4788536134241], [22.875572709266, -14.4970792036527], [22.8614466708805, -14.5176076352591], [22.8780678760874, -14.5319292666864], [22.8902917111975, -14.5919340219438], [22.9066643058529, -14.5964206093959], [22.8964874518992, -14.6151694210129], [22.9009806219311, -14.6304576548887], [22.9131340677506, -14.6388300040715], [22.9049736315724, -14.6571328461349], [22.9232273990441, -14.6711130271242], [22.9171061735952, -14.6820311862767], [22.9024245074435, -14.6858893266161], [22.9046419951291, -14.6971468080958], [22.8765926007441, -14.7316402766978]]]}}, {"type": "Feature", "id": "109004", "properties": {"name": "Kalomo", "province": "Southern"}, "geometry": {"type": "Polygon", "coordinates": [[[26.7184147771876, -16.3470847922225], [26.7178727777626, -16.3878537374283], [26.7045389726093, -16.3975216821109], [26.7036357920496, -16.4100847352138], [26.6951506427441, -16.4112931152539], [26.6971471475647, -16.4348208587945], [26.6911576313062, -16.4386050938059], [26.7119545670764, -16.4598957410782], [26.6994288683864, -16.4719077405963], [26.7099818280849, -16.4764433881778], [26.7036833273012, -16.4909954900966], [26.7159238090919, -16.504156392867], [26.7065354783283, -16.5178291072284], [26.7106116773548, -16.5547406059155], [26.7282712460969, -16.5758248377309], [26.7423418584293, -16.577259983404], [26.7496029579389, -16.5868615296973], [26.7679993329619, -16.5862123296423], [26.7663236937843, -16.6083066641812], [26.77565260728, -16.6310019600186], [26.8275617029723, -16.650870696725], [26.8364543164126, -16.7391596038678], [26.8078614996712, -16.7581866648438], [26.7730037414085, -16.7373057630749], [26.7532600901904, -16.7462870517387], [26.7144404569958, -16.7840613536867], [26.7075314728231, -16.8212911138402], [26.692153625801, -16.8271607673151], [26.6911817654446, -16.8365525520216], [26.8023823046475, -16.8691711476912], [26.7550461152484, -16.9740180472942], [26.815026840568, -17.024297661915], [26.8362040610458, -17.033478916742], [26.8525806711705, -17.0345045266763], [26.8684006950266, -17.0022529382529], [26.9376013520284, -17.084090122166], [26.9550945455934, -17.0950404342842], [26.9597055233866, -17.1310674127456], [26.9735503378842, -17.1432754761902], [26.9677866167656, -17.1579240952682], [26.9766995914201, -17.1673485654076], [26.9681431356439, -17.1818249760063], [26.9812749150797, -17.1897723312556], [26.9753329331744, -17.2052686903856], [26.9834140292484, -17.2216150933537], [26.9967834858403, -17.2255879583965], [27.003739336918, -17.2539027479078], [26.9835922891367, -17.2920356417732], [26.9914357026645, -17.3018503910823], [26.9813343359408, -17.3029850097617], [26.9740256966881, -17.3287389828773], [26.9644852182649, -17.33161387118], [26.9529577751293, -17.3230373120713], [26.9518406832426, -17.3101263411865], [26.9307347647439, -17.3153226057859], [26.8896400232265, -17.2985533449414], [26.8507985061733, -17.2980490481097], [26.7958708285813, -17.3208767123819], [26.7510031619722, -17.3017756118875], [26.7075948920856, -17.297575758733], [26.6378115015522, -17.3183033541465], [26.6088859380498, -17.3394269240836], [26.6027538124432, -17.3738411066247], [26.543286464427, -17.3713232138044], [26.5381083586353, -17.3627464809943], [26.4517585888735, -17.3305271004146], [26.4437963336235, -17.3467716435942], [26.4103073266811, -17.3650790627587], [26.4052922956562, -17.3815246882386], [26.3952384659807, -17.3841558516144], [26.3759892223421, -17.372812914111], [26.3361304117387, -17.3836553940199], [26.2830090970627, -17.369569120174], [26.2736445357216, -17.3522830306965], [26.2358485166236, -17.3214498760114], [26.2472491158444, -17.2809381056808], [26.2638391270531, -17.2629173692206], [26.2496025132426, -17.2551009258729], [26.1624506889676, -17.3111513756428], [26.1253686822984, -17.3128860290605], [26.116610338247, -17.3244712420195], [26.0938221752584, -17.3194650533135], [26.0859698657144, -17.3261748883175], [25.9991971798966, -17.3086449586632], [26.0165830346666, -17.270124761831], [26.0398993720079, -17.2572327739494], [26.1353275905911, -17.1539055166056], [26.1802965054175, -17.1337373813935], [26.1843132835829, -17.1226757722303], [26.1662971986574, -17.0940760819344], [26.1874268820869, -17.0683803232977], [26.1997624370757, -17.0683803232977], [26.2317065267823, -17.0417720552466], [26.2448501918276, -17.0417038805936], [26.2591347145888, -17.0117962904168], [26.2575184926791, -16.9752234528393], [26.2694737611637, -16.9576277632551], [26.2518506739036, -16.911245754174], [26.2570049249329, -16.8702871653121], [26.1687862174089, -16.8713295102964], [26.1456085709644, -16.8352970626127], [26.1251800387837, -16.8231371919616], [26.1144118786757, -16.7787324298886], [26.1205677710098, -16.7499438530915], [26.1057603550914, -16.7286625378891], [26.1040728329992, -16.7083577230991], [26.0939001598049, -16.6967247323713], [26.0669948687489, -16.7005152073268], [26.0553248171636, -16.6924560876716], [26.0298693719419, -16.6927975826541], [26.023891735903, -16.6086234051786], [26.0067645285612, -16.5258017472311], [25.994075093046, -16.510448683156], [26.0007538794356, -16.4845370792099], [26.0138262380102, -16.4771070771084], [26.0045567480706, -16.4673519189598], [26.01204364272, -16.4657564027797], [26.0129705927021, -16.4510314440026], [25.9978688222213, -16.4266188337397], [26.1483919999739, -16.359038998757], [26.4233953563659, -16.2995007623122], [26.4244947550348, -16.3063157392681], [26.5253242361976, -16.2922802511534], [26.5860493702405, -16.3301979839985], [26.6556497892218, -16.3318245028203], [26.7184147771876, -16.3470847922225]]]}}, {"type": "Feature", "id": "102003", "properties": {"name": "Kalulushi", "province": "Copperbelt"}, "geometry": {"type": "Polygon", "coordinates": [[[28.0299878005599, -12.6063242346629], [28.0759549691441, -12.6024042611543], [28.0988125413614, -12.6154274802286], [28.1227943749197, -12.60357501194], [28.1506006618326, -12.6025455062406], [28.1572966419767, -12.6094464938671], [28.163333503044, -12.6489267460573], [28.1172380819867, -12.7141352941384], [28.1362332533168, -12.7209510876794], [28.1618681693559, -12.7538616402632], [28.1026328750421, -12.7831855387725], [28.1298128170131, -12.8361981929317], [28.173079495343, -12.8733219348123], [28.1748367590405, -12.8933891569961], [28.1561789006081, -12.8966559242005], [28.1415036843601, -12.8869856658035], [28.1106492349234, -12.924455028324], [28.1008532055648, -12.8970587179791], [28.1030232559152, -12.8708642865718], [27.7504606838056, -12.9004288032613], [27.7581672587628, -12.8903166441415], [27.7466635841514, -12.8736807867148], [27.738891470806, -12.8275904592438], [27.7224916032986, -12.8120629040683], [27.738537169868, -12.7886020063305], [27.741850513267, -12.7361901938646], [27.7829658863916, -12.7167317807844], [27.7868576864431, -12.7104201229981], [27.7782536990085, -12.6954186752198], [27.8032890740371, -12.7060838868716], [27.8381148801235, -12.7017002732441], [27.8465086510017, -12.7133899638177], [27.8803598496835, -12.724378861103], [27.8969817259319, -12.7395147472548], [27.9022310582441, -12.7586992849632], [27.9179661535767, -12.7520913900189], [27.9315231999595, -12.7611397230297], [27.9559314035961, -12.7506910233317], [27.9756457230235, -12.7618937363948], [27.950671016616, -12.6752078360484], [27.9993896198125, -12.6398297873074], [27.9742245433283, -12.6044240790866], [27.977855269602, -12.5983821954267], [28.0299878005599, -12.6063242346629]]]}}, {"type": "Feature", "id": "108010", "properties": {"name": "Kalumbila", "province": "North-Western"}, "geometry": {"type": "Polygon", "coordinates": [[[25.4961860953059, -11.723237876871], [25.4992668927257, -11.7516112286944], [25.4876143987127, -11.7708359279322], [25.5088391912729, -11.7870733699875], [25.5179192139427, -11.7773651689173], [25.5362505805836, -11.7795352366769], [25.5548674866189, -11.7605185849891], [25.5794806310061, -11.7569208407453], [25.5958597842613, -11.7345772482431], [25.651004275637, -11.7314627813635], [25.6709693346232, -11.7758611218313], [25.7146547796908, -11.8167161493268], [25.7445072958703, -11.8144827752246], [25.7698914400113, -11.8268591671296], [25.7932790793317, -11.8223460366442], [25.8238446287764, -11.8306743293057], [25.8558837952744, -11.808992315608], [25.8868296330199, -11.8082478397811], [25.8895148806605, -11.8464385420912], [25.9018642840776, -11.8503646539034], [25.9254209468086, -11.8813452374007], [25.9621122366348, -11.8737785500755], [25.9900946984463, -11.8951936986711], [25.9970189279277, -11.9161805448459], [25.9809506151169, -11.9272918934327], [25.9793819329503, -11.9468717199607], [26.0019698677502, -12.0004602248233], [26.0658808320324, -11.9916623775714], [26.0857391136707, -12.0118264442747], [26.1095786352234, -12.010566793684], [26.1258745308215, -12.0355828424364], [26.1641518286211, -12.0389172591065], [26.2123824822267, -12.0613457678063], [26.32406710018, -12.1372564080605], [26.3303645373584, -12.1693884968652], [26.3211798465849, -12.2073013546323], [26.3392224596591, -12.2463772777779], [26.3376807736634, -12.2675906402279], [26.2719448755933, -12.3602044796748], [26.2426820701602, -12.3881070262974], [26.2683321273034, -12.4096939842815], [26.2987262422592, -12.417131600039], [26.295601707665, -12.4248628267579], [26.3045473791993, -12.4386428043809], [26.324245142676, -12.4560144343635], [26.3198998802557, -12.4792107790259], [26.3601448361755, -12.4960192745916], [26.3728280445691, -12.5173424769056], [26.3655691728815, -12.5395311771843], [26.3396479763378, -12.5527470462028], [26.320840339103, -12.593291535994], [26.3528171086214, -12.6401506453461], [26.3365497417201, -12.664218183245], [26.3422567009908, -12.683250917793], [26.3201342857476, -12.7080961612431], [26.3294705753101, -12.7365469173172], [26.3187686884122, -12.7648940350127], [26.32518842403, -12.8073046428374], [26.31469858176, -12.8400516018058], [26.357956328141, -12.8392589166229], [26.3742081910188, -12.853485385707], [26.3809019999349, -12.8482617783554], [26.3867275943153, -12.8590893663451], [26.4018033729417, -12.8563249873769], [26.4026399137786, -12.8737679520982], [26.4217740472967, -12.8774234921482], [26.42460747384, -12.8967369467546], [26.4346732484138, -12.8943502791611], [26.4596339671541, -12.9226820878667], [26.4701292666895, -12.919138797669], [26.473927845869, -12.9363394931609], [26.453746522868, -12.9413460441863], [26.4400773730259, -12.9305504369215], [26.3681964962542, -12.9231999682067], [26.3295457939438, -12.9539786111331], [26.1458390220724, -12.9471555216129], [26.0519929487069, -12.9076215972662], [26.0395476986421, -12.8879376826596], [26.0191618112847, -12.8831131394328], [25.9951229589604, -12.8569211432918], [25.964603046627, -12.8704769934124], [25.9436078329107, -12.8707025977669], [25.9343501261726, -12.8796943643126], [25.9142350413474, -12.8776040580439], [25.916243145215, -12.8714325689552], [25.9162091107438, -12.8703044328384], [25.9153241812557, -12.8692094703331], [25.9063727991312, -12.8883540250337], [25.8837050382385, -12.8905769564368], [25.8812885054455, -12.8971792717494], [25.5767057485682, -12.9751104696187], [25.5478730888324, -12.9552641763391], [25.5304179236484, -12.9340414040853], [25.527850987724, -12.917987615045], [25.4915288452925, -12.90205790072], [25.4490460548458, -12.9077710298811], [25.4362113752239, -12.9003481067658], [25.4126931208612, -12.9184892981689], [25.3882326253937, -12.9179443500129], [25.3664362923103, -12.930407533675], [25.3590984155901, -12.9193916997422], [25.3375107189264, -12.914461996004], [25.3266221270782, -12.8975102472548], [25.3102697939241, -12.8980662827716], [25.2913980591988, -12.9149785222121], [25.2612603288149, -12.9096037962135], [25.2180977733113, -12.9261909352667], [25.1875322202734, -12.9695995357027], [25.1644365585731, -12.9755705413755], [25.1575370974408, -12.9925284535651], [25.1307993691347, -13.0134888701368], [25.1051062395703, -13.0002655862338], [25.0415032689715, -13.005360453374], [25.0222750162662, -12.9879448346486], [25.0066803761216, -12.9871225961544], [25.0020634407014, -12.9943735756305], [25.0048442870545, -12.9808945081905], [24.9775349400719, -12.9769340257908], [24.9916532026403, -12.9549621707519], [24.9982844546765, -12.9557265460681], [24.9972148971431, -12.9641345293145], [25.0160546168099, -12.9592630439675], [25.0062703643646, -12.9475410982515], [25.00912251629, -12.9350324177538], [24.9940061140499, -12.9301677626847], [25.0054860228322, -12.9174497133522], [24.9746114870658, -12.9043139982607], [25.0021574700571, -12.8892793836049], [25.0188821396252, -12.8919173691371], [25.0160389816324, -12.8834622430258], [25.0002095452287, -12.8824891169495], [25.0092715809317, -12.8664394289712], [24.9893642485839, -12.8658283761815], [24.9947128213789, -12.8506251001993], [24.9840408079557, -12.8518585219804], [24.9827073622227, -12.8418289791006], [24.9748253983928, -12.8556572011798], [24.9579264008624, -12.8569084933313], [24.9487282146984, -12.847245566914], [24.9514377572758, -12.8372346630631], [24.9377474323458, -12.8339671281066], [24.9447917045969, -12.8224520001046], [24.931900638623, -12.8050297772858], [24.9465925383823, -12.7986796358424], [24.9064889099145, -12.7813298882335], [24.9176729432867, -12.7594566568072], [24.925070522939, -12.7586636043709], [24.9073007192334, -12.7515000048005], [24.9060565732262, -12.7309977490781], [24.8779948647352, -12.7259060848324], [24.8857199512755, -12.7182052227273], [24.8801339798022, -12.7081696529435], [24.8733601202146, -12.7097694620483], [24.8775396560414, -12.6997025559222], [24.8718321389168, -12.6948746169329], [24.8803450389782, -12.6843325003328], [24.8775786186702, -12.6778543812658], [24.8654694409297, -12.6809136572421], [24.8722727481907, -12.6657607319793], [24.8640216531357, -12.6635282613282], [24.8635256941657, -12.6546580600959], [24.8571183588921, -12.6538820588093], [24.849601468597, -12.6811485726645], [24.8360537503201, -12.6576347044165], [24.8320339223743, -12.6642704667531], [24.8191051954304, -12.6583784687218], [24.8212226862518, -12.6473236622103], [24.8354121367132, -12.6462104809215], [24.8285668529756, -12.6460161049465], [24.8270694736864, -12.6360668224024], [24.8269982911833, -12.6249895360056], [24.835419544221, -12.620975989732], [24.8249799258602, -12.6151956146087], [24.8323773519007, -12.6110092397535], [24.8304485225602, -12.6014096398337], [24.8368141822929, -12.5947901359156], [24.8530369729932, -12.6006595257159], [24.8446663328352, -12.5920272776624], [24.858934135254, -12.576079954386], [24.8751704267347, -12.5785929946783], [24.8603865700329, -12.5718757754305], [24.8677264221484, -12.5638283908416], [24.8623293789558, -12.5559377466689], [24.8777644630345, -12.5632911520078], [24.8736006126908, -12.5563573346955], [24.8813585488244, -12.5515120030266], [24.8745577918806, -12.5500555236041], [24.8791379403915, -12.5422901426366], [24.8635057084472, -12.5265992269147], [24.8624362685931, -12.5150995656879], [24.8818145839683, -12.5256043683965], [24.8775526690366, -12.5131504908392], [24.8864166666436, -12.5106922644384], [24.8843829023999, -12.4989356928819], [24.9046096801542, -12.4717312837846], [24.9134532878009, -12.4764925431484], [24.9203181763712, -12.4646142655996], [24.9310127851187, -12.4676084718149], [24.9573696286425, -12.4545286986707], [24.9914485673169, -12.4229201430234], [25.0094918819753, -12.4242806579595], [25.0304848085809, -12.3946827028693], [25.063625622231, -12.3914306625815], [25.0753661026328, -12.3605864821096], [25.0958823948268, -12.3542471196229], [25.1145755417786, -12.3355476257884], [25.1275123670348, -12.2846151649841], [25.1395733043463, -12.2841186506288], [25.1403156891651, -12.2725965096413], [25.1491487505902, -12.2745569724359], [25.170112059741, -12.2563482640703], [25.1724784593546, -12.235601792209], [25.1857409616305, -12.224266273886], [25.1938458226353, -12.1966919922238], [25.188402968058, -12.1831709498187], [25.1720774073943, -12.1842887396766], [25.1715017786383, -12.1753214499299], [25.1926445029109, -12.1495858754307], [25.1871968953475, -12.1498263635708], [25.1839276170081, -12.1311373663201], [25.1882807118394, -12.1211788918473], [25.1653516741497, -12.0893667946541], [25.18930686727, -12.0655380218987], [25.1925559119559, -12.0293793478136], [25.1850742410098, -12.0220382117066], [25.1912659698354, -12.0209342629139], [25.1914352726221, -12.0070714519481], [25.2083657803577, -12.0035386052578], [25.2021090386583, -11.9596839903012], [25.214193536983, -11.9544810885758], [25.2338378066829, -11.8985367697314], [25.2506226103744, -11.8926716575695], [25.2600494007102, -11.8737869797103], [25.315235114876, -11.8425216449581], [25.3178549660622, -11.8239674326782], [25.3337675918511, -11.8197625023473], [25.3362869916256, -11.7975212457409], [25.3641800926259, -11.7658353377716], [25.4281596181272, -11.7433360822646], [25.4587890323987, -11.7117146078749], [25.4961860953059, -11.723237876871]]]}}, {"type": "Feature", "id": "106008", "properties": {"name": "Kanchibiya", "province": "Muchinga"}, "geometry": {"type": "Polygon", "coordinates": [[[31.1026087671361, -10.9669930172602], [31.1110481499729, -10.9994861323303], [31.1242108736753, -11.0067540538243], [31.1265966167119, -11.001908793039], [31.1324846637675, -11.0177468229427], [31.1409110803215, -11.0129720237729], [31.16731879544, -11.0334823137208], [31.171843481067, -11.0299294543531], [31.1939448784276, -11.0588900039199], [31.2177603413003, -11.0558808612245], [31.2213968338598, -11.0670075379952], [31.2445705582599, -11.0633686689675], [31.2822189518173, -11.0788335397248], [31.3207942953569, -11.0684070890716], [31.3431836809195, -11.0735153951973], [31.3572305238295, -11.0816325238768], [31.3565887916451, -11.0957669863696], [31.3692457961819, -11.1052123760951], [31.3615127918906, -11.1491637296005], [31.3659529217949, -11.1854950768049], [31.3533893698955, -11.2058751598883], [31.3752500493026, -11.2724099953529], [31.3677712700335, -11.2880146139271], [31.3474886296449, -11.3026319451725], [31.3263096511641, -11.2931579433682], [31.2847157670473, -11.2999659381527], [31.2761153001104, -11.3487579886356], [31.2936591667422, -11.4199081227222], [31.2950438101582, -11.4622229746049], [31.277592220269, -11.4968926883582], [31.2694322458249, -11.4980054119014], [31.2643471650725, -11.5621045886928], [31.2508951982217, -11.5839686560662], [31.2233712383278, -11.5977390246602], [31.197377551334, -11.6345356497212], [31.2492147144298, -11.6553967230336], [31.291277254122, -11.6490077716282], [31.3087094421977, -11.6623315100078], [31.3100933480968, -11.6828892113571], [31.3205171911429, -11.694041232878], [31.3153867445703, -11.7197566260407], [31.3357790288309, -11.7824910881038], [31.3494693546592, -11.8017555967135], [31.3520838267335, -11.829393612569], [31.3348758491695, -11.8500039892345], [31.3033595812186, -11.8590292605848], [31.2943277684351, -11.8774510549939], [31.2437971600043, -11.9047558171217], [31.2241869400469, -11.9315187307433], [31.2267467702974, -11.9859623746415], [31.2095873844038, -12.0154211839963], [31.1755807798728, -12.0470260528282], [31.1791644389172, -12.0683266231113], [31.1901756166657, -12.0795590589642], [31.148022623811, -12.0933966483999], [31.09411087433, -12.1253949648313], [31.0914192001419, -12.1402470791582], [31.053010236271, -12.1528408959893], [30.9822502898872, -12.1058264896608], [30.9495099730386, -12.1007137774168], [30.933823143288, -12.0743933779338], [30.902746581804, -12.0742190599071], [30.8841481783686, -12.041968665685], [30.8525368381179, -12.0265103491508], [30.8524071043229, -12.0013129286382], [30.8256650793748, -12.0001619898334], [30.7946590374373, -11.973649027042], [30.7600044942615, -11.9652330219304], [30.7306131282331, -11.946139068876], [30.7142256610699, -11.9200154266147], [30.6156162538424, -11.9163801796914], [30.5987331951201, -11.9308792518014], [30.5842519727527, -11.9289624626838], [30.5532182339583, -11.9001687964164], [30.5433066453215, -11.8818541005678], [30.551070943324, -11.8748775431511], [30.5364360048384, -11.8658820409646], [30.5327144813474, -11.847044493241], [30.5134295970499, -11.8448195203468], [30.4899150087119, -11.8224897428321], [30.4437573721347, -11.8152008389216], [30.4276760068028, -11.7999825050322], [30.3730573146343, -11.7750638644386], [30.3545896376322, -11.7537730399153], [30.3320616716657, -11.7501728056363], [30.4465183549402, -11.6221801630568], [30.4369666098466, -11.5986831767932], [30.4691447232613, -11.5060321900589], [30.5218348708554, -11.4742864200498], [30.5426555715564, -11.4419307292378], [30.5483321498043, -11.4264975910927], [30.5409442818385, -11.4184030626017], [30.5492255423206, -11.4054775575601], [30.5943614970775, -11.3914610539188], [30.6074352651088, -11.3644332757712], [30.5961217341986, -11.3499857185745], [30.6116776309033, -11.3400176313595], [30.6118915386371, -11.3289713592776], [30.6269629352815, -11.3359229726445], [30.6856418876684, -11.331202145301], [30.7203430596957, -11.2813025706612], [30.7399991350551, -11.2222555916174], [30.7381452368875, -11.2053994592477], [30.7497202179695, -11.2005732466643], [30.7619369321344, -11.1789359119358], [30.7920508921976, -11.16583148219], [30.8205961727891, -11.1310155975599], [30.8241138263214, -11.1083235660063], [30.8459803169301, -11.093769884841], [30.8581257282176, -11.0528104427943], [30.8686311508679, -11.0501511521617], [30.8863857910115, -11.0744338263332], [30.9020963910829, -11.0733608585924], [30.884769572695, -11.0368776391214], [30.9517000513282, -11.0200107796955], [30.9821705320664, -11.0032596120186], [30.9904893061948, -10.9400492128526], [31.0170143107467, -10.9192561312034], [31.0265690166874, -10.9228734371662], [31.0099077017031, -10.9435729228052], [31.0281139321265, -10.9446230281713], [31.0457972693927, -10.9568739729503], [31.0627200300573, -10.9452064167673], [31.0596064333499, -10.92212664241], [31.0678776722268, -10.9184159769571], [31.0828752318464, -10.9334917331076], [31.0733680620556, -10.960374150398], [31.1026087671361, -10.9669930172602]]]}}, {"type": "Feature", "id": "110002", "properties": {"name": "Kaoma", "province": "Western"}, "geometry": {"type": "Polygon", "coordinates": [[[25.0459475122614, -14.6285459948123], [24.9582902499935, -14.6776885369133], [24.9108198927152, -14.692741664187], [24.8766585848175, -14.7289795904261], [24.9085929727191, -14.7879178376235], [24.8931135172552, -14.8030779897529], [24.9038739446652, -14.8206874116298], [24.8998436522447, -14.8461365163994], [24.8762457406725, -14.8695815191135], [24.869339466717, -14.8927827130126], [24.8443063123238, -14.8868116189438], [24.8164114658969, -14.9376647189828], [24.7406037691507, -14.9514473661002], [24.7298022249518, -14.93000990062], [24.7603177912358, -14.8741419979924], [24.72423285165, -14.8485280507221], [24.7244371483085, -14.8226598279428], [24.7016636215709, -14.812975736636], [24.7032625059956, -14.8018542525726], [24.6902802870715, -14.8067445247433], [24.6802801128696, -14.8228694491371], [24.6687036199229, -14.8196747182037], [24.6693145830122, -14.80275637358], [24.6663686963785, -14.8082545069499], [24.662460923383, -14.7974577967555], [24.6416146790868, -14.78959941567], [24.6401241350786, -14.7728176723191], [24.6249668163739, -14.7750526009287], [24.6285544477685, -14.7679609148461], [24.6086166553461, -14.7566288614058], [24.5418673893636, -14.7861452719192], [24.5160322190847, -14.8114384749284], [24.3988722239477, -14.8265774047221], [24.384595589293, -14.8514301161053], [24.3367432737457, -14.8494446144033], [24.2585184710814, -14.8888551438363], [24.2708426408222, -14.9520983528486], [24.2983180000626, -14.9769029862304], [24.2024903518764, -15.0113704883252], [24.0950830819114, -15.0272281156113], [23.9111185842833, -15.0771334462375], [23.6892765679031, -14.8280778777671], [23.677951683186, -14.6210836958118], [23.7011848311421, -14.5987742776518], [23.700620342394, -14.5773252050579], [23.713217343063, -14.5718044610116], [23.7159803641459, -14.550324004175], [23.7324990733755, -14.5430195981482], [23.730460972964, -14.528099452324], [23.7512579069375, -14.5162788073436], [23.743711591427, -14.491341215963], [23.7716686129497, -14.4735639203453], [23.7742533750425, -14.451066982842], [23.7901481746629, -14.4555838142217], [23.7920496089804, -14.466688498874], [23.8016756186968, -14.4697666423296], [23.8133784839427, -14.4616279570007], [23.8197694231658, -14.4434121032075], [23.8711968008802, -14.4500312616262], [23.8757721254381, -14.4404218583913], [23.8965808893256, -14.4318823972684], [23.9307651626535, -14.4315025773489], [23.9474621290765, -14.4135766207328], [23.9707844060785, -14.4157922660124], [24.0070304926465, -14.4035052267564], [24.0217071857247, -14.414382312948], [24.0326998518902, -14.4119652266971], [24.040105519075, -14.4266527283472], [24.0877225990871, -14.4262947040791], [24.094157624031, -14.4468948200532], [24.1383655409459, -14.4406054320483], [24.1407250720408, -14.4577702722597], [24.1526061280048, -14.4596135631398], [24.1578973990644, -14.4741680264121], [24.1804175083654, -14.4843512852646], [24.1898426601742, -14.4806572170279], [24.18861744167, -14.4977556525694], [24.2096520545964, -14.4938437309333], [24.2038289153116, -14.5116194028772], [24.2171983710053, -14.517889443022], [24.2376387869988, -14.5102963422583], [24.2394808022518, -14.5241017870762], [24.2958702041011, -14.5065572198043], [24.3243322962057, -14.4872278258123], [24.363192852153, -14.4837759718083], [24.4140562127348, -14.4612225298001], [24.4241575812552, -14.4539727251068], [24.4404046255698, -14.4105679426154], [24.4681282432221, -14.3666112653716], [24.4696731577629, -14.3480756517524], [24.6058592819714, -14.2806026057739], [24.6287749185937, -14.1820502166925], [24.6159996634262, -14.1452928092804], [24.6124344791339, -14.0936034567138], [24.6408559170821, -14.0229986087214], [24.6550198131686, -14.0060228304307], [24.6421751056532, -14.0054165299502], [24.6349542991775, -13.9771880776598], [24.64634095924, -13.9800851930705], [24.6520342892713, -13.9703830905888], [24.6657815970347, -13.9705852243273], [24.669600293985, -13.9596698802774], [24.6807786607843, -13.9738193016581], [24.6905684100208, -13.9686986611497], [24.6900823936043, -13.9794114523863], [24.7157718059401, -13.9958502430608], [24.7153112100495, -14.0041598805797], [24.7262558630597, -14.0027892137348], [24.7279916309708, -14.0278486084106], [24.7458353588377, -14.0253562674103], [24.7494187223364, -14.0765465316516], [24.7431275491105, -14.0873873613854], [24.7363927581529, -14.085232382191], [24.7361699265551, -14.0987755260256], [24.7520841270906, -14.1029430072311], [24.748195999352, -14.116477577708], [24.7674902387049, -14.122234080149], [24.764234524028, -14.1316945941815], [24.7904793853652, -14.1252308561974], [24.8131738810191, -14.1559814917604], [24.8390088698383, -14.1493145641769], [24.8659108029917, -14.1645469841175], [24.9004416409664, -14.1657635893324], [24.9183093421733, -14.1756908274003], [24.9181587701586, -14.1838658709176], [24.9617985233176, -14.1956415198523], [24.9720875067816, -14.2076596181124], [24.9898046395672, -14.1974904990301], [25.0219886791677, -14.2101423587128], [25.0292039250718, -14.2050808898081], [25.0340221819303, -14.2177796295855], [25.0427050836676, -14.2113087129915], [25.0559552880073, -14.2191419036745], [25.0549358052627, -14.2095278768681], [25.0650397097271, -14.2157848559187], [25.0769347821045, -14.2087786806307], [25.1068983300531, -14.2201636073384], [25.0921925980349, -14.2402561099351], [25.1072998392558, -14.2402561099351], [25.1098595383523, -14.2528069366985], [25.1018291108537, -14.2580119199738], [25.1260709770423, -14.26963757081], [25.1175386356416, -14.2723128432784], [25.1153804592227, -14.2848132472266], [25.1338542339888, -14.2897499581675], [25.1323253903085, -14.3086044026621], [25.1080025005728, -14.3148211072091], [25.1116663971383, -14.3392816026227], [25.0985769058946, -14.3410361317882], [25.0862666636339, -14.3703096081143], [25.0729938513935, -14.3798954450785], [25.0723012089869, -14.4143510464279], [25.0544941476549, -14.4242267350326], [25.0498061159699, -14.4357368433445], [25.0242413978804, -14.4467856967865], [25.0243354919148, -14.4636337315753], [24.9885498979311, -14.492111190863], [24.9796662379992, -14.5297677432381], [24.9727651374415, -14.5314988268455], [24.9798038024086, -14.5469692933828], [24.9728905638147, -14.560082678879], [24.9853238438283, -14.5608126748053], [24.9782107237955, -14.576938703635], [24.9837316410726, -14.5912677389122], [25.0459475122614, -14.6285459948123]]]}}, {"type": "Feature", "id": "101006", "properties": {"name": "Kapiri Mposhi", "province": "Central"}, "geometry": {"type": "Polygon", "coordinates": [[[29.1311881997573, -13.9450023797729], [29.0951275578033, -14.024508093867], [29.1041762023202, -14.0457184131102], [29.0805111758166, -14.0831020888082], [29.0958199163422, -14.10159285279], [29.0926067036563, -14.1554027507775], [29.1229822935544, -14.222092864764], [29.1236991662191, -14.2562821892111], [29.1160458936976, -14.2657267377989], [29.1259808870408, -14.298434064209], [29.1056564210926, -14.343011882227], [29.1318277966463, -14.4383076899894], [29.1161330644161, -14.441279739887], [29.1101276803164, -14.4706906088512], [29.1234674278253, -14.5190548036304], [29.1143167769129, -14.5297536742243], [29.1247746652099, -14.6166484005796], [29.1122370836053, -14.6799431825707], [29.0374701120652, -14.6825174833135], [28.9966609449766, -14.6613603838027], [28.9908413971563, -14.671711728018], [29.0229446925859, -14.6937032035757], [29.0227052664098, -14.7183979179031], [29.0058016245894, -14.7421773070238], [28.9851752196028, -14.7506872916306], [28.9751022396421, -14.7385027383072], [28.969017774153, -14.7543098153075], [28.9578383338669, -14.757586154394], [28.9610549197267, -14.7690723295893], [28.9383018880522, -14.7665375603556], [28.9334529150992, -14.7815762008062], [28.9052507756749, -14.7792353733212], [28.8869053791459, -14.7946548127804], [28.8692797676199, -14.7949384339892], [28.840184611175, -14.7514661698759], [28.8449206452355, -14.7396413461043], [28.8237404225881, -14.707965009919], [28.8224775646734, -14.6707378238612], [28.8288939720331, -14.6506972675897], [28.8417790597188, -14.6407918746733], [28.8452266266926, -14.6184730947303], [28.835909600603, -14.6109294554326], [28.8401445732627, -14.6035503049865], [28.832643725082, -14.5902905280328], [28.8012084285758, -14.5733914019344], [28.7959171970421, -14.5335030029636], [28.7632282898789, -14.4751997166546], [28.6899182581689, -14.418225067734], [28.6836305039309, -14.4010162420216], [28.6716859415679, -14.3948794949582], [28.6790860724357, -14.3926795843329], [28.6755927749257, -14.3848223603635], [28.6679897712291, -14.3896293940194], [28.6441526158389, -14.3779428667902], [28.6409661451007, -14.3836948386537], [28.6370196008175, -14.3670023963725], [28.6141089749979, -14.3400497078334], [28.6056765379349, -14.3478003189148], [28.6048927542562, -14.3315132523342], [28.5619197639388, -14.3011093033584], [28.5163251500591, -14.2821996938498], [28.5175683932595, -14.2752325927522], [28.5066224439804, -14.2793447792674], [28.5041359548846, -14.272691906012], [28.4910008148514, -14.281859201256], [28.4636224251527, -14.2675318638181], [28.4443791741754, -14.2728752551043], [28.4338656550094, -14.2666412865724], [28.3703000785809, -14.2863303703417], [28.3503725889366, -14.2723399603755], [28.3601088677524, -14.2654625767503], [28.3481609968942, -14.2455388639294], [28.3351770424249, -14.2547932697502], [28.3205089596987, -14.2366277023708], [28.2879466745663, -14.2190164631653], [28.2558714191501, -14.2755631620942], [28.2082709660557, -14.3228717209869], [28.2006493429782, -14.342484894664], [28.2054632807368, -14.3788985762469], [28.2493520648589, -14.3834077903407], [28.2710922451521, -14.4180196963474], [28.2663250467377, -14.4432469699103], [28.1888068319264, -14.4948724700111], [28.1956350422837, -14.5183971107301], [28.2378716943425, -14.5153497573283], [28.2507634484259, -14.550929991938], [28.2095332140142, -14.5935286939885], [28.0989811263941, -14.5950525938396], [28.0697736571825, -14.5736627116588], [28.0305284165794, -14.5602975393458], [27.9949996715966, -14.5629010888853], [27.9670262737863, -14.5433271203468], [27.9708115785609, -14.5067725288844], [27.9625452211293, -14.4715847899933], [27.9829641628959, -14.4005685189567], [27.9673518663644, -14.326831337072], [27.9844300517429, -14.2818454125848], [27.9257008520905, -14.2591519131109], [27.9011993961409, -14.2405159678459], [27.8443454386273, -14.2475461574016], [27.8508580402825, -14.2157880047562], [27.8659500981785, -14.2026957847241], [27.8522651038514, -14.1822326987326], [27.8593048926109, -14.1445096952452], [27.8540489711561, -14.1242140730013], [27.8287841852685, -14.1001943507916], [27.8234713923714, -14.0696641365778], [27.8316295944394, -14.064985873922], [27.8477441686907, -13.9799126882995], [27.8782606234085, -13.9482676822495], [27.9687320478484, -13.9213764035898], [27.9785615690958, -13.9108405937201], [28.0274296636337, -13.9172616186252], [28.0538901781313, -13.9090318220592], [28.0892485019249, -13.910524057564], [28.1131934021486, -13.8993094354228], [28.1458963598612, -13.9038767453386], [28.1746861421101, -13.877828292174], [28.2204330150405, -13.8697780051157], [28.2849217083398, -13.8871294411548], [28.3024669628688, -13.8860038165982], [28.3290136985656, -13.8707184955924], [28.3402935534325, -13.8802230625954], [28.4117794831946, -13.8902765913046], [28.48601771624, -13.8856541455775], [28.5536431333736, -13.8596252098581], [28.6509895057184, -13.859980933656], [28.6441917805886, -13.7335149651673], [28.6751484044058, -13.7015553672083], [28.6864920396578, -13.6760327097391], [28.7121361409707, -13.6561701884002], [28.7114353391664, -13.643088845723], [28.7010344489741, -13.6334902286293], [28.8309185608845, -13.5952614097778], [28.8379188857552, -13.6116794300838], [28.8326443476145, -13.628786480953], [28.8507936176624, -13.6650875226341], [28.8807687987939, -13.6761272529448], [28.8958627898644, -13.6934659251389], [28.9247131383264, -13.7019132631861], [28.9499457941711, -13.7362902073437], [28.9616120970867, -13.7753863762153], [28.9751770154064, -13.7708744343839], [28.9984617482194, -13.7795623022303], [29.0072588806265, -13.7985486579634], [29.014446797983, -13.7875221801521], [29.0163639177837, -13.8040399537279], [29.0315658261642, -13.8096935471721], [29.0304552856908, -13.8170672092124], [29.044528236338, -13.8271226817738], [29.0580848703941, -13.8191245401812], [29.0638053897341, -13.8434060611707], [29.0724301192685, -13.8513096256934], [29.0768972013262, -13.8473122841256], [29.0824096331172, -13.8690842178953], [29.0944347033943, -13.867490952898], [29.1235179382971, -13.9077324276658], [29.1311881997573, -13.9450023797729]]]}}, {"type": "Feature", "id": "107002", "properties": {"name": "Kaputa", "province": "Northern"}, "geometry": {"type": "Polygon", "coordinates": [[[29.755198974555, -9.23529040904515], [29.6409054379126, -9.32334732698448], [29.63501582689, -9.31789236402787], [29.618473943821, -9.32674060726752], [29.6103650394992, -9.32063214996576], [29.5887111971862, -9.32511754654121], [29.5559877515969, -9.30120049384938], [29.5537143563613, -9.30713407543345], [29.5364657003864, -9.30178810490594], [29.5183244927181, -9.31962875033582], [29.4185916308367, -9.32280711430806], [29.4046327976717, -9.30927218314615], [29.3911548668142, -9.30967378767952], [29.3799925457225, -9.29298039307886], [29.3514985831882, -9.28956446037113], [29.3437351565516, -9.30075426618991], [29.3338498993324, -9.29718884636236], [29.3440346692403, -9.24132574660307], [29.3329038062516, -9.23129015433089], [29.3374445465693, -9.21908918310332], [29.32973799407, -9.2036437889929], [29.3041317486615, -9.21912364337819], [29.2954279835518, -9.19386827736709], [29.2861425027017, -9.19802192375491], [29.2767283759164, -9.19011280539957], [29.2509825224313, -9.14514873189144], [29.1905377579786, -9.14590160527369], [29.190390613935, -9.13758010839168], [29.1753297769868, -9.1341790992341], [29.1792057424347, -9.1265269392411], [29.1680332847534, -9.12936795460324], [29.1710138760014, -9.12086024884992], [29.1557605552406, -9.11733979487088], [29.1564580790925, -9.12460027733904], [29.1504875648971, -9.12399951513676], [29.1260096079771, -9.09964976267942], [29.1082192068004, -9.09592212367649], [29.1157298726688, -9.085079259804], [29.1103583191723, -9.07893013225251], [29.1236208223466, -9.07747498007661], [29.1223173390215, -9.06624490672191], [29.1320707496081, -9.06306537406748], [29.1321087779891, -9.05121689481183], [29.1425955120882, -9.04223646335073], [29.1720525862864, -9.04909415340475], [29.1757784594201, -9.01023220103786], [29.1879243468146, -9.00097656043054], [29.1888032827432, -8.96605023558068], [29.1986503579695, -8.9488216762174], [29.2642119343654, -8.92619130100095], [29.2946893923184, -8.88983429087365], [29.3088313057316, -8.86360350292648], [29.3051710464446, -8.84946581019643], [29.3168886323831, -8.7976307940804], [29.3150822703654, -8.72685383315707], [29.3718400758043, -8.72325942161315], [29.4397925740245, -8.62448188962745], [29.4886831974114, -8.58147597124294], [29.4880652301578, -8.53465743184167], [29.4983805100052, -8.50066809109593], [29.5292312772475, -8.48033415566594], [29.596299123559, -8.39964988313238], [29.607737939807, -8.41697628703148], [29.6192379394106, -8.41897628688494], [29.670537939611, -8.39987628566034], [29.6979379400805, -8.36957628758928], [30.214012098259, -8.30164607785163], [30.2199584154338, -8.33205842807868], [30.2155114520452, -8.35157002706921], [30.2056376178032, -8.35595152723613], [30.1971326857984, -8.378148748145], [30.1692942490798, -8.39367606675309], [30.1606674579118, -8.4218488811047], [30.1370666007638, -8.45047208757099], [30.1436911747243, -8.46822280040296], [30.17565820381, -8.48812726356695], [30.1866280958864, -8.50849935173632], [30.1426097926667, -8.52562242228875], [30.0738200421438, -8.51933299414985], [30.0490241867161, -8.52720200771241], [30.024125011556, -8.51346453508992], [29.9451709790019, -8.52033650111992], [29.9291476142947, -8.54076049680275], [29.9162598936469, -8.54065332139397], [29.8938642971324, -8.55865429274873], [29.8945980114121, -8.57627727663045], [29.8866452181169, -8.58330414820507], [29.7610821257923, -8.67004921731693], [29.6711408502021, -8.75471484264374], [29.563089888827, -8.87062158888723], [29.5361425799719, -8.91265687811926], [29.5605575982282, -8.94528483109123], [29.5553025346645, -8.95824227170933], [29.5455249450237, -8.96129836319619], [29.5430390083919, -8.99878733033252], [29.5314420841623, -9.00149728626006], [29.52321972801, -9.01573214758002], [29.5444300648807, -9.02572343894892], [29.5471107886055, -9.05807786630603], [29.5668153074132, -9.05339748725723], [29.5942117451643, -9.06628697974076], [29.608317865205, -9.05585832227987], [29.624353233201, -9.05820139583153], [29.6315355432736, -9.04703275673296], [29.6653064397555, -9.04432615819495], [29.6901848674258, -9.03286044042794], [29.7184660828497, -9.04603573699024], [29.7077381897243, -9.08426949244321], [29.7140998546489, -9.10181707404274], [29.7006193797625, -9.12917046406286], [29.7222502449672, -9.17732263173588], [29.7500968931859, -9.19012921711744], [29.7583121553424, -9.2040270786902], [29.7506196309345, -9.21417391000536], [29.755198974555, -9.23529040904515]]]}}, {"type": "Feature", "id": "107003", "properties": {"name": "Kasama", "province": "Northern"}, "geometry": {"type": "Polygon", "coordinates": [[[31.1221189426186, -9.76590037466617], [31.1624061319333, -9.7825715499696], [31.2511854349069, -9.89762409211995], [31.2450057722521, -10.0182784843472], [31.2723864221121, -10.0774890351582], [31.2438185902137, -10.1498474164195], [31.2550619725817, -10.1682028286721], [31.2880544132929, -10.2007958314418], [31.3409444072916, -10.2120252728393], [31.4425379388413, -10.2154762869978], [31.4796740717012, -10.237745206157], [31.4955421176958, -10.2902508611174], [31.5262207246106, -10.3406772101686], [31.5094405705991, -10.3906870688047], [31.5197558477515, -10.418669461401], [31.5171679963523, -10.4775462526774], [31.5277684913024, -10.5157331314151], [31.5420767816894, -10.5333292890544], [31.542008849291, -10.5653471308345], [31.5245332016201, -10.5650625060232], [31.5005249629824, -10.5885160186588], [31.481893542867, -10.5670952539106], [31.4614032200696, -10.5630764629124], [31.4278191408274, -10.6002014337235], [31.3292535534193, -10.6295430968686], [31.3430389479542, -10.6589753747391], [31.3221231749534, -10.6547242213085], [31.3054856266965, -10.6693460688766], [31.3196275419063, -10.7114558665949], [31.274872535712, -10.7420944806586], [31.2538141560582, -10.7212175909461], [31.2367963221955, -10.730068259316], [31.2073240934184, -10.7214978254315], [31.1437686598679, -10.7526958367225], [31.1365907470486, -10.7673596560617], [31.1578155036762, -10.7778667312753], [31.1561042139583, -10.7970820550511], [31.1649696488697, -10.7999537416009], [31.1729081373923, -10.7882100042476], [31.1871926601534, -10.7851047267718], [31.2131947706498, -10.8131444698554], [31.1947983938301, -10.829229368127], [31.1775904171645, -10.8166229902081], [31.1496155676767, -10.8267081356747], [31.1534897409857, -10.8432825199369], [31.186550925274, -10.8723204966842], [31.1589088279371, -10.9010289012917], [31.1532995963861, -10.9229667896863], [31.1041712931481, -10.9672810451696], [31.0733680620556, -10.960374150398], [31.0828276983915, -10.9331650217722], [31.066950723143, -10.9180192359152], [31.0596064333499, -10.92212664241], [31.0634093010866, -10.9438762881751], [31.0469381289052, -10.9568039672328], [31.0281139321265, -10.9446230281713], [31.0098126294033, -10.9434329103568], [31.0254756933248, -10.9190460917621], [30.9960747710184, -10.9324882599836], [30.9821705320664, -11.0032596120186], [30.9517000513282, -11.0200107796955], [30.8850547868994, -11.0365743702471], [30.90038509867, -11.0627709287172], [30.8991016307078, -11.0756000899295], [30.8863857910115, -11.0744338263332], [30.8686311508679, -11.0501511521617], [30.8581257282176, -11.0528104427943], [30.8459803169301, -11.093769884841], [30.8241138263214, -11.1083235660063], [30.8205961727891, -11.1310155975599], [30.7920508921976, -11.16583148219], [30.7619369321344, -11.1789359119358], [30.7497202179695, -11.2005732466643], [30.7385492928141, -11.2048399018183], [30.7399991350551, -11.2222555916174], [30.7203430596957, -11.2813025706612], [30.6856418876684, -11.331202145301], [30.6233502085511, -11.3357831479831], [30.613474636069, -11.3285354301036], [30.625429902757, -11.3270206103201], [30.6532621419985, -11.2891009026086], [30.622102392926, -11.2677266138191], [30.626669184387, -11.2315506997704], [30.6106914118754, -11.2088400341129], [30.6347880366523, -11.1903750556134], [30.6400169816991, -11.1731206682067], [30.6599820379903, -11.1620213606575], [30.6642840330551, -11.145768032892], [30.6579855331697, -11.1399380668721], [30.6743616339496, -11.1416171097774], [30.6809215813119, -11.1237767939269], [30.6929006156256, -11.1162438874], [30.6986762232521, -11.0900987607146], [30.6916884514391, -11.0852939637646], [30.7068761556583, -11.0831714292169], [30.723632544739, -11.0630182527859], [30.7274562731533, -11.0299247468444], [30.7616706328567, -10.9802468238213], [30.7662008988182, -10.9475540296868], [30.7781799340303, -10.9400399422601], [30.770740576429, -10.9179399470938], [30.7855762003457, -10.8940451638761], [30.7764704121968, -10.8825113314001], [30.7845552892798, -10.8649598522747], [30.7775619721665, -10.8335786138272], [30.7322013622319, -10.7886003037936], [30.7354927454154, -10.7750789488454], [30.7293278025549, -10.7603112362465], [30.7190563569002, -10.7593502030452], [30.7098031111957, -10.7092614867266], [30.6914507796728, -10.676016818565], [30.6922588897294, -10.6413771406787], [30.7144856928019, -10.6160137107471], [30.7131258204299, -10.5997762857354], [30.7018761399735, -10.5915429847255], [30.7078981869234, -10.5709177610736], [30.6770474187827, -10.564562538277], [30.6524753732181, -10.5764580438867], [30.6154859388374, -10.5660604185791], [30.5989566456571, -10.5792060168937], [30.5677970789426, -10.560290487048], [30.520536198907, -10.5534986555839], [30.5036865431402, -10.5380888311478], [30.4889266633717, -10.5403554249533], [30.4924443160057, -10.5284147210463], [30.4746815272442, -10.5062522353553], [30.4714572401275, -10.4840127490762], [30.4585406826608, -10.4824459508738], [30.4521208949407, -10.4679669296869], [30.436898673855, -10.4673720521639], [30.4352465076558, -10.4576157317677], [30.4200227567392, -10.4571347420387], [30.4030531498308, -10.4265611743652], [30.3708000738024, -10.4152472448676], [30.3625801790339, -10.3845526399951], [30.3369070127301, -10.3765804323888], [30.3203170042164, -10.3449000063985], [30.2918130964336, -10.3352995189775], [30.2849297438909, -10.3241360772226], [30.2996439658868, -10.3000437981872], [30.3218208046632, -10.2834664886952], [30.3497985934387, -10.2789751386683], [30.3734007037365, -10.2458509896479], [30.3905372463707, -10.2497334409737], [30.3859975867262, -10.2607726803757], [30.3993075550834, -10.2961797415625], [30.4214593308635, -10.3028445517261], [30.4396180260353, -10.3247552449671], [30.4504561990399, -10.3258308701326], [30.4610089018202, -10.3129934283956], [30.4567309321978, -10.2879715340918], [30.4694227473501, -10.2744542446103], [30.4651373513552, -10.2077465648193], [30.4766800029685, -10.1990370392139], [30.5054715782548, -10.1978282663096], [30.5345396927147, -10.1848218580208], [30.6018956260429, -10.1859447207621], [30.6253783358664, -10.1705515464369], [30.6631218008253, -10.170972647104], [30.6645954133871, -10.1508528148944], [30.6836097475788, -10.1238059827435], [30.6772874845592, -10.1090182350838], [30.6847981522244, -10.0734966809496], [30.6763844827643, -10.0556642760089], [30.6561577912482, -10.0518260070736], [30.6483143759238, -10.0336882847669], [30.6230492585579, -10.0212603066525], [30.6144899982414, -9.94367656509671], [30.6021071622243, -9.9317133481822], [30.5735857732261, -9.92504087958203], [30.5628250790164, -9.88276399042183], [30.5440070581553, -9.86144317305598], [30.5467263124192, -9.84273365026452], [30.6025615857906, -9.82311341201883], [30.6308808412734, -9.83103666538891], [30.6985003636622, -9.82166903774347], [30.7238132031292, -9.83508817981629], [30.7264706128774, -9.8538090399759], [30.7744949090892, -9.87981429236716], [30.7844669714126, -9.90680677243861], [30.8222837487802, -9.93460227740943], [30.8998145849212, -9.93656889156211], [30.909433854578, -9.95199460885997], [30.9262208528538, -9.94164907606593], [30.9314734604235, -9.92792997123634], [30.9286690305992, -9.89309104868117], [30.937486853004, -9.88576218266463], [30.9450688999033, -9.82644673706881], [30.9725684732321, -9.81094276013973], [31.0147563261098, -9.81110664899072], [31.0263314572105, -9.79494641724027], [31.0620783957892, -9.80047360631203], [31.0874653094362, -9.7701869228064], [31.1221189426186, -9.76590037466617]]]}}, {"type": "Feature", "id": "108004", "properties": {"name": "Kasempa", "province": "North-Western"}, "geometry": {"type": "Polygon", "coordinates": [[[26.4734834421114, -12.9246961321451], [26.4916524014337, -12.9256891266508], [26.4948883190383, -12.9345902578267], [26.4966645946806, -12.924569172939], [26.5110155505519, -12.9222811434157], [26.5117225758845, -12.9107955606073], [26.528219824362, -12.9165384193277], [26.5352900767894, -12.9101064094282], [26.5322263006477, -12.9209029016414], [26.5392965512785, -12.9312395308155], [26.551551652252, -12.9192949443132], [26.53316900169, -12.9530599006019], [26.5110155496536, -12.9663808693785], [26.5282198261586, -12.9650028696416], [26.5322263006477, -12.9829162524167], [26.5455796531415, -12.9731563634083], [26.5408023001712, -12.991568881875], [26.5312475942305, -12.9979608321381], [26.5556334864103, -12.9998366996037], [26.5594125847246, -12.9862884503171], [26.5624073450996, -13.0098410865775], [26.5735364626618, -13.0142908128349], [26.5770246182151, -12.9931668815854], [26.5891462591819, -12.9804520541614], [26.585794981725, -12.9964323379299], [26.6004639771396, -13.0247449419424], [26.5955726432311, -13.0379265337563], [26.5834419589243, -13.0266531072285], [26.5777379398395, -13.0385762883874], [26.596588129371, -13.0585195866004], [26.5925794315516, -13.0876815079588], [26.6024144073693, -13.1008351542197], [26.5813973807613, -13.090228286105], [26.5859189618107, -13.1117500231858], [26.572051188171, -13.1588729692474], [26.5763588785547, -13.1740356348336], [26.5509109908594, -13.2002563742409], [26.5542489157578, -13.2162336940827], [26.5725055704148, -13.2216478999434], [26.5711054418399, -13.2561994884288], [26.5921343738205, -13.2959962930258], [26.611828136201, -13.3103432001736], [26.6029826340074, -13.3131583425836], [26.6009798778107, -13.3251223319476], [26.6291853508831, -13.338547281693], [26.6097697491353, -13.3472081449811], [26.6035389570696, -13.3708615429632], [26.6180033018894, -13.3747584462527], [26.61722445086, -13.3649078148702], [26.6333136791455, -13.3621468110206], [26.6421568340412, -13.3517105418988], [26.6674307881345, -13.3597303122937], [26.6790033132226, -13.3358561126402], [26.6712246116329, -13.3256577399416], [26.6853354478288, -13.3211958157287], [26.6880648171229, -13.3106780990099], [26.7628495214067, -13.29184599395], [26.801564516142, -13.2633104707591], [26.8109753317371, -13.2956886597103], [26.8267954436282, -13.312422945235], [26.8291646423922, -13.3395672172425], [26.8145673370289, -13.36313935469], [26.8478889303417, -13.3843300050599], [26.8731094014379, -13.419792289371], [26.8756418061228, -13.4374159959631], [26.8618964647715, -13.4426300919015], [26.8484837578919, -13.4983680385916], [26.7935687977493, -13.5862304293329], [26.7794376731027, -13.6704730763795], [26.7933259040763, -13.6966588329768], [26.8381188712779, -13.7210923719378], [26.8671264662371, -13.752807615821], [26.8796997082635, -13.7999877920081], [26.9332885753836, -13.819274900758], [26.9403076175517, -13.8298950177703], [26.9426879886629, -13.8450927731388], [26.9196362626649, -13.8960369463945], [26.90816635303, -13.9854815651322], [26.8593511809404, -14.0254294170927], [26.9012645993971, -14.0746694834032], [26.9675297839342, -14.12796731431], [26.9874389560317, -14.1662535806674], [26.986849295591, -14.2175373731319], [26.9805224376887, -14.2338316211076], [26.9589512610431, -14.2394675120538], [26.9680840830921, -14.250563493176], [26.9684251365746, -14.4233928303229], [26.9372891551278, -14.4190192162668], [26.9116197967824, -14.4245437683567], [26.8640839460317, -14.4141851215957], [26.8456638042812, -14.4252343267567], [26.8125075476931, -14.4176380561895], [26.7972960767464, -14.4337510480721], [26.7617630270369, -14.4374338552587], [26.7453631577329, -14.4571128142257], [26.7186242427523, -14.4525097062599], [26.6987780272849, -14.4666639608995], [26.6896273736776, -14.4651680248189], [26.6849926300552, -14.4523946261434], [26.6594421089404, -14.4460651923758], [26.6322278351559, -14.4502081152275], [26.6184424379261, -14.4751790980661], [26.5819586733036, -14.4551565037922], [26.5542690398168, -14.466203674617], [26.5444053520459, -14.4816227655944], [26.5329967470393, -14.4795516067806], [26.5237097660027, -14.4897026250442], [26.51152960788, -14.5372701887658], [26.4433093281619, -14.5661229467796], [26.4245294039536, -14.5862612188522], [26.3993626808574, -14.638974190635], [26.3728893950115, -14.6607323991849], [26.3831399781921, -14.7017451362836], [26.3603227690771, -14.7163431459333], [26.3482336516152, -14.714187662165], [26.3300186644144, -14.7333537710433], [26.3150448706239, -14.723929131295], [26.3088652106641, -14.6977218890936], [26.2545555030207, -14.6849619633809], [26.2234077868814, -14.6627739342207], [26.1835636197154, -14.6537227645719], [26.1900153281708, -14.619240028893], [26.2002191702105, -14.615463702104], [26.2094731363638, -14.5953252304187], [26.2118223323414, -14.5632796846425], [26.2012723307951, -14.5535082567815], [26.2134507012704, -14.52697797396], [26.1951054152343, -14.5163384488409], [26.1884229439554, -14.5071390271167], [26.1948896955985, -14.5011811483994], [26.1857673398209, -14.4947509541667], [26.2008899628944, -14.4879372143637], [26.1923541189624, -14.4748697146319], [26.2077901049498, -14.4665738871123], [26.2062200142248, -14.4609726745799], [26.1756266718036, -14.46486971267], [26.1444154887911, -14.4546878480457], [26.1423579991425, -14.4407108472081], [26.1654802599582, -14.4234409127058], [26.1502300563514, -14.4041427730372], [26.1113803960702, -14.4150630070691], [26.0923873654254, -14.408263210371], [26.0777673551433, -14.4200171378356], [26.0428708184063, -14.4019382944126], [26.0298860752163, -14.3715705012968], [25.9966953808134, -14.3524413891661], [25.9731853208828, -14.3091662571943], [25.9332338445662, -14.2694995059387], [25.9061670525918, -14.2545315093521], [25.8768029962464, -14.2174489250792], [25.8382953686112, -14.2038445722215], [25.8069092288157, -14.1434382139482], [25.8029174813074, -14.1206054689425], [25.8126618216046, -14.0945300046893], [25.8006809403547, -14.0751199103758], [25.8083579787053, -14.04241296466], [25.8018526605905, -14.0279437171243], [25.790508266262, -14.0280611281229], [25.7823321005832, -14.017200036122], [25.7836210779131, -13.9766618540649], [25.7364600042988, -13.9161280907457], [25.7009744934341, -13.8913723250548], [25.7004278290579, -13.8841965811085], [25.6859769320179, -13.8859963046548], [25.6626843649973, -13.8265287651694], [25.6332506739459, -13.8008804885925], [25.6329696063649, -13.7785299445951], [25.6192603647117, -13.7692160162634], [25.6200547727652, -13.7048605591849], [25.6371100780533, -13.6785441179302], [25.6642461202547, -13.6708273082159], [25.6477850460354, -13.6368128542508], [25.6237775152701, -13.6260135067], [25.6273214481177, -13.5923722849507], [25.6469631351612, -13.5544934691705], [25.494300059909, -13.3327186231121], [25.4719344419723, -13.3309378128895], [25.4560487593537, -13.3070173097037], [25.4020680848359, -13.3082920801396], [25.3845839498823, -13.2975979595808], [25.3281653213452, -13.3114789786251], [25.304458945389, -13.3386367343771], [25.2484587700776, -13.3408672858158], [25.2303378571483, -13.350479675183], [25.2193306751061, -13.3695085938423], [25.1258898084091, -13.3229319688821], [25.1478570810095, -13.2974972001675], [25.1484193886482, -13.2813116622548], [25.1356588209355, -13.2706008590817], [25.1482762349211, -13.2501343716811], [25.1450261688507, -13.2424142906276], [25.171342978954, -13.2308215007353], [25.1803747908392, -13.2149258436979], [25.2030256238787, -13.2169388880173], [25.2061154529603, -13.2069429199972], [25.2244405233092, -13.2213582739171], [25.3391920677959, -13.1691535320498], [25.4255647077666, -13.153878763932], [25.4415367544165, -13.1591787529115], [25.4609551481281, -13.1508699852069], [25.4741938809816, -13.1303167231591], [25.5010754062085, -13.1137663923477], [25.5048307377953, -13.0832321653842], [25.5227042178644, -13.0659609398954], [25.5319499401783, -13.0374121549862], [25.5733298967984, -12.9992493481513], [25.5741402867792, -12.9732721436977], [25.8812885054455, -12.8971792717494], [25.8837050382385, -12.8905769564368], [25.9063727991312, -12.8883540250337], [25.9153241812557, -12.8692094703331], [25.9142350413474, -12.8776040580439], [25.9343501261726, -12.8796943643126], [25.9436078329107, -12.8707025977669], [25.964603046627, -12.8704769934124], [25.9951229589604, -12.8569211432918], [26.0191618112847, -12.8831131394328], [26.0395476986421, -12.8879376826596], [26.0519929487069, -12.9076215972662], [26.1544989709558, -12.9481401578611], [26.3295457939438, -12.9539786111331], [26.3681964962542, -12.9231999682067], [26.4400773730259, -12.9305504369215], [26.453746522868, -12.9413460441863], [26.473927845869, -12.9363394931609], [26.4734834421114, -12.9246961321451]]]}}, {"type": "Feature", "id": "103012", "properties": {"name": "Kasenengwa", "province": "Eastern"}, "geometry": {"type": "Polygon", "coordinates": [[[32.3502376667142, -13.4557809142951], [32.3594131488577, -13.4775200028614], [32.3800318247395, -13.489816012747], [32.4320360448339, -13.4928783561603], [32.4554831023204, -13.5089405917408], [32.504929577154, -13.510574704323], [32.5342879696216, -13.5222384540125], [32.5391996449814, -13.4941812936406], [32.5522331289622, -13.48642177601], [32.5724849247972, -13.4902822678703], [32.5662989847152, -13.5179295912409], [32.544770875101, -13.551757322642], [32.5600798168492, -13.5894734441055], [32.5405295917764, -13.6164896297843], [32.539567168222, -13.6293288377578], [32.5115969100237, -13.6450719865875], [32.4989381771283, -13.6427877037602], [32.4915142588718, -13.6316518256191], [32.4839951623144, -13.6347927161606], [32.4866748700446, -13.6573566607905], [32.4775230279661, -13.6780989051589], [32.505309438755, -13.6950795716136], [32.4935415022449, -13.6987319288478], [32.4645945920763, -13.748715155701], [32.3012051526315, -13.9151172750628], [32.2186740277177, -13.9394772903127], [32.1558544626068, -13.9747133347169], [32.1627243323353, -13.937078206181], [32.1482258982471, -13.8945364980229], [32.1633898348405, -13.8610097870935], [32.1614553299442, -13.8313947343191], [32.1486076867345, -13.824764352666], [32.1365213863893, -13.8327115470631], [32.1128840998616, -13.8259079343564], [32.1025940878265, -13.8144025580684], [32.1090892864197, -13.8048143113669], [32.1010951957743, -13.8035666543252], [32.0906267450862, -13.7846661563868], [32.0646697461868, -13.8000546978069], [32.0319796307895, -13.7778495849277], [32.0333119778829, -13.7613822942107], [32.0553489875972, -13.7761115611774], [32.0889756020681, -13.7703182644351], [32.0353076257108, -13.6983519462363], [32.0450383412601, -13.6866273866201], [32.0488153887205, -13.6476888664314], [32.060881916248, -13.6188563207551], [32.084823401077, -13.6153649828853], [32.2533253315685, -13.6312108151735], [32.2397830867266, -13.6219747537287], [32.2381668684101, -13.6042106850696], [32.2123549016151, -13.58637597499], [32.1958124265563, -13.5871383678514], [32.1818606541494, -13.5640807038013], [32.1643912291086, -13.5596445023545], [32.1578075141205, -13.5443251095959], [32.1487757022353, -13.5467513234223], [32.1294761466526, -13.5301832583548], [32.1223457699832, -13.5330948832701], [32.1252929924118, -13.5091768962937], [32.1177110227676, -13.5022436966867], [32.1145257449922, -13.4682911051661], [32.2188435452017, -13.3636300410619], [32.2331756032144, -13.3789147547647], [32.2329616927857, -13.3929268191932], [32.2429204537547, -13.3992389179435], [32.2574426572654, -13.4349349933875], [32.2496467762941, -13.4557860741094], [32.2609840784234, -13.4682449986106], [32.2910742699625, -13.4692620253749], [32.3502376667142, -13.4557809142951]]]}}, {"type": "Feature", "id": "103003", "properties": {"name": "Katete", "province": "Eastern"}, "geometry": {"type": "Polygon", "coordinates": [[[32.0303141937786, -13.7409673413175], [32.0319796307895, -13.7778495849277], [32.0407826435685, -13.7877393247397], [32.0646697461868, -13.8000546978069], [32.0906267450862, -13.7846661563868], [32.1010951957743, -13.8035666543252], [32.1090892864197, -13.8048143113669], [32.1025940878265, -13.8144025580684], [32.1128840998616, -13.8259079343564], [32.1365213863893, -13.8327115470631], [32.1486076867345, -13.824764352666], [32.1614553299442, -13.8313947343191], [32.1633898348405, -13.8610097870935], [32.1482258982471, -13.8945364980229], [32.1627243323353, -13.937078206181], [32.1558544626068, -13.9747133347169], [32.2186740277177, -13.9394772903127], [32.297250789412, -13.917700089401], [32.2929785043287, -13.9655310971116], [32.2637021639792, -13.990989531153], [32.2376741074425, -14.0096259773398], [32.2204423622528, -14.0061437469211], [32.1599434868806, -14.0246400482354], [32.1906991800265, -14.0374607424137], [32.2177424756664, -14.0318031990887], [32.2629402902103, -14.0592892457812], [32.2705334322017, -14.0792186842723], [32.2630961982178, -14.1043070890735], [32.2910220931158, -14.1359397131677], [32.2855543767648, -14.1690967581975], [32.3200917652544, -14.2225656364923], [32.3111885840331, -14.2358000178246], [32.3186908102295, -14.2709376762259], [32.3090838492887, -14.3106708513743], [32.251081594212, -14.3231678023783], [32.0806275428614, -14.3804913298229], [32.047461099378, -14.3614247713267], [32.0165993178919, -14.3610405733878], [32.0137019789111, -14.3380047832333], [31.9905815829979, -14.3309766124114], [31.9890638523759, -14.314217986848], [32.0228060764306, -14.288222990685], [32.0503943098847, -14.3082478850304], [32.0565494952446, -14.2862350128369], [32.0499238271361, -14.278556157049], [32.0610391501688, -14.2651119065914], [32.0439880193518, -14.2723857864165], [32.0351710916691, -14.2684068789827], [32.0326135090034, -14.2410744493669], [32.0112756041759, -14.2106412854489], [32.0005656602882, -14.2028418169802], [31.9903784200132, -14.2063691438247], [31.9485463377173, -14.1793456620769], [31.9193556571201, -14.1909691179864], [31.8935242022732, -14.1856606720347], [31.8823242202115, -14.1718749993681], [31.8428040672837, -14.1533065983453], [31.83711799025, -14.138240526344], [31.7974769663057, -14.1083802651897], [31.8055609172256, -14.0681588972289], [31.8006175358278, -14.0623530770224], [31.8107457289409, -14.0384109469129], [31.8207993538005, -14.0348438327555], [31.8130442258005, -13.9980695899872], [31.7991621132523, -13.9938313684901], [31.8057231772204, -13.9834469447808], [31.796952205551, -13.9812942483267], [31.7977603156076, -13.9693007641926], [31.8140175755636, -13.959520998661], [31.8091689197159, -13.9532931010013], [31.8271850064381, -13.9345161272443], [31.8229543160474, -13.9285643854183], [31.8370724636314, -13.9019872913412], [31.8335072730509, -13.8902665636467], [31.8428718379853, -13.8678847819724], [31.8558015890087, -13.8476239472159], [31.8648809361454, -13.8506701105764], [31.8729417024462, -13.8135976203414], [31.8875079997625, -13.8001725403562], [31.8932360712391, -13.7500565100478], [31.9074017531764, -13.7609993889114], [31.9344734212062, -13.7647161583658], [31.9503257152423, -13.7901308209962], [31.9574395036216, -13.7880974738024], [31.9860136147439, -13.7537589269688], [31.9818500258099, -13.7426428810548], [31.9917712632511, -13.7183636981506], [32.0053802493254, -13.7146655508378], [32.0077118589847, -13.7301973688433], [32.0158962846725, -13.726314508992], [32.0303141937786, -13.7409673413175]]]}}, {"type": "Feature", "id": "104004", "properties": {"name": "Kawambwa", "province": "Luapula"}, "geometry": {"type": "Polygon", "coordinates": [[[29.3436696163668, -9.24293795087633], [29.3335171471815, -9.29507782687929], [29.354385385829, -9.31965868512756], [29.3476829773408, -9.33743644655504], [29.3600896887815, -9.35188325733879], [29.3587109203475, -9.37059749895549], [29.3483958686722, -9.38776300493196], [29.3254835899524, -9.38705951438789], [29.3296189798713, -9.41299379198602], [29.3209201492074, -9.41909025521851], [29.3294292107675, -9.4570261243808], [29.3448779878661, -9.46757616667257], [29.3416457794053, -9.48703434763219], [29.3541884023552, -9.49971985018994], [29.3452131798414, -9.51606523034149], [29.354765631909, -9.53105717055736], [29.3712603848666, -9.5263223378908], [29.3923191409146, -9.55074606155111], [29.4141854859963, -9.53452626557125], [29.4402351326425, -9.5395423033381], [29.4453214683413, -9.55023043441077], [29.469992533403, -9.55290244113577], [29.4626246637321, -9.59705738766193], [29.484633388193, -9.5925577833369], [29.4979436134684, -9.59804166814449], [29.5069279332212, -9.61336792925709], [29.5248964819968, -9.60441595786523], [29.5324071451704, -9.64772065376956], [29.549662518747, -9.64200325266539], [29.5750186498242, -9.65759485943161], [29.5949524420486, -9.65873340095268], [29.6094194872042, -9.65075669084922], [29.6233153008571, -9.66449293760829], [29.6545862200393, -9.66271667059558], [29.7083729797283, -9.69008262555941], [29.7268405857634, -9.68588882183418], [29.7370401895516, -9.70782219786485], [29.8027043724176, -9.70026084275978], [29.815489571037, -9.71067396571175], [29.8212525222994, -9.7438209368847], [29.8460188896297, -9.76976550672882], [29.863692614024, -9.77200482870898], [29.8706484642034, -9.78106776653926], [29.8578138097344, -9.79170139828349], [29.8679714343511, -9.80725656911511], [29.8830553472223, -9.81765161110559], [29.9083917854318, -9.81755797357473], [29.9236507350362, -9.83071970498052], [29.9344956463038, -9.88371893937972], [29.9256000792028, -9.89253988525715], [29.924152001253, -9.93451660932802], [29.9108896049783, -9.95669119032968], [29.9096061370161, -9.98215100558593], [29.9340340730462, -10.0541780099265], [29.9194202737159, -10.073250018921], [29.8961913577231, -10.1628826082094], [29.8821853665989, -10.1825338495693], [29.8479856323666, -10.2018834882272], [29.8373090581968, -10.2260326730387], [29.7979577175755, -10.2027973668343], [29.7781912617256, -10.201885925726], [29.6467836556024, -10.2432897842732], [29.6476578160868, -10.2595657309447], [29.6320185215878, -10.2829059935608], [29.5861464262017, -10.2836543513845], [29.5315397454068, -10.3163958720658], [29.5325094785526, -10.3051486571143], [29.5071035897918, -10.261089444128], [29.510817093124, -10.1621864338686], [29.4950922008565, -10.151948571839], [29.4728263641882, -10.1788058868935], [29.4426600539036, -10.1909190126418], [29.4373693029685, -10.1823289872622], [29.4180459411325, -10.1789602871036], [29.3432527657356, -10.2024066102253], [29.3219567062306, -10.1828969933062], [29.294537547391, -10.1912176751768], [29.2677548745746, -10.1607293950347], [29.2676788169145, -10.126533124204], [29.2573159811543, -10.1224712546671], [29.2506799626571, -10.1030784003615], [29.2572256609424, -10.065173788369], [29.2140513914074, -10.0329052598117], [29.2109470419576, -10.0396573900656], [29.1873827121057, -10.0387018545652], [29.1772654469981, -10.0515510943839], [29.1799464752517, -10.0954220178526], [29.1697975508186, -10.1059284367879], [29.1721237041108, -10.1303390777199], [29.1336196652452, -10.1193421158769], [29.1006297838342, -10.1259403383908], [28.944365501847, -10.0960473158742], [28.9341238326489, -10.1062087729786], [28.9409518363937, -10.0448239442342], [28.9306628933538, -9.97182014977391], [28.9342369970185, -9.91016043639732], [28.9244310493608, -9.8852445379023], [28.9350552993603, -9.85091397118958], [28.9065715147382, -9.77007986598808], [28.942736884983, -9.62143781095652], [28.9256270807032, -9.38198156290675], [28.9308084878035, -9.36237681292009], [28.9598053568782, -9.32616609634518], [29.1355453962962, -9.35538825127361], [29.1864562921296, -9.27006020878217], [29.2046149873014, -9.21478995833295], [29.3059614201642, -9.24270768025804], [29.3436696163668, -9.24293795087633]]]}}, {"type": "Feature", "id": "109005", "properties": {"name": "Kazungula", "province": "Southern"}, "geometry": {"type": "Polygon", "coordinates": [[[25.9994765945775, -16.4249312534012], [26.0131132011518, -16.4519660336278], [26.01204364272, -16.4657564027797], [26.0046803966778, -16.4678353809011], [26.0138262380102, -16.4771070771084], [26.0007538794356, -16.4845370792099], [25.994075093046, -16.510448683156], [26.0067645285612, -16.5258017472311], [26.023891735903, -16.6086234051786], [26.0298693719419, -16.6927975826541], [26.0553248171636, -16.6924560876716], [26.0669948687489, -16.7005152073268], [26.0939001598049, -16.6967247323713], [26.1040728329992, -16.7083577230991], [26.1057603550914, -16.7286625378891], [26.1205677710098, -16.7499438530915], [26.1144118786757, -16.7787324298886], [26.1251800387837, -16.8231371919616], [26.1456085709644, -16.8352970626127], [26.1687862174089, -16.8713295102964], [26.2570049249329, -16.8702871653121], [26.2518506739036, -16.911245754174], [26.2694737611637, -16.9576277632551], [26.2575184926791, -16.9752234528393], [26.2591347145888, -17.0117962904168], [26.2448501918276, -17.0417038805936], [26.2317065267823, -17.0417720552466], [26.1997624370757, -17.0683803232977], [26.1874268820869, -17.0683803232977], [26.1662971986574, -17.0940760819344], [26.1843132835829, -17.1226757722303], [26.1805817232152, -17.1333512571851], [26.1353275905911, -17.1539055166056], [26.0398993720079, -17.2572327739494], [26.0165830346666, -17.270124761831], [26.0033443027114, -17.3028953986097], [25.9831194410635, -17.3166878851756], [25.9788032553123, -17.3523957221049], [25.9680601303529, -17.3574955203971], [25.9627188294203, -17.3779710423431], [25.9710471256907, -17.3847939879072], [25.9919819573486, -17.3773540613689], [26.0058265760135, -17.3810149637779], [26.0145139935817, -17.3944155431526], [26.0292311216275, -17.3915304896512], [26.0615395895729, -17.4284905841241], [26.0736271870854, -17.4302813863842], [26.0781192171552, -17.4183612503461], [26.094815994932, -17.4248274800102], [26.0815076651018, -17.4495521481199], [26.0890723610414, -17.459144873271], [26.0838902820013, -17.4677897453573], [26.0947161435949, -17.4700903277273], [26.0758884092506, -17.5285248405956], [26.0819288474093, -17.5466314170965], [26.1101666436623, -17.5669436898597], [26.1698016837859, -17.4699034722228], [26.2128884259711, -17.4698401067713], [26.2037504763385, -17.4809770329212], [26.2144365573789, -17.4911693102992], [26.2096259191324, -17.4995113171993], [26.2648150010822, -17.5621678272139], [26.2623906709125, -17.5725685173969], [26.2774833037302, -17.5735881572194], [26.2919817378185, -17.5927790389003], [26.2593959123341, -17.6463078657935], [26.2674057019374, -17.6587420403982], [26.2523368394404, -17.6735305667918], [26.2554979740943, -17.6901294089857], [26.242164166246, -17.6981678573998], [26.2486528098326, -17.7108475007386], [26.2394308551445, -17.7258128536249], [26.219822315935, -17.7310198690869], [26.2257167625888, -17.7459156276357], [26.2071777818111, -17.7594067663969], [26.2424612660599, -17.8059614765728], [26.2510177191412, -17.8303090317516], [26.2686535202575, -17.8238151660188], [26.2816545750565, -17.8423684390247], [26.3017147036475, -17.8344269698556], [26.3248171269669, -17.8479566653255], [26.3544081929745, -17.880622793116], [26.3691918430638, -17.9142327751352], [26.3849975136382, -17.9101619178689], [26.3942050683324, -17.9366812941598], [26.347775113765, -17.9296694164188], [26.3087892554119, -17.9365999275799], [26.2866918411813, -17.9189440099105], [26.2451014964267, -17.917433883928], [26.2175102536163, -17.8842465571939], [26.150526194968, -17.9200669182141], [26.1265568120595, -17.919215059015], [26.0876116446939, -17.9345479063756], [26.0923322708507, -17.9473242636979], [26.1062092872563, -17.9477501266148], [26.0916404566908, -17.9817771140466], [26.0530615459413, -17.9810803800853], [26.043742380963, -17.9724871177804], [26.0327547148204, -17.9803062299131], [26.0037391437198, -17.9766289681028], [25.9901876911462, -17.98324798507], [25.9888447538139, -17.9970658310665], [25.9688227892494, -18.0024455939346], [25.9400920820102, -17.9923051820085], [25.9174656337391, -17.996098230908], [25.9099370482773, -17.9837511742553], [25.8576846021104, -17.9739967756014], [25.8787111472672, -17.9647786846238], [25.9253552673849, -17.8984705140433], [25.9265731116189, -17.8314559771834], [25.9775896412449, -17.7885153418027], [25.9891465787662, -17.7491645426091], [26.0003214556106, -17.750695375882], [26.0166433978604, -17.7371057600122], [26.0130686950193, -17.7290065526523], [26.0208113499117, -17.7284124998713], [26.0241454012746, -17.689888553926], [25.9891906438258, -17.6661831802382], [25.9257031965725, -17.6505384918377], [25.9243908872998, -17.6576408690543], [25.9004508433686, -17.6599779724061], [25.8663788899939, -17.702019786665], [25.7887224100873, -17.7000714928216], [25.7863770166783, -17.7186837707751], [25.7625515366918, -17.7497624629646], [25.6169351492606, -17.744475889692], [25.6169543723093, -17.8415015623819], [25.6062944573965, -17.838345365269], [25.5864363563196, -17.8472029386654], [25.5505349057154, -17.8385489917501], [25.5131360749236, -17.8650185615919], [25.4541678506422, -17.8426893628856], [25.4329549787257, -17.8535828336461], [25.3985509074107, -17.8517842689608], [25.3682111486144, -17.8334243000672], [25.3483173969972, -17.8404495031799], [25.3079238094236, -17.8252787923356], [25.227350541112, -17.7693701941942], [25.1901656207489, -17.7681479520173], [25.1563082138102, -17.7417998318592], [25.159201956835, -17.7177062432275], [25.1491481253628, -17.7046308479945], [25.1347804159114, -17.7115592274277], [25.1325343456301, -17.6936943292422], [25.0946363902052, -17.7086045092979], [25.103157098423, -17.6902640133311], [25.0952379389504, -17.6844083512157], [25.1018179753374, -17.6636114036076], [25.0876129678519, -17.661390355954], [25.0821225762265, -17.6409383660577], [25.0666496560062, -17.6300319537206], [25.065401840381, -17.6154210817444], [25.0566671283098, -17.6138579900582], [25.0541358438241, -17.6288427423743], [25.0442959227807, -17.6290466062415], [25.0512123899196, -17.6009449598873], [25.0452585242015, -17.5885747729232], [25.0267551930658, -17.5844285332043], [25.0108188014478, -17.5977165597666], [24.9961302218617, -17.5892544772724], [24.9866111691563, -17.5605008231745], [24.9751669118127, -17.5533853446247], [24.9791836908764, -17.5218835330708], [24.971577955403, -17.5073092630416], [24.9870271070991, -17.4738497479205], [25.0185434406271, -17.4399781856559], [25.017166296347, -17.3943400627512], [25.0250602814321, -17.3658040072782], [25.0098133342182, -17.3476107816669], [25.0142890490859, -17.3282678057561], [25.0380447748905, -17.312256662965], [25.0432582473549, -17.2868989255881], [25.0669156094326, -17.2868050007589], [25.0755719390038, -17.2542339509632], [25.1039017505896, -17.2450745077008], [25.1114514473589, -17.224569801288], [25.1198372699435, -17.2220799561501], [25.1146729802409, -17.1933033770623], [25.0898106189394, -17.1770690642168], [25.0877203120368, -17.1644283381554], [25.0972127674232, -17.1591180367997], [25.0982948070476, -17.1466640798158], [25.104811648751, -17.1494839164075], [25.1126072638208, -17.1401077926553], [25.1163698178625, -17.1106839018621], [25.1268951283149, -17.1138803326731], [25.1331906422002, -17.0983677293], [25.1649879049687, -17.0922563493617], [25.1661191300497, -17.078152396993], [25.1750951529625, -17.0722754363748], [25.1713571929967, -17.0540086603218], [25.1780461770614, -17.0412890390505], [25.1564053477436, -17.0222902826928], [25.1711973458767, -16.981358818231], [25.1621106577075, -16.9713744634078], [25.1646419152437, -16.9636274100725], [25.1944857366296, -16.9940519619776], [25.2520222152315, -16.9585506813886], [25.2653778539377, -16.9166014453472], [25.2278128330218, -16.7819308601448], [25.2405126350953, -16.7071667492481], [25.2227672619722, -16.6991880731431], [25.2157794919559, -16.6870308833624], [25.1947448781312, -16.6907874012531], [25.1141716107179, -16.6657880926856], [25.0843024918753, -16.6681111349449], [25.1021034473583, -16.6348247261611], [25.1010873692286, -16.6229879859093], [25.0711041311073, -16.5975356667968], [25.0554707771672, -16.5946656638263], [25.0589468378035, -16.5854745348814], [25.0399800316768, -16.5711231910817], [25.0063603036909, -16.5562239986905], [25.0129202501549, -16.5350521776023], [25.0258440597209, -16.5233631084233], [25.0238297278334, -16.5072638447493], [25.0397661221464, -16.4946501090419], [25.0426182722752, -16.471317661142], [25.0754358343568, -16.4464095206363], [25.0727797702848, -16.4398101233079], [25.0845092400362, -16.4341850690122], [25.1041356054142, -16.3983878000562], [25.1558486689485, -16.3585901313187], [25.1806980352211, -16.3513719802733], [25.2008351781781, -16.3309698333522], [25.230362043389, -16.3209957970681], [25.2506264273161, -16.2913628160498], [25.290546397919, -16.2815537301841], [25.3019396803618, -16.2671105245722], [25.2953298360771, -16.2527497529758], [25.2977459286956, -16.2271607176], [25.3278572207623, -16.1752502878021], [25.3493392099716, -16.1660619102779], [25.3731694330628, -16.1335650402813], [25.4332379399554, -16.1000762870963], [25.4896379401284, -16.193576286957], [25.5283379392867, -16.1828762853735], [25.5617520006832, -16.1963969987519], [25.6094368433121, -16.1806871186521], [25.6390520012373, -16.187651000402], [25.6682379387299, -16.1807762870493], [25.678791999763, -16.1881169996003], [25.6848540010818, -16.204185998416], [25.6733379396009, -16.220876287846], [25.6871379398439, -16.2361762877848], [25.6856379392707, -16.2575762868289], [25.6622379400303, -16.2960762861925], [25.6762459999746, -16.3115929993128], [25.668637938763, -16.3382762860569], [25.6951720001295, -16.3618059995847], [25.6730480002581, -16.3712779988939], [25.6700379406754, -16.3966762861497], [25.6587379392917, -16.4048762874009], [25.6737100011303, -16.4297579997269], [25.6587780023567, -16.4774689998807], [25.6630779995683, -16.4970540003552], [25.6882379385874, -16.5133762849813], [25.6762379402899, -16.537876286824], [25.6840879995542, -16.5644819991015], [25.9994765945775, -16.4249312534012]]]}}, {"type": "Feature", "id": "102004", "properties": {"name": "Kitwe", "province": "Copperbelt"}, "geometry": {"type": "Polygon", "coordinates": [[[28.4407048993733, -12.7085211176257], [28.4663285990478, -12.7458815437122], [28.4202126326216, -12.7888258602214], [28.4140313592876, -12.8171957327667], [28.3983721311724, -12.8208924233795], [28.3986193825729, -12.8419464396615], [28.3808997291147, -12.8633200909949], [28.3468532771143, -12.8700473152261], [28.3355703859418, -12.9413264733048], [28.3102683693773, -12.9580332176202], [28.2769719073329, -12.9662255409669], [28.2637851878327, -12.9866248572014], [28.220845937339, -12.9916842701964], [28.2085456771578, -13.0117387227093], [28.1874159919316, -13.0005996397854], [28.1665002171341, -12.9653959218177], [28.1078969666745, -12.9274913170284], [28.1060622906573, -12.9209537678553], [28.117898453315, -12.9196828308712], [28.1415036843601, -12.8869856658035], [28.1561789006081, -12.8966559242005], [28.1767683183611, -12.8911666069626], [28.173079495343, -12.8733219348123], [28.1298128170131, -12.8361981929317], [28.1026328750421, -12.7831855387725], [28.1618681693559, -12.7538616402632], [28.1362332533168, -12.7209510876794], [28.1172380819867, -12.7141352941384], [28.1644169386503, -12.6445510218872], [28.2040844548106, -12.6818291246054], [28.2187886767607, -12.6826355280549], [28.2155694076332, -12.6904447699362], [28.2240961165971, -12.7010123256153], [28.2426286573526, -12.6981688921166], [28.2366686624292, -12.7094151309465], [28.2445863190203, -12.7125130653729], [28.2237480867981, -12.7291903329807], [28.2353635531535, -12.7334337356027], [28.2308826792612, -12.7477334861707], [28.2450648578603, -12.7609292747642], [28.2339714375509, -12.7645781486435], [28.252748355098, -12.7756773980046], [28.2772191578351, -12.7701787690953], [28.3096090338065, -12.7233138411098], [28.3229605878732, -12.7289413045898], [28.3707624396611, -12.7071542843316], [28.4293609200665, -12.715837158789], [28.4407048993733, -12.7085211176257]]]}}, {"type": "Feature", "id": "106009", "properties": {"name": "Lavushimanda", "province": "Muchinga"}, "geometry": {"type": "Polygon", "coordinates": [[[31.0575796858469, -12.1516373900791], [31.1018586271615, -12.1798272040116], [31.0912688059936, -12.193764232749], [31.0759992706419, -12.2708062933056], [31.0906924253477, -12.2994401169803], [31.1003540882995, -12.2876660987293], [31.1341364526743, -12.2823130747015], [31.1182891910004, -12.3235266623232], [31.1286652661313, -12.3412423753076], [31.1632838524412, -12.3567535938731], [31.1861607968276, -12.3420826821707], [31.2038782673797, -12.3427329990308], [31.2278575506209, -12.3626689705883], [31.246215828991, -12.3610270547383], [31.2504580250039, -12.3720441422784], [31.2783464475782, -12.3796825076551], [31.2917218312544, -12.3715698842918], [31.3071210932146, -12.3757553666715], [31.3453783478036, -12.4060921706387], [31.3571299268908, -12.4248404079727], [31.3689376156489, -12.4135020152695], [31.3990557690478, -12.4177669527176], [31.4153387396856, -12.4136080026935], [31.4213087310614, -12.4037177423837], [31.4288827092928, -12.4110795123969], [31.4383721229838, -12.4005753082087], [31.4514885618894, -12.4318370963729], [31.4858965848934, -12.4585273081558], [31.4923089058168, -12.4845495047346], [31.5053436537272, -12.4791055007608], [31.5594590818258, -12.4960212628303], [31.5330023842698, -12.5056905406728], [31.5226060943502, -12.5505401317502], [31.5094266287458, -12.5718774465675], [31.4974444260741, -12.5742265660891], [31.4951534669781, -12.5849301888949], [31.4827485629477, -12.5909603767933], [31.4753557829939, -12.6268025629006], [31.5080853667715, -12.6483723621968], [31.5353256988858, -12.6355079322898], [31.5349859012481, -12.6771221302995], [31.5673245966046, -12.7015342241011], [31.5649706692004, -12.7117617863687], [31.5783117417243, -12.720387401348], [31.5902305511847, -12.7506691779706], [31.5994131767314, -12.7585010593865], [31.607681611068, -12.7534185893121], [31.6129171245961, -12.7727217080052], [31.633194312211, -12.7731053993121], [31.6343420303607, -12.799993580225], [31.6507409330774, -12.8127762501737], [31.6975018458601, -12.8203605368079], [31.7104243061566, -12.8321334961659], [31.7231448287705, -12.8221383606815], [31.7377882716068, -12.826620951276], [31.7721277729175, -12.8585070757991], [31.9064854742815, -12.9449895589129], [31.9107564074004, -12.9663711890952], [31.8903754086747, -12.9774886473737], [31.9013680766368, -13.0044695774281], [31.8788479646408, -13.043893511873], [31.8692583043541, -13.0405939497556], [31.8703278618875, -13.0220692891961], [31.8629828750018, -13.0215482617271], [31.8663103830362, -13.0496821050943], [31.8442062125764, -13.059927587699], [31.8359468584107, -13.0772918377608], [31.810396337296, -13.071214489027], [31.8089702617824, -13.1033937950878], [31.7793791948765, -13.0986481896535], [31.7653969516151, -13.1142345622644], [31.7636098737316, -13.0944233676462], [31.7410771826267, -13.0915816981513], [31.7390569101803, -13.1007258486246], [31.7516776775768, -13.1128094977545], [31.7299775612469, -13.1184575892601], [31.7377972080473, -13.1425068217075], [31.7332575331314, -13.1657668331996], [31.7150275350822, -13.17719930033], [31.7211121227422, -13.1870344990703], [31.6483347327069, -13.2320862159154], [31.6476929987258, -13.2539033429942], [31.6596720321412, -13.2768520174295], [31.6468611210434, -13.2982025116839], [31.6587213154316, -13.3017183407102], [31.659695799767, -13.312751232429], [31.6335748502434, -13.3221183847973], [31.641917390201, -13.347234447793], [31.6169372992916, -13.3578490158949], [31.6181019282265, -13.3766257106367], [31.5865856575807, -13.3726022559911], [31.5762466110058, -13.378706780631], [31.5379287731357, -13.4324728606789], [31.4868536419122, -13.4350069871742], [31.4644391196914, -13.4255129392588], [31.4365215854136, -13.4282453807598], [31.4301736377635, -13.4181261211723], [31.422508481429, -13.4011329683641], [31.4361156196688, -13.3308356180759], [31.397373900952, -13.3030810277794], [31.3930956744114, -13.2775208667325], [31.3636234474311, -13.255890936433], [31.3841827015535, -13.1996672600144], [31.3777653617426, -13.1803156823957], [31.365227782833, -13.1777700719651], [31.365762559803, -13.1559577132411], [31.3597611597316, -13.1550319480314], [31.3685545048415, -13.1230843519299], [31.3639305571722, -13.1025216591187], [31.3373598921528, -13.0708304828155], [31.3557800321066, -12.9997432323947], [31.3282686576098, -12.9685927210823], [31.3098848661874, -12.9652921581695], [31.2968949972103, -12.9753674186736], [31.2677578858483, -12.9571827382687], [31.2589257371114, -12.9657553986935], [31.2461274060209, -12.9471672433812], [31.2316883918955, -12.9604280937442], [31.2134465091351, -12.9607176230798], [31.1871235320974, -12.9993958478437], [31.1741105925872, -13.0023485800209], [31.1800525726958, -13.010974984421], [31.1707830827561, -13.0295004756609], [31.1070566072805, -13.0362211380851], [31.1016414908826, -13.0424674974101], [31.0761503933238, -13.0250429058969], [31.0706837693242, -12.9950535349464], [31.0551157777025, -12.9885688682407], [31.0450144091822, -12.9695770896057], [30.9943403972926, -12.9613471526513], [30.963806862008, -12.9386546868649], [30.9489689222345, -12.9574748644351], [30.9286109958387, -12.9607176239552], [30.888205520859, -12.9286935279794], [30.8468493327629, -12.9479779692334], [30.799907678945, -12.9142726543659], [30.753560224755, -12.9062220863547], [30.7438747968725, -12.8800993956749], [30.7713386334227, -12.8506892843211], [30.7596210456875, -12.8334946211002], [30.760880746024, -12.7931451137619], [30.7398993448034, -12.7755279218773], [30.7330533217524, -12.7565972693856], [30.7390973917998, -12.7124777559623], [30.7767310017827, -12.6944110131884], [30.7774216050135, -12.6835362947243], [30.7048570276656, -12.6467367147528], [30.7002581411961, -12.6179014163467], [30.6773602876231, -12.600157823929], [30.6622950543199, -12.598722986904], [30.6500757907362, -12.6283157994198], [30.6373331318371, -12.6374471371422], [30.6016835562622, -12.6413913150185], [30.5549012096768, -12.5855628207196], [30.56999971029, -12.5384366520623], [30.5043888199782, -12.517446342597], [30.4790545853361, -12.4882760259719], [30.4428637119204, -12.479373393607], [30.4656862857742, -12.4283755857096], [30.4983012687761, -12.4083932621854], [30.5066881253215, -12.3938860437292], [30.5093620173586, -12.3485857614079], [30.4928730190087, -12.3103602661091], [30.4653319354289, -12.2962818981315], [30.4491224667443, -12.2754709819576], [30.4066143186538, -12.2777600383976], [30.3862144553071, -12.2692841513001], [30.3511567661982, -12.2829865788769], [30.3316076469515, -12.2744226457487], [30.3112517121205, -12.2453232171247], [30.3030564240043, -12.2571778132743], [30.3007614916598, -12.250265963577], [30.2668400501127, -12.2536067723289], [30.2621077674167, -12.2438286331163], [30.2305939626463, -12.2329925032121], [30.2300591847779, -12.2263723676674], [30.2072772516059, -12.2220209039643], [30.2209649525569, -12.2158672002417], [30.1759324199404, -12.2074390711918], [30.1702266778868, -12.2123627976527], [30.1599178120106, -12.1986093116346], [30.1328161680981, -12.1962011436093], [30.1356905847678, -12.177737804362], [30.1259723171734, -12.1702450672327], [30.12077099083, -12.1814840918858], [30.1054218943885, -12.1747138169023], [30.0829849726761, -12.1330763710159], [30.0515162390784, -12.1162290169898], [30.0527920318348, -12.0653169906664], [30.0429696432108, -12.0528184488606], [30.0207130088843, -12.0506710748607], [30.0007544303445, -12.0028842159609], [29.9215121670433, -12.0173675143534], [29.8647305948769, -12.0456344265709], [29.8449318724403, -12.0855048480226], [29.8416043626093, -12.1320411762977], [29.8118351561893, -12.1486840956618], [29.8101889027013, -12.1285905028848], [29.8212410076941, -12.1213635641233], [29.8244318586176, -12.101424558253], [29.818371026007, -12.0944234771265], [29.8250854791066, -12.0900658642141], [29.8100522357089, -12.0878289286531], [29.8106167253553, -12.075278503986], [29.7998320066017, -12.0762662898957], [29.7998617165831, -12.0646450443755], [29.7912458282677, -12.0640349147392], [29.7975443398312, -12.0450621063819], [29.7874429524462, -12.0330908232552], [29.7876212114363, -12.017341381311], [29.7930284253546, -12.0176610287585], [29.782065447611, -12.0083911030882], [29.7976928897381, -11.9904896546285], [29.7802531396444, -11.9801725336476], [29.7865070866849, -11.9660040141405], [29.7807790062252, -11.9552383498268], [29.7878856296418, -11.9392867049112], [29.8004588878379, -11.9434723585932], [29.8046658186877, -11.93817052114], [29.7941960268148, -11.9204650021199], [29.7963971849252, -11.9087059962498], [30.2515558883915, -11.8125036530078], [30.3320616716657, -11.7501728056363], [30.3421827788678, -11.751608962258], [30.4437573721347, -11.8152008389216], [30.4899150087119, -11.8224897428321], [30.5134295970499, -11.8448195203468], [30.5327144813474, -11.847044493241], [30.5364360048384, -11.8658820409646], [30.551070943324, -11.8748775431511], [30.5433066453215, -11.8818541005678], [30.5532182339583, -11.9001687964164], [30.5842519727527, -11.9289624626838], [30.5987331951201, -11.9308792518014], [30.6156162538424, -11.9163801796914], [30.7123207709335, -11.9190375600743], [30.7252883868444, -11.929206577051], [30.7306131282331, -11.946139068876], [30.7600044942615, -11.9652330219304], [30.7946590374373, -11.973649027042], [30.8256650793748, -12.0001619898334], [30.8524071043229, -12.0013129286382], [30.8525368381179, -12.0265103491508], [30.8841481783686, -12.041968665685], [30.902746581804, -12.0742190599071], [30.933823143288, -12.0743933779338], [30.9495099730386, -12.1007137774168], [30.9822502898872, -12.1058264896608], [31.0320440947322, -12.136442620218], [31.0406984507047, -12.1492626382465], [31.0575796858469, -12.1516373900791]]]}}, {"type": "Feature", "id": "110003", "properties": {"name": "Limulunga", "province": "Western"}, "geometry": {"type": "Polygon", "coordinates": [[[23.677951683186, -14.6210836958118], [23.6892765679031, -14.8280778777671], [23.9111185842833, -15.0771334462375], [23.8559215747011, -15.0739887751672], [23.7564517009073, -15.0943899914214], [23.7089795227439, -15.116725548915], [23.6306762711041, -15.1151123050478], [23.5551147468817, -15.1013183583659], [23.5338745122817, -15.1196899396227], [23.5084838858976, -15.1621093749522], [23.3333129876026, -15.2985839835927], [23.3176879879947, -15.2977294923051], [23.2410888691949, -15.2437133791926], [23.2393188494204, -15.1806030249783], [23.1843261724294, -15.1846923833523], [23.1738891600812, -15.1542968749542], [23.1456909193452, -15.1528930653728], [22.9333453280066, -15.1940135730515], [22.940735459727, -15.1636424447712], [22.9547680724246, -15.1546128981501], [22.9463637157991, -15.1415817726567], [22.9519919727695, -15.1277789179639], [22.9420054637397, -15.1186696738593], [22.9462775529903, -15.1029890677066], [22.9339027389287, -15.0948422038167], [22.951156219755, -15.0862258877787], [22.9377438775914, -15.0477457041528], [22.9554120593804, -15.029561709626], [22.9496086426077, -15.011874421058], [22.9588941099831, -15.0031547966397], [22.9786257282679, -14.9363756059831], [22.9924249631463, -14.9274036827142], [22.9823657067482, -14.9094587135903], [23.0093193541159, -14.8881471177371], [22.9965518379346, -14.8664594742407], [23.0370348959138, -14.8460619183995], [23.0943097581555, -14.7964811411092], [23.115955296442, -14.7998601563822], [23.1549030617354, -14.7905306953679], [23.1489670239824, -14.808893165607], [23.1637117761215, -14.8076642851046], [23.1909132974222, -14.8292915810054], [23.2103611172476, -14.8221646413329], [23.2268854059134, -14.8284314446672], [23.2573917869236, -14.8156518890108], [23.2670521401316, -14.8258510168794], [23.268323240089, -14.8155290068443], [23.2890421580751, -14.8129484252968], [23.2945078837595, -14.8048378300338], [23.3234889460785, -14.8096304914322], [23.3531055583762, -14.800782420333], [23.3927099508198, -14.7776286171476], [23.4142737163643, -14.7528648945775], [23.4295382642695, -14.7559976178785], [23.4598322000032, -14.7450364581921], [23.4862599852817, -14.7565484827736], [23.5056292321642, -14.7558794762511], [23.518920257747, -14.7404060624086], [23.5180360891319, -14.723166113048], [23.5328957977797, -14.7183662696019], [23.5364609838686, -14.7058696278035], [23.5512066046786, -14.6974553701691], [23.5771897023319, -14.6984209579532], [23.5930286474028, -14.6770299085741], [23.6475807887819, -14.6432377236074], [23.6492340868583, -14.6325020220417], [23.677951683186, -14.6210836958118]]]}}, {"type": "Feature", "id": "109006", "properties": {"name": "Livingstone", "province": "Southern"}, "geometry": {"type": "Polygon", "coordinates": [[[25.8635983194236, -17.9699634373025], [25.8568071960128, -17.9626393310106], [25.8614778920095, -17.9511320998323], [25.8458345964142, -17.9441151481976], [25.859523353784, -17.9317813626992], [25.8475800697236, -17.9307162283625], [25.858450406907, -17.9277006189236], [25.8475152922085, -17.9191046531789], [25.8442254316693, -17.8956873495941], [25.8183919996305, -17.8964056286148], [25.7681947470184, -17.8490273841097], [25.7293594957144, -17.8392512398255], [25.7090148383335, -17.8424787087276], [25.6986667277574, -17.8311760201799], [25.7004708799196, -17.814780307145], [25.6884319010269, -17.8083353044104], [25.6206788153251, -17.8395324907616], [25.6169351492606, -17.744475889692], [25.7625515366918, -17.7497624629646], [25.7863770166783, -17.7186837707751], [25.7883968336789, -17.7002607780718], [25.8663788899939, -17.702019786665], [25.9004508433686, -17.6599779724061], [25.9243908872998, -17.6576408690543], [25.9257031965725, -17.6505384918377], [25.9891906438258, -17.6661831802382], [26.0225278965706, -17.6882659922362], [26.0278550355629, -17.7013882595892], [26.0173438888476, -17.7131403188416], [26.022470163644, -17.7162267378369], [26.0202333127724, -17.7293542901398], [26.0128253108662, -17.7297165147953], [26.0166433978604, -17.7371057600122], [26.0003214556106, -17.750695375882], [25.9891465787662, -17.7491645426091], [25.9775896412449, -17.7885153418027], [25.9265731116189, -17.8314559771834], [25.9253552673849, -17.8984705140433], [25.8996894771478, -17.9413334082858], [25.8787111472672, -17.9647786846238], [25.8635983194236, -17.9699634373025]]]}}, {"type": "Feature", "id": "110004", "properties": {"name": "Luampa", "province": "Western"}, "geometry": {"type": "Polygon", "coordinates": [[[24.8164114658969, -14.9376647189828], [24.7675185679757, -15.0238880026949], [25.3170141447529, -15.2031130132686], [25.3303379408773, -15.2171762869508], [25.3357379404256, -15.2440762855884], [25.3162379401603, -15.2831762859015], [25.3416379386678, -15.3441762858135], [25.3040771479185, -15.389343261582], [25.3168334971425, -15.4126586898517], [25.3060302748907, -15.45037841711], [25.2890625014439, -15.4694213858057], [25.2584838878, -15.4625854492264], [25.2398071288139, -15.4793090818714], [25.2488403339861, -15.49780273138], [25.2840576168901, -15.5217895494084], [25.2181353740942, -15.5904003572855], [25.2284379400853, -15.6089762856275], [25.2611379396457, -15.6191762860948], [25.2763379409028, -15.6366762855967], [25.2820379400267, -15.6506762866937], [25.2778930665934, -15.6754760741738], [25.2451645149801, -15.6967542431268], [25.2924379390902, -15.7580762882736], [25.3194379386283, -15.7547762870047], [25.3630379404377, -15.7108762867362], [25.3990379389235, -15.7388762858714], [25.4016379400369, -15.768876286299], [25.3833379398708, -15.8186762856341], [25.3896379390444, -15.8460762858412], [25.3487379388058, -15.9247762858346], [25.3520379404262, -15.9565762867516], [25.3147379395871, -16.0152762840485], [25.3235379403149, -16.0503762856787], [25.3477379396214, -16.0636762866194], [25.3615379398645, -16.0865762859458], [25.3922379401577, -16.0816762840313], [25.4295479149914, -16.097427039263], [25.3991379402792, -16.1082762873471], [25.3750379387352, -16.1062762867223], [25.2148379389605, -16.0482762883275], [25.1308379400981, -16.0589762870533], [25.0924978132292, -16.0504053209794], [25.0775288748328, -16.0183779252697], [25.0293144061737, -15.9923310023803], [25.0100746891687, -15.945891768757], [24.9890379391502, -15.8538762866261], [24.9729379400645, -15.8216762861472], [24.9361379388176, -15.7928762870658], [24.8411379399437, -15.7559762873045], [24.8071379398267, -15.7294762867359], [24.6951379404451, -15.5550762867734], [24.6413379386905, -15.4899762881916], [24.6228379403045, -15.4770762874053], [24.5649847840055, -15.5098148252373], [24.1214715811676, -15.3224866606731], [23.9014870921487, -15.0787960943023], [24.0950830819114, -15.0272281156113], [24.2024903518764, -15.0113704883252], [24.2983180000626, -14.9769029862304], [24.2708426408222, -14.9520983528486], [24.2585184710814, -14.8888551438363], [24.3367432737457, -14.8494446144033], [24.384595589293, -14.8514301161053], [24.3988722239477, -14.8265774047221], [24.5160322190847, -14.8114384749284], [24.5418673893636, -14.7861452719192], [24.6086166553461, -14.7566288614058], [24.6285544477685, -14.7679609148461], [24.6249668163739, -14.7750526009287], [24.6401241350786, -14.7728176723191], [24.6416146790868, -14.78959941567], [24.662460923383, -14.7974577967555], [24.6663686963785, -14.8082545069499], [24.6693145830122, -14.80275637358], [24.6687036199229, -14.8196747182037], [24.6802801128696, -14.8228694491371], [24.6902802870715, -14.8067445247433], [24.7032625059956, -14.8018542525726], [24.7016636215709, -14.812975736636], [24.7244371483085, -14.8226598279428], [24.72423285165, -14.8485280507221], [24.7603177912358, -14.8741419979924], [24.7298022249518, -14.93000990062], [24.7406037691507, -14.9514473661002], [24.8164114658969, -14.9376647189828]]]}}, {"type": "Feature", "id": "105005", "properties": {"name": "Luangwa", "province": "Lusaka"}, "geometry": {"type": "Polygon", "coordinates": [[[30.2154504591324, -14.9974519272314], [30.2326667389262, -15.0363372367745], [30.2157678276341, -15.0681367401183], [30.222326246962, -15.1034959328138], [30.2361877090385, -15.1214620131306], [30.2341435782364, -15.1488998842476], [30.2571258680562, -15.1789120372701], [30.2707345046858, -15.2394521649631], [30.2804096154173, -15.2579112929], [30.368050565178, -15.3391100342731], [30.377233986632, -15.3563141424072], [30.3832027661805, -15.4536790446466], [30.4004042857559, -15.4809894087975], [30.3636295586095, -15.5532879121083], [30.3919900539505, -15.5757021618099], [30.4066942381714, -15.6082644276866], [30.4224435134106, -15.6190937678972], [30.4174542981704, -15.6230685454139], [30.3543754352511, -15.6550969892391], [30.2747674561195, -15.6446818688144], [30.2573764917322, -15.6274848240739], [30.214003772673, -15.6672547510216], [30.190750922866, -15.6498686333727], [30.1766078039137, -15.6229489581025], [30.1637842157907, -15.6177770539323], [29.9696982929569, -15.6437192011037], [29.9148926703608, -15.6223143044055], [29.8301295086471, -15.6086971453525], [29.7715759386159, -15.6166560318948], [29.7524958540336, -15.633542485722], [29.6816390620757, -15.6415726602683], [29.6339772818951, -15.6642364324062], [29.5757849819318, -15.6445122102944], [29.5534397818031, -15.6481236912946], [29.5153853955514, -15.6788502478748], [29.4772081682777, -15.6877077033625], [29.4393911708229, -15.6830778220068], [29.383967158765, -15.7127867367663], [29.3437610109638, -15.7213471911536], [29.3321313763798, -15.7007033801937], [29.313959688874, -15.6993554786526], [29.3097520887793, -15.6845317202007], [29.6706012313127, -15.454339128001], [29.7781497164403, -15.3335341031092], [29.9410276776203, -15.2656374982901], [30.0878379386405, -15.1348762864081], [30.102552464267, -15.0717295496785], [30.1429357607406, -14.985864663975], [30.2154504591324, -14.9974519272314]]]}}, {"type": "Feature", "id": "101007", "properties": {"name": "Luano", "province": "Central"}, "geometry": {"type": "Polygon", "coordinates": [[[30.0956571030456, -13.9370689582598], [30.1138364675538, -13.945979803276], [30.1159494362561, -13.9580898330603], [30.1238689092407, -13.9541339603654], [30.1538164959234, -13.9724434293034], [30.1601387634345, -13.9842776138376], [30.1532840940989, -13.9928178652418], [30.1672097219377, -14.0168547954161], [30.1626011201884, -14.0393074354168], [30.1832982297744, -14.0636784101307], [30.2343755007849, -14.0790905002406], [30.25785108068, -14.0776865103759], [30.2701628662463, -14.095808617658], [30.2876655648853, -14.095808617658], [30.2870499781672, -14.1093629491314], [30.3045360400071, -14.1264338048675], [30.3012947882063, -14.1364696622339], [30.3122558606232, -14.1515859772321], [30.3011752547813, -14.1623461890809], [30.3148845952493, -14.1694763633249], [30.3168344945746, -14.1833444142878], [30.2836465265587, -14.1843451403534], [30.2674675817291, -14.2082205947802], [30.2302993008601, -14.2280901649699], [30.2012834189424, -14.2753378882026], [30.1755950441607, -14.2924929706688], [30.1603379387976, -14.3214762869238], [30.1455143576957, -14.3296363342961], [30.1537665819329, -14.3396304590619], [30.1291231553375, -14.3714466486364], [30.1015379393244, -14.3569762863227], [30.075902859792, -14.3683207955765], [30.0613949170364, -14.3910770312669], [30.0632583220747, -14.4220810847662], [30.0440253190782, -14.4240791188553], [30.030715279754, -14.4369692317862], [30.0287187740351, -14.4576563048182], [30.0146766841112, -14.480338978184], [30.0217310040187, -14.4934835579764], [29.9955102292092, -14.5190617058596], [30.00603793996, -14.5281762859293], [29.9873379397609, -14.5457762874171], [29.9783379399149, -14.5779762863075], [29.9913175680977, -14.6141323292588], [30.0131460312239, -14.6226969750067], [30.0069558591786, -14.6478259687703], [29.9949850273818, -14.6532789241364], [29.9586414232997, -14.6442037114212], [29.9579556476152, -14.6595573169237], [29.9418371576076, -14.6674082570247], [29.9350913021007, -14.6617230243128], [29.9220607942385, -14.6741811930787], [29.909394282831, -14.64922593884], [29.8991516227912, -14.6464327767504], [29.8918915823954, -14.6758804469739], [29.8787586153869, -14.6848691737468], [29.8688592061087, -14.6822522397612], [29.8636659807725, -14.6925137279994], [29.8121490050917, -14.6942955028789], [29.7698420966928, -14.7199859302077], [29.7512867998146, -14.7076101096314], [29.7140780273841, -14.7300406683778], [29.7025558807155, -14.7457699108424], [29.6637979617809, -14.751178626165], [29.6543994701732, -14.7457420611253], [29.6614603576637, -14.7575678113071], [29.6285661791699, -14.7725424730352], [29.62765048418, -14.7862383059217], [29.6085575635705, -14.7795333273738], [29.582244579392, -14.8039930983725], [29.5830262062157, -14.8213961460566], [29.5701915256955, -14.8109413068728], [29.5358179171502, -14.8213116933024], [29.5263420581385, -14.8076963720206], [29.5028007359377, -14.8196399148648], [29.5029104714379, -14.9819406936336], [29.3670767787732, -14.9823998932428], [29.2462168781024, -14.8679714932535], [29.1259511779577, -14.9731583167013], [28.9925869270597, -14.9902946693536], [28.9971534741789, -14.9671710861715], [28.9837001445838, -14.9466712438313], [28.9914960228601, -14.8852688399171], [28.9818105949775, -14.8808010661422], [28.968619395579, -14.8372095675924], [28.8869053791459, -14.7946548127804], [28.9052507756749, -14.7792353733212], [28.9334529150992, -14.7815762008062], [28.9383018880522, -14.7665375603556], [28.9610549197267, -14.7690723295893], [28.9578383338669, -14.757586154394], [28.969017774153, -14.7543098153075], [28.9751022396421, -14.7385027383072], [28.9851752196028, -14.7506872916306], [29.0058016245894, -14.7421773070238], [29.0227052664098, -14.7183979179031], [29.0229446925859, -14.6937032035757], [28.9908413971563, -14.671711728018], [28.9966609449766, -14.6613603838027], [29.0374701120652, -14.6825174833135], [29.1122370836053, -14.6799431825707], [29.1247746652099, -14.6166484005796], [29.1143167769129, -14.5297536742243], [29.1234674278253, -14.5190548036304], [29.1101276803164, -14.4706906088512], [29.1161330644161, -14.441279739887], [29.1318277966463, -14.4383076899894], [29.1056564210926, -14.343011882227], [29.1259808870408, -14.298434064209], [29.1160458936976, -14.2657267377989], [29.1236991662191, -14.2562821892111], [29.1229822935544, -14.222092864764], [29.0926067036563, -14.1554027507775], [29.0958199163422, -14.10159285279], [29.0805111758166, -14.0831020888082], [29.1041762023202, -14.0457184131102], [29.0951275578033, -14.024508093867], [29.1037158453815, -14.016732418589], [29.1060579204139, -13.9936097082922], [29.120376126405, -13.9796415696363], [29.1206331847134, -13.9595795459771], [29.1294483202571, -13.9464481347868], [29.144800249985, -13.9382024566461], [29.1576972259752, -13.9506197069956], [29.2030946857011, -13.9508447546148], [29.2713383413796, -13.9314966325814], [29.31673507886, -13.9429442291128], [29.3459003901354, -13.9355781801479], [29.3879055732949, -13.9423882303931], [29.3793834592137, -13.9480175374119], [29.3496362031277, -14.0216077498582], [29.3193578648423, -14.050454262306], [29.3131547220226, -14.0730571266788], [29.3261729337452, -14.1069016216858], [29.3210152969657, -14.1433195242727], [29.3267671342714, -14.1939721938982], [29.354731674693, -14.2590221459812], [29.3664810582976, -14.3096035697766], [29.3920300927006, -14.3180815977748], [29.5246313604104, -14.2273335808589], [29.5665319149922, -14.2116208727242], [29.5530638790776, -14.185433025791], [29.5787529096294, -14.1599934022052], [29.6117781343569, -14.1663978508582], [29.6345882548659, -14.2088453803943], [29.6638680195933, -14.2295823473954], [29.7201672880802, -14.1836871691586], [29.7941194750812, -14.1005523689631], [29.8293076040611, -14.0991121292532], [29.8338000266947, -14.0804501292721], [29.8507711867901, -14.0795517133921], [29.8560347277552, -14.0668253294284], [29.9109461341625, -14.0881132577325], [29.922945482978, -14.0429874929818], [29.9354189140915, -14.0312554617919], [29.9398007648934, -13.9902529263034], [29.9855977171043, -13.9472233022152], [30.0085485182784, -13.9455246843874], [30.0158685724234, -13.9346218443279], [30.0381369091031, -13.9398105901567], [30.0551182668737, -13.931265058298], [30.0873826877259, -13.9431448803594], [30.0956571030456, -13.9370689582598]]]}}, {"type": "Feature", "id": "102005", "properties": {"name": "Luanshya", "province": "Copperbelt"}, "geometry": {"type": "Polygon", "coordinates": [[[28.5751582290943, -13.1691503131865], [28.5513208643966, -13.1950192786244], [28.5027520597653, -13.2102453389746], [28.4853614906367, -13.2258819280413], [28.4496947204089, -13.219513764262], [28.4028166664148, -13.2367368149902], [28.4035815279803, -13.2279588939146], [28.3947252199522, -13.2225509111939], [28.1801271838871, -13.1265951600449], [28.1696019309269, -13.1137156024373], [28.1797032994473, -13.1066090349474], [28.1737375499162, -13.0951964270902], [28.1910643674057, -13.0883439789989], [28.1850035455748, -13.0719991953618], [28.1890916284142, -13.0663963448966], [28.194510716264, -13.0728095158236], [28.1911119026573, -13.0235604281635], [28.2127612605804, -13.0091151702817], [28.2197596998873, -12.9921815998654], [28.2637851878327, -12.9866248572014], [28.2769719073329, -12.9662255409669], [28.3102683693773, -12.9580332176202], [28.3355703859418, -12.9413264733048], [28.3403505623171, -12.9112836512954], [28.3840740186976, -12.951464703807], [28.4071528845969, -12.9420809640817], [28.3980331195605, -12.9687911834269], [28.4368178828507, -13.0171015697729], [28.4604878096643, -12.9683415636986], [28.4750656682984, -12.9692787666819], [28.4908449840991, -12.9568391418155], [28.5068028795883, -12.9968506611636], [28.5261518730544, -12.988908798744], [28.5385865643212, -13.0213940215832], [28.509667095888, -13.0595145882465], [28.5102665362872, -13.1020843047032], [28.5751582290943, -13.1691503131865]]]}}, {"type": "Feature", "id": "102006", "properties": {"name": "Lufwanyama", "province": "Copperbelt"}, "geometry": {"type": "Polygon", "coordinates": [[[27.2479354736977, -12.3530785806901], [27.38149925659, -12.4045230457745], [27.4310791501079, -12.4530802592058], [27.4566092399399, -12.4633908230639], [27.4874918812052, -12.491198313119], [27.4922481605973, -12.5289825019906], [27.5102716090132, -12.543168651761], [27.5291080588124, -12.5360946120122], [27.5457809387077, -12.5476940343753], [27.5571946326704, -12.5278603772709], [27.5824082621974, -12.5162091123348], [27.6055398466275, -12.5415765621082], [27.699520619675, -12.5779530756141], [27.7077852056288, -12.5734961980581], [27.7433525404395, -12.7302134680127], [27.738537169868, -12.7886020063305], [27.7224916032986, -12.8120629040683], [27.738891470806, -12.8275904592438], [27.7466635841514, -12.8736807867148], [27.7581672587628, -12.8903166441415], [27.7504606838056, -12.9004288032613], [28.1030232559152, -12.8708642865718], [28.1082570536612, -12.9279892442337], [28.1665002171341, -12.9653959218177], [28.1874159919316, -13.0005996397854], [28.2085456771578, -13.0117387227093], [28.1911119026573, -13.0235604281635], [28.194510716264, -13.0728095158236], [28.1890916284142, -13.0663963448966], [28.1850035455748, -13.0719991953618], [28.1910643674057, -13.0883439789989], [28.1722639373544, -13.0975808496018], [28.1797032994473, -13.1066090349474], [28.1696019309269, -13.1137156024373], [28.1799647442292, -13.12306725638], [28.167605425208, -13.1525781851523], [28.1742604439717, -13.1573227489468], [28.1544617628576, -13.1657470141733], [28.1720737945515, -13.1874080826765], [28.163802556573, -13.1934015649036], [28.1693880187016, -13.234727134654], [28.1453586462984, -13.2427322860416], [28.1561730525755, -13.2611014963855], [28.1447406799431, -13.2682267102834], [28.1439088031591, -13.2827540937533], [28.1234446213364, -13.3111817642242], [28.1099206706853, -13.3067177530986], [28.1024813085924, -13.2906420093999], [28.0871034615703, -13.29186796737], [28.0832768253096, -13.3041503332835], [28.0976326518464, -13.3036414693939], [28.1021247906124, -13.3111586333909], [28.0919996535679, -13.3230468429144], [28.0704896809393, -13.3288519630222], [28.0887434484109, -13.3436301020205], [28.0547077788889, -13.3458964646166], [28.0437269992312, -13.3529960598069], [28.0359073506342, -13.3742242220947], [28.0034641327012, -13.3638184936386], [28.0020142895619, -13.3361139469036], [27.9793872241482, -13.3660615437075], [27.9707356996655, -13.3647203411366], [27.9575445020636, -13.3324829813551], [27.9447335891692, -13.3337781091654], [27.9435689602342, -13.3612979270373], [27.9358919209852, -13.3639572378791], [27.9416437591893, -13.3700388588891], [27.93563047261, -13.3733917786703], [27.9149286109362, -13.3579910891839], [27.9318989104456, -13.3448557907599], [27.91849379972, -13.3371777850145], [27.9013808926592, -13.3504060050429], [27.8703875178656, -13.3467983808375], [27.8401547178768, -13.3802593373686], [27.8124650852884, -13.3631247616252], [27.8119659588586, -13.3799124939599], [27.8219722559775, -13.391681708804], [27.8172899753069, -13.4073808059384], [27.8006999640983, -13.4058779909014], [27.7886971585655, -13.387057332207], [27.7719707390793, -13.3925220553585], [27.7693325011759, -13.4020710799342], [27.7854946897304, -13.3976318721156], [27.7856372972818, -13.4131687430757], [27.7659099181467, -13.4244046047687], [27.7651018098868, -13.4351775911656], [27.7515540907116, -13.4467822849577], [27.7574485373653, -13.4702673528861], [27.7440434284363, -13.4737344406461], [27.7376260877271, -13.5020240059837], [27.7132877325955, -13.4902370958664], [27.6966501852369, -13.4936114460277], [27.6959371456835, -13.5061377317069], [27.7170430650805, -13.5107598131698], [27.7145712005576, -13.522129746348], [27.7074883591398, -13.5295245353841], [27.6807256738385, -13.5292934502829], [27.6668452052073, -13.540708713624], [27.6383236958348, -13.533822647689], [27.6338077903414, -13.5114531156102], [27.6477357942242, -13.485383492816], [27.6388941251419, -13.4638415487928], [27.5694442476325, -13.404336893867], [27.5337448254408, -13.3957359327719], [27.4934344227609, -13.5017004511996], [27.4572121038187, -13.5282304629162], [27.3323467680096, -13.5681798881781], [27.3285264963126, -13.5435252171149], [27.3352052818038, -13.5410758643137], [27.340933352382, -13.5156103322381], [27.3286691029656, -13.5118203122745], [27.2993381630131, -13.425984160278], [27.3268519665544, -13.3865686633275], [27.3307137287394, -13.3669443693959], [27.1159688280068, -13.4076509126906], [27.1189635847886, -13.376933857955], [27.0938527710391, -13.3401306677125], [27.0937992952286, -13.3232996933925], [27.0731865599057, -13.2997019801835], [27.0739946699622, -13.2780046282973], [27.0507364311619, -13.2558937230829], [27.0228282366682, -13.2543098191421], [26.9533962320397, -13.2207362128682], [26.9607587019375, -13.2056177122717], [26.999218797016, -13.1782741994207], [27.0283314400662, -13.1448251114237], [27.0740208028522, -13.1298507412085], [27.0868304904445, -13.0698993560134], [27.0821214094357, -13.0550776542147], [27.0881017440138, -13.0182705266379], [27.1136571798115, -12.9993570443225], [27.1177097351797, -12.9784921626119], [27.0909912047696, -12.9802823392263], [27.071955709863, -13.001976830321], [27.0357961660911, -13.0001659886488], [27.0417463029025, -12.981186132947], [27.0219841697458, -12.9743697558822], [27.0193969435741, -12.958626896949], [26.9971429610743, -12.9464913143131], [26.9492813111329, -12.9430316022601], [26.8741262673901, -12.8883276117871], [26.9025298603051, -12.8600168857819], [26.9184832965573, -12.8226693097739], [26.8906351867797, -12.7903652458725], [26.8731600987593, -12.786713504765], [26.8565520691427, -12.7612293787756], [26.851517649779, -12.7417748017392], [26.8672253231392, -12.7207043426377], [26.8680526697192, -12.6759510591665], [26.8857612604247, -12.6360025830076], [26.9353655099649, -12.6338830254245], [26.9542489111108, -12.6246753307137], [26.9677035001439, -12.5932166391705], [27.0011006166192, -12.5583035277011], [27.0434161793876, -12.5330763414201], [27.0985924163271, -12.5257127197884], [27.0654612020742, -12.4834208632469], [27.0638110858305, -12.4534190041841], [27.0846266005574, -12.4157512828775], [27.0606204558925, -12.3339465412687], [27.1187568006951, -12.3467633045908], [27.2479354736977, -12.3530785806901]]]}}, {"type": "Feature", "id": "110005", "properties": {"name": "Lukulu", "province": "Western"}, "geometry": {"type": "Polygon", "coordinates": [[[24.3417423003855, -13.9243935874057], [24.330274278111, -13.9395036048065], [24.3350477593425, -13.9442426827044], [24.3851187636229, -13.9617054621993], [24.4125112972957, -13.9453858633706], [24.4186315381911, -13.966837536086], [24.4316444759046, -13.967875467825], [24.4422806231917, -13.9494226213008], [24.463790597617, -13.963262394913], [24.4836368130844, -13.9562849456409], [24.4720499508843, -13.9416373827394], [24.488093298615, -13.9316603596448], [24.4873802626549, -13.9159153970802], [24.4955207759967, -13.9088788391524], [24.5393725989363, -13.9622244423923], [24.5637941407582, -13.9706432675799], [24.5626651659569, -13.9881718939136], [24.5772824381741, -13.9797537079525], [24.5879780063222, -13.9968780514257], [24.587859167295, -13.9879412630605], [24.6036054179067, -13.9851736721715], [24.6005155861302, -13.9707009307381], [24.5887504631434, -13.9647039895752], [24.6027141202616, -13.9554199583306], [24.6083590005563, -13.9678754686968], [24.6227980146817, -13.9612441463628], [24.6203023834314, -13.992496186341], [24.6408730012421, -14.0229930840027], [24.6118997012655, -14.0969460449983], [24.6159996634262, -14.1452928092804], [24.6287749185937, -14.1820502166925], [24.6058592819714, -14.2806026057739], [24.4696731577629, -14.3480756517524], [24.4681282432221, -14.3666112653716], [24.4228503456672, -14.4554687365665], [24.363192852153, -14.4837759718083], [24.3243322962057, -14.4872278258123], [24.2958702041011, -14.5065572198043], [24.2394808022518, -14.5241017870762], [24.2376387869988, -14.5102963422583], [24.2171983710053, -14.517889443022], [24.2038289153116, -14.5116194028772], [24.2096520545964, -14.4938437309333], [24.18861744167, -14.4977556525694], [24.1898426601742, -14.4806572170279], [24.1804175083654, -14.4843512852646], [24.1578973990644, -14.4741680264121], [24.1526061280048, -14.4596135631398], [24.1407250720408, -14.4577702722597], [24.1383655409459, -14.4406054320483], [24.094157624031, -14.4468948200532], [24.0877225990871, -14.4262947040791], [24.040105519075, -14.4266527283472], [24.0326998518902, -14.4119652266971], [24.0217071857247, -14.414382312948], [24.0070304926465, -14.4035052267564], [23.9707844060785, -14.4157922660124], [23.9474621290765, -14.4135766207328], [23.9307651626535, -14.4315025773489], [23.8965808893256, -14.4318823972684], [23.8757721254381, -14.4404218583913], [23.8711968008802, -14.4500312616262], [23.8197694231658, -14.4434121032075], [23.8133784839427, -14.4616279570007], [23.8016756186968, -14.4697666423296], [23.7920496089804, -14.466688498874], [23.7901481746629, -14.4555838142217], [23.7746098948192, -14.4509231337107], [23.7683113931372, -14.4601005529398], [23.7716686129497, -14.4735639203453], [23.743711591427, -14.491341215963], [23.7512579069375, -14.5162788073436], [23.730460972964, -14.528099452324], [23.7324990733755, -14.5430195981482], [23.7159803641459, -14.550324004175], [23.713217343063, -14.5718044610116], [23.700620342394, -14.5773252050579], [23.6999370137203, -14.6007868188143], [23.6618786236773, -14.6316913760798], [23.6492340868583, -14.6325020220417], [23.6475807887819, -14.6432377236074], [23.6012713629728, -14.6778024506317], [23.5930286474028, -14.6770299085741], [23.5771897023319, -14.6984209579532], [23.5512066046786, -14.6974553701691], [23.5364609838686, -14.7058696278035], [23.5328957977797, -14.7183662696019], [23.5180360891319, -14.723166113048], [23.518920257747, -14.7404060624086], [23.5056292321642, -14.7558794762511], [23.4862599852817, -14.7565484827736], [23.4598322000032, -14.7450364581921], [23.4295382642695, -14.7559976178785], [23.4142737163643, -14.7528648945775], [23.3927099508198, -14.7776286171476], [23.3531055583762, -14.800782420333], [23.3234889460785, -14.8096304914322], [23.2945078837595, -14.8048378300338], [23.2890421580751, -14.8129484252968], [23.268323240089, -14.8155290068443], [23.2670521401316, -14.8258510168794], [23.2573917869236, -14.8156518890108], [23.2268854059134, -14.8284314446672], [23.2137930840782, -14.8221646413329], [23.1808716138677, -14.8269569193863], [23.1637117761215, -14.8076642851046], [23.1489670239824, -14.808893165607], [23.1549030617354, -14.7905306953679], [23.115955296442, -14.7998601563822], [23.0918946707518, -14.7973414060365], [23.0370348959138, -14.8460619183995], [23.0161371565923, -14.8547254646805], [22.9987719612772, -14.8358785939741], [23.0012652973321, -14.8229019219849], [23.0219344288885, -14.8054365030398], [23.018383475707, -14.7763084496435], [23.0441101887883, -14.7317129297328], [23.0394638398308, -14.7106736474038], [23.0717770877119, -14.6955567901002], [23.0783242170134, -14.6777829363746], [23.0728330770913, -14.6579644062733], [23.0829705668692, -14.627313664915], [23.108314291314, -14.6070818291914], [23.1254213072231, -14.5261358931556], [23.160691323031, -14.5063037012559], [23.1636480900594, -14.4699059901211], [23.2337657311336, -14.388909916032], [23.2329209392707, -14.3657920062614], [23.2091611970984, -14.3239486513095], [23.2089499995819, -14.3030752086541], [23.1931101723653, -14.2928424203806], [23.1849790589947, -14.27370585673], [23.173151988186, -14.2076876033641], [23.1777675833198, -14.1850460976325], [23.1896515444354, -14.1799765307562], [23.2028427420373, -14.1850460976325], [23.1995152322063, -14.1750220738237], [23.2074774856597, -14.1632692040654], [23.2234019970581, -14.1719110777891], [23.2173411761256, -14.187811267828], [23.2375439122679, -14.2053232292682], [23.2562017338695, -14.1837787169764], [23.2884072719514, -14.1897699093473], [23.3013607906005, -14.1759438414271], [23.2967260451815, -14.1669564438467], [23.3222765671946, -14.1716806341028], [23.3313083799781, -14.1624626120265], [23.3370126793373, -14.1708740710832], [23.3723080491958, -14.1702979540052], [23.4161598712371, -14.1091059753862], [23.4520494389267, -14.1004617128994], [23.4962577780498, -14.1050720272387], [23.5294140364346, -14.098502302741], [23.5358313753472, -14.0849012189836], [23.5913294795514, -14.0490504155891], [23.5943004696057, -14.0360228478165], [23.6294769986402, -14.0380980859859], [23.6557405566134, -14.0310652601451], [23.6747548979917, -14.0153847456739], [23.6956706718909, -14.0255310833641], [23.7006619361883, -14.0384439570418], [23.7288269275807, -14.0324487836879], [23.7591310331417, -13.9889791013857], [23.7963278346227, -13.988748471342], [23.8088059953662, -13.967875467825], [23.827582655995, -13.9717965079514], [23.8303159688931, -13.9934763466726], [23.8436260064206, -14.0088124439825], [23.8666808953867, -13.9997031555837], [23.8787431163907, -13.9816564761224], [23.9030458200837, -13.991573678016], [23.9155834007899, -13.9877682891152], [23.9304977719227, -14.0022399559381], [23.9447585288547, -13.9862691813703], [23.9657707261198, -14.0045571321659], [23.9816458247877, -14.0017107415891], [24.0149927478965, -14.0136552104254], [24.007624691376, -13.9959555589402], [24.0298476999648, -13.9973969505688], [24.0409592051575, -13.9717965088231], [24.062528597749, -13.9696053465695], [24.0567918153091, -13.9847800673612], [24.0641329340492, -13.9899016201191], [24.077740069594, -13.9843087933539], [24.0784612002731, -13.9609634492771], [24.0916443067493, -13.958418568351], [24.0940805180369, -13.9434827974318], [24.1064992597159, -13.9455011996938], [24.1033500097732, -13.9639543609534], [24.1362091674457, -13.9696630091159], [24.1567189190061, -13.9332430910387], [24.1883797618189, -13.9361587236772], [24.1989564891432, -13.9259507718766], [24.1975898335924, -13.9169535578485], [24.2145838998293, -13.9213945336062], [24.2300330506271, -13.9060526212399], [24.2482155152214, -13.9057642289153], [24.2357373535796, -13.9162614508969], [24.2438778678197, -13.9269312169758], [24.2627733692724, -13.9151079329637], [24.2748355911747, -13.9420410683553], [24.2980687373342, -13.9481539340359], [24.2978310583813, -13.934140237979], [24.309596181368, -13.9449821836057], [24.3127454322091, -13.9346016071461], [24.2914137185704, -13.9151656091278], [24.3091802416286, -13.9164921543162], [24.3117352928417, -13.8958433403336], [24.3356814785546, -13.9065140455956], [24.3417423003855, -13.9243935874057]]]}}, {"type": "Feature", "id": "103013", "properties": {"name": "Lumezi", "province": "Eastern"}, "geometry": {"type": "Polygon", "coordinates": [[[32.4656806202205, -12.1203626246982], [32.5204008651353, -12.1239353158664], [32.5368482696909, -12.1473812209018], [32.569648005604, -12.1645983543067], [32.5722387100525, -12.1854154223695], [32.6264771157169, -12.1538058283173], [32.6346057461441, -12.1588245819871], [32.6364121090601, -12.1512034719816], [32.6693544543212, -12.1455804430961], [32.6734900706155, -12.1600792556068], [32.6972666247583, -12.1741546473115], [32.7039130700011, -12.1870665582369], [32.7210098981166, -12.1736847413117], [32.728325166936, -12.1831440190007], [32.7607367021873, -12.1801191553181], [32.7782367022872, -12.1558191564154], [32.8401970476934, -12.1585467264137], [32.8521760820072, -12.1470452672998], [32.8652246711594, -12.1468361469526], [32.8613771203222, -12.1647255790115], [32.8745917361053, -12.1675805321237], [32.882846192656, -12.1894878616205], [32.9184369770889, -12.2048504432285], [32.927605446085, -12.1956182331384], [32.9456401261369, -12.2120636560165], [32.9532888208438, -12.24322345733], [32.970742995186, -12.2546287365634], [33.0095149727548, -12.3307934230962], [33.0273500749983, -12.3453590926905], [33.0424931122867, -12.3450346682794], [33.0550333349382, -12.3614303017428], [33.0685487488992, -12.3657938300274], [33.1079286900825, -12.3587430129573], [33.1287419329701, -12.3719885898045], [33.1342218170017, -12.3901966408467], [33.1257811702353, -12.4107614232048], [33.1348549603937, -12.4225333419079], [33.1190920666947, -12.4387180197677], [33.1546185470246, -12.442400894335], [33.1642331104076, -12.4557503278013], [33.1916320841027, -12.4138506044098], [33.1967244430056, -12.4104183018013], [33.2083204177159, -12.4220171125732], [33.2040692116007, -12.4591290748889], [33.1884332273935, -12.4894269200338], [33.1313196567627, -12.4877084912018], [33.1033981519314, -12.5048781405835], [33.0997744010759, -12.5343548701606], [33.1106462384458, -12.5551909140983], [33.1069741519397, -12.5891880512015], [33.0993435079802, -12.5903338970283], [33.0970426799924, -12.6045930616256], [33.0896592901283, -12.591688433225], [33.0549929844122, -12.6092604996445], [33.027331477177, -12.6497392007063], [33.0202207772056, -12.6489007127349], [33.0093507149068, -12.7010691523701], [32.9943829020994, -12.7270611043952], [32.9753512528806, -12.7345571402252], [32.9381858789598, -12.7714859695975], [32.9545206734063, -12.8213532780728], [32.9460396806056, -12.8468796609486], [32.9760566980765, -12.8816934456587], [33.0080613423182, -12.8836012000546], [33.0228772832486, -12.8912584992774], [33.0282107724316, -12.9072042335834], [33.009990583087, -12.9730457776083], [33.0151943851873, -12.9864947477027], [32.9867372562747, -13.0296504949816], [32.9975199547172, -13.0538263850456], [32.9728192488443, -13.1139677338674], [32.9822314119124, -13.1444605299504], [32.9789627336476, -13.1598929242635], [33.0197497383999, -13.1958501056861], [33.0121440020282, -13.2148707292296], [32.9820538266588, -13.2291434703351], [32.9711071892702, -13.2585059306366], [32.9587982594482, -13.2595686692958], [32.9438556300115, -13.2747399315961], [32.9019450026204, -13.2254255279249], [32.8512709017977, -13.2131290760589], [32.6679759122626, -13.0284253459134], [32.6366022518631, -13.047181074014], [32.6055138047696, -13.0373171284115], [32.6015683312782, -13.0486166386054], [32.5631831314399, -13.0654723269815], [32.5413404075586, -13.0877441557335], [32.5182142166135, -13.0832760587322], [32.5038583891783, -13.0905222048444], [32.4941610765845, -13.0720244384249], [32.4761925251139, -13.0641526279142], [32.4639520442216, -13.046046508835], [32.0380409368123, -12.9503888326246], [32.0259787158083, -12.9362587741203], [31.9808196590773, -12.9249657324369], [31.9645980487633, -12.9011618050876], [31.9814553321252, -12.9030507023591], [31.9888074489393, -12.8943848529471], [31.9829605402321, -12.8754785843472], [32.0037099380558, -12.8775639035963], [32.0022838643389, -12.8610198878315], [31.9841013997446, -12.8551805617725], [32.0025690794416, -12.8510790497883], [32.0057064428764, -12.8330733169539], [32.0201811111355, -12.8300838221936], [32.0193967687047, -12.8159006231025], [32.0323740549796, -12.8030377176026], [32.0303775519556, -12.7892006712876], [32.0487739242836, -12.7963626539134], [32.0439252693342, -12.7705646536205], [32.0354401191304, -12.7700778753425], [32.0616799076812, -12.7429557928624], [32.0500573931442, -12.7423298661236], [32.0492017487343, -12.730228274603], [32.0618938199065, -12.7022672276933], [32.0709493994175, -12.6992761879088], [32.0640329322785, -12.6895376713782], [32.0861608730591, -12.6695725502312], [32.0997561256893, -12.6693638473118], [32.0941468941383, -12.6536178783144], [32.1013010402301, -12.6301246652878], [32.1252115718094, -12.6123583717883], [32.1099525638145, -12.6027557102398], [32.1330787556579, -12.5660581738806], [32.1300364609296, -12.5494474509717], [32.1451290937474, -12.5478698420091], [32.1328410767051, -12.5344829640099], [32.1329361481066, -12.5151090422294], [32.147196903242, -12.5063148883868], [32.1546837987898, -12.4900251927066], [32.1395436307204, -12.4674453288309], [32.1487931430265, -12.450772565858], [32.143434217148, -12.4251481737294], [32.1547353620871, -12.4117537477616], [32.1742591730973, -12.4129731776567], [32.1715349197088, -12.39700927222], [32.1945775592476, -12.3940159301864], [32.1828859741467, -12.3862552545882], [32.1966104188878, -12.3754811389574], [32.1934968212822, -12.3462742106887], [32.2046677464376, -12.3436273186447], [32.206878164382, -12.3317159646079], [32.2217568858726, -12.3375440045854], [32.2273661138304, -12.327188116113], [32.2198792182826, -12.3180393001124], [32.2621935970714, -12.2973627460409], [32.2626398037477, -12.2717483989559], [32.2674365127175, -12.2669522431198], [32.2793725141359, -12.2740374412318], [32.276695280366, -12.2476577412346], [32.2852847393474, -12.2438422789163], [32.2901137202938, -12.2261774280054], [32.2965112253032, -12.2308666886611], [32.3106923582634, -12.2171112853021], [32.3448123822856, -12.2155481281196], [32.35963326934, -12.2061689771291], [32.3707222753281, -12.2110670196327], [32.399830922672, -12.2014792779456], [32.4156114323336, -12.2073153368367], [32.4582614621368, -12.2000202451111], [32.4807593534059, -12.1889730092024], [32.483208795081, -12.1570406818926], [32.4699933860855, -12.1470410369973], [32.4656806202205, -12.1203626246982]]]}}, {"type": "Feature", "id": "103004", "properties": {"name": "Lundazi", "province": "Eastern"}, "geometry": {"type": "Polygon", "coordinates": [[[33.311095623733, -12.244367004339], [33.3298948832794, -12.2569677448604], [33.3354155984356, -12.2803165656114], [33.355210234436, -12.3097196812207], [33.3849201421658, -12.3386984972241], [33.4297261376339, -12.3393106704188], [33.4738751277612, -12.3218484834162], [33.4848910566992, -12.3319926506924], [33.5167013189881, -12.3391995480435], [33.5375712841977, -12.3320976286231], [33.5403354155983, -12.3487220175802], [33.5495822392467, -12.3539787653594], [33.5485337633763, -12.3701011008099], [33.5111427299613, -12.3889273989509], [33.5029014220514, -12.4077929176757], [33.4743215859658, -12.4140457073379], [33.4694264234375, -12.4274364518531], [33.4807308157864, -12.4527836448188], [33.4305649449204, -12.476752908791], [33.4081755449848, -12.5027210946406], [33.4155377220318, -12.5092996798985], [33.4123697188592, -12.5192245118732], [33.3660070705645, -12.5576419733002], [33.3326023220024, -12.5436246008682], [33.3184693279617, -12.5252806740754], [33.2731606469386, -12.5369945008201], [33.2361033151937, -12.5904389869594], [33.2022539616515, -12.6064362366316], [33.1803975142077, -12.640644852312], [33.1749828254079, -12.6362012354341], [33.1827478447575, -12.60846072777], [33.1598485098626, -12.5963535568121], [33.1433308768148, -12.5926649207731], [33.115184034086, -12.6135203957676], [33.107188616629, -12.6105620583694], [33.096737940007, -12.6044762871602], [33.0993435079802, -12.5903338970283], [33.1069741519397, -12.5891880512015], [33.1106462384458, -12.5551909140983], [33.0997744010759, -12.5343548701606], [33.1033981519314, -12.5048781405835], [33.1313196567627, -12.4877084912018], [33.1884332273935, -12.4894269200338], [33.2040692116007, -12.4591290748889], [33.2083204177159, -12.4220171125732], [33.1967244430056, -12.4104183018013], [33.1916320841027, -12.4138506044098], [33.1642331104076, -12.4557503278013], [33.1546185470246, -12.442400894335], [33.1190920666947, -12.4387180197677], [33.1348549603937, -12.4225333419079], [33.1257811702353, -12.4107614232048], [33.1342218170017, -12.3901966408467], [33.1287419329701, -12.3719885898045], [33.1079286900825, -12.3587430129573], [33.0685487488992, -12.3657938300274], [33.0550333349382, -12.3614303017428], [33.0424931122867, -12.3450346682794], [33.0273500749983, -12.3453590926905], [33.0095149727548, -12.3307934230962], [32.970742995186, -12.2546287365634], [32.9532888208438, -12.24322345733], [32.9449693550126, -12.2129248806006], [32.9678666570199, -12.1896008884294], [32.9927821563654, -12.2014417626655], [33.0140203751459, -12.2239486324137], [33.0600422502326, -12.2436742408129], [33.0747766879156, -12.231934687825], [33.1032951430161, -12.2311389348935], [33.1221940284225, -12.2091907612453], [33.1563171642088, -12.2487672166246], [33.17598310307, -12.2471630543242], [33.2274659616347, -12.2702815730848], [33.311095623733, -12.244367004339]]]}}, {"type": "Feature", "id": "104005", "properties": {"name": "Lunga", "province": "Luapula"}, "geometry": {"type": "Polygon", "coordinates": [[[30.3904558158868, -11.4558222518049], [30.4691447232613, -11.5060321900589], [30.4369666098466, -11.5986831767932], [30.4465183549402, -11.6221801630568], [30.3392257153953, -11.7446261116553], [30.2515558883915, -11.8125036530078], [29.7955504616844, -11.9112407198476], [29.7882745211081, -11.8891984747735], [29.7949445031095, -11.8740025177068], [29.7835085021817, -11.8388300131395], [29.7940558366299, -11.818922785056], [29.7869682278529, -11.8070020058528], [29.7929577557895, -11.7995896466545], [29.7859984938087, -11.7909625804021], [29.7821195612254, -11.7442581742364], [29.7975485062175, -11.711613330911], [29.7945984253497, -11.7004203766611], [29.7844482567499, -11.6967188467031], [29.7709726345627, -11.702442552359], [29.7618955754349, -11.6858943163399], [29.7830125207538, -11.6804556766297], [29.7767428136699, -11.6535550431759], [29.7844223430489, -11.654054420582], [29.7814478863959, -11.6402440296322], [29.7889209739394, -11.6419643488294], [29.7940484030709, -11.634600714361], [29.7884658326192, -11.6327904856233], [29.8014054579241, -11.6247415661272], [29.7938933682259, -11.6117641737969], [29.7859982791114, -11.6150672700738], [29.799420975257, -11.6044684107244], [29.7875762166203, -11.6055152030006], [29.7872184481854, -11.595121365307], [29.792487219142, -11.5983689238092], [29.7997720395649, -11.5886182528165], [29.7825127142994, -11.5870281228387], [29.8047204883592, -11.5629096063568], [29.8078941841558, -11.5503489008525], [29.8004831594186, -11.5349160560667], [29.828683236311, -11.5236909326339], [29.8351457541942, -11.5046935479567], [29.8406291021295, -11.4797455433973], [29.8173019409874, -11.4374201319756], [29.996952272277, -11.2351129047462], [30.1104064356943, -11.2301712532045], [30.3904558158868, -11.4558222518049]]]}}, {"type": "Feature", "id": "107011", "properties": {"name": "Lunte", "province": "Northern"}, "geometry": {"type": "Polygon", "coordinates": [[[30.9678112811517, -9.66493480470268], [30.9850866099041, -9.63196147058771], [31.0357715480025, -9.60098268384642], [31.052956004079, -9.57435129743302], [31.0630164498466, -9.57815656757741], [31.0895185590368, -9.56462394185977], [31.1154832394301, -9.56254113324529], [31.131543432369, -9.54731996620002], [31.1629478394058, -9.56420675841982], [31.1529957502244, -9.59974574341543], [31.1617037419076, -9.66869104741421], [31.1398337604457, -9.70631816868287], [31.1401425554263, -9.72063229958149], [31.1296446750311, -9.72807195691905], [31.1251687544492, -9.7633128179153], [31.0808105152513, -9.77409868479965], [31.0620783957892, -9.80047360631203], [31.0263314572105, -9.79494641724027], [31.0147563261098, -9.81110664899072], [30.9725684732321, -9.81094276013973], [30.9450688999033, -9.82644673706881], [30.937486853004, -9.88576218266463], [30.9286690305992, -9.89309104868117], [30.9314734604235, -9.92792997123634], [30.9262208528538, -9.94164907606593], [30.909433854578, -9.95199460885997], [30.8998145849212, -9.93656889156211], [30.8222837487802, -9.93460227740943], [30.7844669714126, -9.90680677243861], [30.7744949090892, -9.87981429236716], [30.7264706128774, -9.8538090399759], [30.7238132031292, -9.83508817981629], [30.6985003636622, -9.82166903774347], [30.6308808412734, -9.83103666538891], [30.6025615857906, -9.82311341201883], [30.5467263124192, -9.84273365026452], [30.5440070581553, -9.86144317305598], [30.5628250790164, -9.88276399042183], [30.5735857732261, -9.92504087958203], [30.6021071622243, -9.9317133481822], [30.6144899982414, -9.94367656509671], [30.6230492585579, -10.0212603066525], [30.6483143759238, -10.0336882847669], [30.6561577912482, -10.0518260070736], [30.6763844827643, -10.0556642760089], [30.6847981522244, -10.0734966809496], [30.6772874845592, -10.1090182350838], [30.6836097475788, -10.1238059827435], [30.6645954133871, -10.1508528148944], [30.6631218008253, -10.170972647104], [30.6253783358664, -10.1705515464369], [30.6018956260429, -10.1859447207621], [30.5345396927147, -10.1848218580208], [30.5054715782548, -10.1978282663096], [30.4766800029685, -10.1990370392139], [30.4651373513552, -10.2077465648193], [30.4694227473501, -10.2744542446103], [30.4567309321978, -10.2879715340918], [30.4610089018202, -10.3129934283956], [30.4504561990399, -10.3258308701326], [30.4396180260353, -10.3247552449671], [30.4214593308635, -10.3028445517261], [30.3993075550834, -10.2961797415625], [30.3859975867262, -10.2607726803757], [30.3905372463707, -10.2497334409737], [30.3734007037365, -10.2458509896479], [30.3497985934387, -10.2789751386683], [30.3218208046632, -10.2834664886952], [30.2996439658868, -10.3000437981872], [30.2868783442524, -10.3273847203989], [30.2799478373438, -10.3272822658423], [30.2707298702773, -10.2822736514373], [30.2357698190565, -10.2693369147632], [30.2311586544137, -10.2571683509593], [30.2162713926396, -10.2550365993659], [30.1995118154379, -10.2351113572624], [30.1952438162168, -10.1963648299814], [30.1841742866024, -10.1759205805649], [30.1668427709239, -10.1790358399607], [30.1399611837133, -10.1660504727766], [30.1117209000254, -10.1665322397757], [30.0847770559723, -10.1567394541796], [30.0866814134078, -10.1466078719498], [30.039564928571, -10.1405071852916], [30.028616697571, -10.1303864573158], [30.0157932163475, -10.135577285692], [29.98643133662, -10.1285577066611], [29.9780976172202, -10.1020775624012], [29.9853304781888, -10.0852462540102], [29.9784516280023, -10.0732446528554], [29.9220456872703, -10.0687990778369], [29.9349352593459, -10.0477027052601], [29.9096061370161, -9.98215100558593], [29.9108896049783, -9.95669119032968], [29.924152001253, -9.93451660932802], [29.9256000792028, -9.89253988525715], [29.9344956463038, -9.88371893937972], [29.9236507350362, -9.83071970498052], [29.9083917854318, -9.81755797357473], [29.8830553472223, -9.81765161110559], [29.8679714343511, -9.80725656911511], [29.8578138097344, -9.79170139828349], [29.8706484642034, -9.78106776653926], [29.863692614024, -9.77200482870898], [29.8460188896297, -9.76976550672882], [29.8212525222994, -9.7438209368847], [29.815489571037, -9.71067396571175], [29.8064615760935, -9.70618335181263], [29.8207745458048, -9.6969041962684], [29.8306223271069, -9.69974353290943], [29.8687249313299, -9.67387924871149], [29.8768384026867, -9.68198240830111], [29.9015509878808, -9.67934730637789], [29.879095419838, -9.64210950465199], [29.863632045116, -9.64760863734124], [29.8418692335658, -9.64216457900734], [29.8023119209279, -9.60603441222549], [29.8103754225986, -9.59838544597452], [29.8104147247907, -9.57541896387867], [29.8302798444048, -9.58636837638873], [29.8334340539462, -9.56990024997844], [29.8646651076927, -9.57109623481175], [29.8668266788451, -9.57881488073458], [29.8795030303982, -9.57593466532679], [29.8819559925709, -9.56729442443943], [29.8954795677262, -9.58350926231235], [29.9078634053649, -9.582414908804], [29.9103169289846, -9.58932683838562], [29.923577184574, -9.58281807721428], [29.9427371275885, -9.59664191813698], [29.9411016323244, -9.62008329299441], [29.9611379932896, -9.62497886890594], [29.9760343055902, -9.62371180500951], [29.9817004301431, -9.61524549272536], [30.0100905618036, -9.6175491237446], [30.0418684649793, -9.60712439906377], [30.0538435691637, -9.58898125238178], [30.0679796830534, -9.59307082805032], [30.0838102441478, -9.55073332725922], [30.0967864084269, -9.54950889474403], [30.0977369382869, -9.54130539130297], [30.1104767333569, -9.54693073566979], [30.1142322526916, -9.53924264904864], [30.1257357413518, -9.54139910144181], [30.153353883315, -9.52728453588959], [30.1712219357632, -9.53887970973386], [30.1937359625714, -9.53609798929037], [30.1999887983959, -9.52235585212507], [30.233329770166, -9.49972147599288], [30.254442425131, -9.51846199635967], [30.2880416634437, -9.50486450680134], [30.302860496051, -9.50923209700999], [30.3215847552543, -9.49825985565483], [30.3320243017499, -9.50809472916889], [30.3533750102652, -9.50677490196565], [30.3700876046792, -9.51622497132234], [30.3813507940009, -9.50459497388182], [30.4104455417124, -9.49775912711067], [30.4177971294188, -9.50333632120497], [30.4443322400176, -9.49745857941411], [30.4642652947252, -9.51156648581057], [30.4737593643842, -9.50433720839243], [30.5186599704181, -9.50582759625779], [30.524963335579, -9.46730355898455], [30.4937783195925, -9.41383556128831], [30.4834701238594, -9.34326259061939], [30.5514872172367, -9.32923440238559], [30.5708986876325, -9.33668368737901], [30.5867039836095, -9.35821347465217], [30.6053737824488, -9.36815163978997], [30.636600470383, -9.3828323033836], [30.654649183018, -9.37920682189451], [30.6964180355959, -9.39902599843263], [30.7208471591988, -9.44540284315941], [30.7464809873781, -9.4734310542776], [30.7521852876357, -9.50687197057576], [30.7474434684247, -9.54642717102897], [30.7143585156122, -9.58372793878235], [30.6666228813389, -9.60251256758189], [30.6541047671249, -9.61633668543204], [30.6506581352973, -9.62754623998247], [30.6709153848043, -9.66101197703552], [30.730279905365, -9.67839202506651], [30.8882066653126, -9.67791231213569], [30.9252604864414, -9.69037205156265], [30.9678112811517, -9.66493480470268]]]}}, {"type": "Feature", "id": "107012", "properties": {"name": "Lupososhi", "province": "Northern"}, "geometry": {"type": "Polygon", "coordinates": [[[29.8373090581968, -10.2260326730387], [29.8439910039612, -10.2374600915143], [29.8255834916253, -10.2597966412476], [29.8318068016231, -10.2757092969052], [29.8159443197934, -10.2870232106559], [29.8247996423697, -10.2917249159489], [29.8201997390073, -10.3191907470939], [29.825570652005, -10.3346698439877], [29.8472015899732, -10.3634897811419], [29.9007975241396, -10.3970623653759], [29.9090067442276, -10.4179729048712], [29.9247232570101, -10.4288357532307], [29.9207781572179, -10.4450568587056], [29.9339194713721, -10.4652252498304], [29.9197942899794, -10.4931610178537], [29.8605027979597, -10.5132132948221], [29.8346911222188, -10.5720454291802], [29.8671872688884, -10.5575897826852], [29.8878716277872, -10.5792210463322], [29.8707413248509, -10.6225125858838], [29.887845140961, -10.678210973669], [29.9184432193005, -10.6822001012747], [29.9699527865752, -10.652902378363], [30.0172972737125, -10.683425962818], [30.0217921909677, -10.7251898427465], [29.9969628086169, -10.771033345409], [29.995873117143, -10.8046755142056], [29.9841200216996, -10.8283756892781], [29.9468370295621, -10.8394606089557], [29.8728885112807, -10.8922774263007], [29.8666809694111, -10.8724168662744], [29.8226670814111, -10.841151394379], [29.8100808326777, -10.8094921526657], [29.7786354696504, -10.7951949196992], [29.7725643342618, -10.7755446729594], [29.7594880455577, -10.7770739221973], [29.7376163941277, -10.7500050820321], [29.7144993812698, -10.745569841989], [29.6926277298398, -10.7248457062022], [29.6551890668501, -10.7109268537015], [29.6041400002445, -10.7141310219153], [29.5873293888532, -10.7771960437952], [29.5799494341468, -10.7714031644006], [29.5479102029701, -10.7757977288562], [29.5411363317043, -10.7860243537851], [29.4975470575761, -10.7946900960139], [29.4847075998153, -10.8124027714401], [29.4649391110779, -10.812465152147], [29.43769530967, -10.8294456232261], [29.4314190439862, -10.8420169378709], [29.4015379488043, -10.8473434572693], [29.3713025508877, -10.8791191409862], [29.358551510707, -10.8811124388479], [29.3599064558197, -10.9177804379365], [29.3951421380174, -10.9578906604401], [29.3880591492759, -11.0016737293068], [29.4294673992342, -11.0377344811758], [29.4189596670153, -11.0727977853091], [29.4259031689528, -11.1004319193288], [29.3854127546697, -11.1108355787154], [29.3536560517347, -11.0773045310906], [29.334508627642, -11.0805890639524], [29.2910766646898, -11.0676034878726], [29.2864843979056, -11.0533186893597], [29.1919926352767, -10.9639274564221], [29.1690312950677, -10.956973668253], [29.1182809937526, -10.9645749752263], [29.0800486171071, -10.9377219710473], [29.095379659208, -10.9092947436216], [29.1394691619988, -10.8998658852982], [29.2017118937129, -10.8564216280923], [29.2026702209496, -10.8411832033092], [29.1914600807387, -10.8196785021754], [29.2013000008838, -10.7893046016281], [29.1879424272064, -10.7663995763741], [29.1994558036229, -10.7377260791748], [29.2629777677427, -10.7011072099396], [29.2714866837757, -10.6888691625747], [29.293947373114, -10.6818624244285], [29.3215305382733, -10.6524577798609], [29.339202121084, -10.5995156509694], [29.3637997551594, -10.5998240332262], [29.3969057797535, -10.6200259845822], [29.4108372529299, -10.5872677381435], [29.4094705812095, -10.5573634632364], [29.4314762280423, -10.5135990537091], [29.4653692891146, -10.50348015435], [29.4531771510593, -10.4986916722544], [29.447686751349, -10.48535174493], [29.4326273633833, -10.4837064166994], [29.4194741672128, -10.4621574140726], [29.4277640389453, -10.4445225026687], [29.4522569348485, -10.4301119999721], [29.4684548098761, -10.3867654420344], [29.4572363261128, -10.3708676659886], [29.4718762080274, -10.3674655147792], [29.4931658939854, -10.3369665457176], [29.5861464262017, -10.2836543513845], [29.6320185215878, -10.2829059935608], [29.6476578160868, -10.2595657309447], [29.6467836556024, -10.2432897842732], [29.7839906351812, -10.2009034557176], [29.8373090581968, -10.2260326730387]]]}}, {"type": "Feature", "id": "105006", "properties": {"name": "Lusaka", "province": "Lusaka"}, "geometry": {"type": "Polygon", "coordinates": [[[28.4366524958204, -15.4912569938695], [28.4209804694074, -15.4783551813355], [28.3400965115682, -15.4771765322749], [28.3405559126994, -15.4903793468484], [28.3315604547355, -15.4905771720556], [28.3310160927413, -15.4761565656668], [28.3100964740527, -15.4772873010201], [28.3093001588759, -15.5401005923646], [28.2942245536243, -15.5374193596558], [28.287862231133, -15.5490419396973], [28.2683612957215, -15.5390307629153], [28.2527587557923, -15.5457812959736], [28.2473601782771, -15.5337393107135], [28.2365911063791, -15.5434164256472], [28.224236124424, -15.5195582119691], [28.2373090318693, -15.5148720486834], [28.229520156859, -15.4807367446223], [28.2021497567765, -15.4098071506258], [28.206073023914, -15.3772562561471], [28.2247419639639, -15.3326054233237], [28.2490319906316, -15.3439368732979], [28.2764343976877, -15.3387921389984], [28.275147819758, -15.3191355825878], [28.3092453239143, -15.3039685946668], [28.3089125277459, -15.3178176553459], [28.3328863177892, -15.3212929175895], [28.3440781817757, -15.349260044814], [28.4035498605699, -15.3655558308465], [28.4255576391049, -15.4468619736566], [28.489509996857, -15.4662332425841], [28.4779940386824, -15.4901134188603], [28.4366524958204, -15.4912569938695]]]}}, {"type": "Feature", "id": "103014", "properties": {"name": "Lusangazi", "province": "Eastern"}, "geometry": {"type": "Polygon", "coordinates": [[[31.4868536419122, -13.4350069871742], [31.555888961291, -13.4288197632647], [31.5565738063209, -13.4431734916764], [31.5652728651569, -13.4437282928823], [31.5575482879613, -13.5111269558741], [31.5752553910567, -13.5340280006601], [31.5728165566885, -13.5587088062536], [31.5626346227619, -13.5572272158496], [31.5658195241432, -13.5738165007442], [31.5889073830769, -13.5968944252071], [31.6000137256517, -13.5916844259918], [31.6250967266617, -13.6003846682235], [31.6418952027118, -13.5964108812803], [31.7581498505527, -13.8086358571083], [31.875437939161, -13.8095762869293], [31.8648809361454, -13.8506701105764], [31.8558015890087, -13.8476239472159], [31.8339350966033, -13.8884207250927], [31.8374052139857, -13.9008337048575], [31.8234391826203, -13.926825889603], [31.8271850064381, -13.9345161272443], [31.8093115272673, -13.953016301684], [31.8108802103322, -13.9648722419396], [31.7980930650636, -13.9682859019384], [31.7993282207315, -13.9756275848113], [31.7034484217498, -13.9785817429535], [31.7035198045772, -13.9580232012529], [31.5848084970979, -13.9593081078427], [31.5853795660055, -14.0548910581723], [31.5465433939282, -14.0569590773648], [31.5466622347521, -14.0781697876727], [31.4934220801506, -14.078285058184], [31.4934976320592, -14.1237193390571], [31.4577273013505, -14.1019113709433], [31.4171748251594, -14.1007670009905], [31.4045516493796, -14.0913491654216], [31.3898577939879, -14.099176920066], [31.3527391944456, -14.0922499492037], [31.4050502287354, -14.0551255213495], [31.4251851519553, -14.0507149960655], [31.4333040733908, -14.0355925512745], [31.4227313929769, -14.0107182383677], [31.4318556567762, -13.9945234832092], [31.4306856559158, -13.9654365187541], [31.4156857157607, -13.9501473142969], [31.3630371772322, -13.9475322380423], [31.3412495640953, -13.9592716724323], [31.2686391169724, -13.9660107958922], [31.2518325012875, -13.9745122341129], [31.2418914362313, -13.9660409439749], [31.2333172638811, -13.9745725271769], [31.2158893320232, -13.9704424362771], [31.1918754411856, -13.9786723975654], [31.1901978876982, -13.9729747630551], [31.1742169603033, -13.9815654382657], [31.1650308358187, -13.9722719056117], [31.1319911473167, -13.969757977152], [31.1231317167447, -13.960862485002], [31.1250376597066, -13.9484900251422], [31.0970625991147, -13.9337108842835], [31.0968823907805, -13.8940429529193], [31.0835136681121, -13.8928051936603], [31.0800580306738, -13.8768702124291], [31.0631488803841, -13.8616962052024], [31.0668229413871, -13.8499684906248], [31.0480859602427, -13.8408593738872], [31.0422022942707, -13.8029063519685], [31.0315251254161, -13.8027239873685], [31.0242958882514, -13.7889479058285], [31.0456821413059, -13.7678254856901], [31.0654922615668, -13.7778305084241], [31.0775544843675, -13.7751181191288], [31.0727414772635, -13.7498971531848], [31.1207526868182, -13.7289449486397], [31.1308871322056, -13.7080094122824], [31.1420274490644, -13.7025550575843], [31.14463945167, -13.6962719390298], [31.1283584249865, -13.6760077707721], [31.1246149763143, -13.6470806839646], [31.1423940587184, -13.6206013526787], [31.1964411968891, -13.5884758190436], [31.2168858529308, -13.6021636941923], [31.2667606166441, -13.5341563301289], [31.2820918258316, -13.5240139542706], [31.3059529177309, -13.5244630980492], [31.3261848060009, -13.4798232438464], [31.3625418318115, -13.4739670620394], [31.3855843141452, -13.4539984302997], [31.4206261452945, -13.463763436049], [31.428865218196, -13.4544318243427], [31.4262560866061, -13.4384911782276], [31.4374203399739, -13.4274046103933], [31.4644391196914, -13.4255129392588], [31.4868536419122, -13.4350069871742]]]}}, {"type": "Feature", "id": "107004", "properties": {"name": "Luwingu", "province": "Northern"}, "geometry": {"type": "Polygon", "coordinates": [[[30.2790388590573, -10.3271002566939], [30.3121646043668, -10.3464665690511], [30.3203170042164, -10.3449000063985], [30.3369070127301, -10.3765804323888], [30.3625801790339, -10.3845526399951], [30.3698493579911, -10.4143121922207], [30.4030531498308, -10.4265611743652], [30.4200227567392, -10.4571347420387], [30.4352465076558, -10.4576157317677], [30.436898673855, -10.4673720521639], [30.4521208949407, -10.4679669296869], [30.4585406826608, -10.4824459508738], [30.4714572401275, -10.4840127490762], [30.4746815272442, -10.5062522353553], [30.4924443160057, -10.5284147210463], [30.4889266633717, -10.5403554249533], [30.5036865431402, -10.5380888311478], [30.520536198907, -10.5534986555839], [30.5677970789426, -10.560290487048], [30.5989566456571, -10.5792060168937], [30.6154859388374, -10.5660604185791], [30.6524753732181, -10.5764580438867], [30.6770474187827, -10.564562538277], [30.7078506507735, -10.5708243022703], [30.7018761399735, -10.5915429847255], [30.7131258204299, -10.5997762857354], [30.7144856928019, -10.6160137107471], [30.6922588897294, -10.6413771406787], [30.6914507796728, -10.676016818565], [30.7098031111957, -10.7092614867266], [30.7190563569002, -10.7593502030452], [30.7293278025549, -10.7603112362465], [30.7354927454154, -10.7750789488454], [30.7322013622319, -10.7886003037936], [30.7775619721665, -10.8335786138272], [30.7845552892798, -10.8649598522747], [30.7764704121968, -10.8825113314001], [30.7854539243641, -10.8945254617813], [30.770740576429, -10.9179399470938], [30.7781799340303, -10.9400399422601], [30.7662008988182, -10.9475540296868], [30.7616706328567, -10.9802468238213], [30.734898541296, -11.0260904908051], [30.6272379401327, -11.0317762873435], [30.6012639226503, -11.0180009700534], [30.5929300586217, -11.0245488576237], [30.5666027391279, -11.018697514782], [30.5520987929771, -10.9926634676856], [30.5595940141109, -10.9802517402451], [30.5486771576706, -10.965914220623], [30.5759101352777, -10.9236082669566], [30.5653928270178, -10.8745959642544], [30.5686609150894, -10.8523627276792], [30.5490226685935, -10.8078912964233], [30.5313155628032, -10.7932994918353], [30.5094490730928, -10.7899140953744], [30.4822347993083, -10.8115099512799], [30.443803496133, -10.8234807981078], [30.3553729802381, -10.7978311532656], [30.3287844540159, -10.7971630940138], [30.3113012703781, -10.7452665419458], [30.2494078144262, -10.741619800582], [30.2310379397042, -10.7277762850797], [30.2167858030056, -10.7384171750597], [30.1886121788033, -10.7423198386108], [30.1677913002358, -10.7700393129791], [30.149227639144, -10.7789090069681], [30.1320650094339, -10.8230624247511], [30.1299634628105, -10.8005851343779], [30.1173930998845, -10.7822733051328], [30.1229193890871, -10.7587224303509], [30.1166536687264, -10.7377315441477], [30.1103490270594, -10.7269870098797], [30.0974673251241, -10.7238515198976], [30.0919799536346, -10.6907739743136], [30.0701336508652, -10.6742765360861], [30.0210026508847, -10.7241840978254], [30.0172972737125, -10.683425962818], [29.9748252073538, -10.6538232317139], [29.9157262027399, -10.6830010809154], [29.887845140961, -10.678210973669], [29.8707413248509, -10.6225125858838], [29.8878716277872, -10.5792210463322], [29.8671872688884, -10.5575897826852], [29.8350569395587, -10.5733132599557], [29.8353559851235, -10.5665710709472], [29.8605027979597, -10.5132132948221], [29.9197942899794, -10.4931610178537], [29.9339194713721, -10.4652252498304], [29.9207781572179, -10.4450568587056], [29.9247232570101, -10.4288357532307], [29.9090067442276, -10.4179729048712], [29.9007975241396, -10.3970623653759], [29.8472015899732, -10.3634897811419], [29.8273322240226, -10.3377555010521], [29.8201997390073, -10.3191907470939], [29.8247996423697, -10.2917249159489], [29.8159443197934, -10.2870232106559], [29.8318068016231, -10.2757092969052], [29.8256380148715, -10.2594137229695], [29.8439910039612, -10.2374600915143], [29.8372234945643, -10.2226737921398], [29.8479856323666, -10.2018834882272], [29.8821853665989, -10.1825338495693], [29.8961913577231, -10.1628826082094], [29.9220456872703, -10.0687990778369], [29.9784516280023, -10.0732446528554], [29.9853304781888, -10.0852462540102], [29.9780976172202, -10.1020775624012], [29.98643133662, -10.1285577066611], [30.0157932163475, -10.135577285692], [30.028616697571, -10.1303864573158], [30.039564928571, -10.1405071852916], [30.0866814134078, -10.1466078719498], [30.0847770559723, -10.1567394541796], [30.1117209000254, -10.1665322397757], [30.1399611837133, -10.1660504727766], [30.1668427709239, -10.1790358399607], [30.1841742866024, -10.1759205805649], [30.1952438162168, -10.1963648299814], [30.1995118154379, -10.2351113572624], [30.2162713926396, -10.2550365993659], [30.2311586544137, -10.2571683509593], [30.2357698190565, -10.2693369147632], [30.2707298702773, -10.2822736514373], [30.2703313767189, -10.3026646461087], [30.2790388590573, -10.3271002566939]]]}}, {"type": "Feature", "id": "106004", "properties": {"name": "Mafinga", "province": "Muchinga"}, "geometry": {"type": "Polygon", "coordinates": [[[33.3740156348657, -9.90504113024016], [33.3776625254246, -9.91809999861712], [33.3568293201748, -9.93270944619973], [33.353226091332, -9.96631772882923], [33.3309021498345, -10.0079614189914], [33.3159179697227, -10.0692749020275], [33.3435565016462, -10.0837257310155], [33.3520691259247, -10.1091161993256], [33.3578916130326, -10.0995717411819], [33.3850509368712, -10.1003456163228], [33.4064983292639, -10.1115483751585], [33.4357581711549, -10.1409924757099], [33.4376375823749, -10.1619607987114], [33.453594143866, -10.1632874440369], [33.454110061605, -10.1724633880409], [33.4985157426297, -10.1772171897504], [33.560259071233, -10.2084743150455], [33.5643393135766, -10.2465253966771], [33.5541077504255, -10.2575265927367], [33.5385131839428, -10.3190917958451], [33.5427246099622, -10.346008301393], [33.5560811218309, -10.3546337931204], [33.5495805081932, -10.3715678002724], [33.5661502120865, -10.3853758864039], [33.5615324250634, -10.4078310020406], [33.573484342832, -10.4199187341162], [33.5739823382828, -10.4388878774014], [33.588514780791, -10.436397894983], [33.6086610057155, -10.4531939575702], [33.6226501812759, -10.450341797282], [33.6339230122155, -10.459396278359], [33.6346020981461, -10.4851562823337], [33.6226049088805, -10.4966102017418], [33.633651376945, -10.4959311147879], [33.6517262116901, -10.5247750828089], [33.6660158629332, -10.5336044632053], [33.6749033308236, -10.5286088941948], [33.6700239373219, -10.5415044344184], [33.6816415416675, -10.553005861166], [33.6777496428014, -10.5739175488929], [33.6948797921257, -10.5716581990361], [33.6623904906186, -10.5978494848256], [33.6538815952468, -10.5903552356518], [33.6295925468445, -10.5973224414288], [33.6119135583226, -10.5830236613429], [33.5835368456958, -10.6151638130704], [33.5774869887013, -10.6447524169069], [33.5448415878456, -10.6814655950179], [33.5276476931704, -10.7168006750123], [33.4511602160958, -10.7534551981281], [33.4138344318114, -10.7882011163292], [33.3797504149608, -10.7962303080936], [33.3605493928867, -10.7919160368262], [33.3549570891889, -10.7680758211241], [33.3474127517686, -10.7734141200241], [33.3396573848167, -10.7634112087367], [33.3250962896442, -10.7666246170018], [33.3209284417975, -10.7501425877336], [33.2855808546682, -10.7510755579173], [33.2851587947067, -10.7437672234152], [33.2735521246546, -10.7459960252608], [33.2624202726207, -10.7663136427089], [33.2478064211882, -10.769993471952], [33.2424251461237, -10.7796333788284], [33.2477536622332, -10.7855933789649], [33.2413995081227, -10.7870761139377], [33.228173214241, -10.7607172807957], [33.2348206799698, -10.7154664061523], [33.2237943512357, -10.6717641182747], [33.2305473276879, -10.6425739236098], [33.218793583661, -10.5993327701287], [33.2283842832985, -10.5674339213164], [33.225851925326, -10.5412939486987], [33.1972573164456, -10.4808108352547], [33.197626622842, -10.4600591866676], [33.2145065096131, -10.4164146607848], [33.1876831062834, -10.4317016596587], [33.1682739265917, -10.4185791009756], [33.1447143560141, -10.426208495213], [33.1240844736491, -10.4194946277951], [33.0941162122402, -10.4265747057754], [33.0399169919868, -10.4230957030639], [33.0314398709249, -10.4143628822231], [33.032638220819, -10.3493472605638], [33.0054165413233, -10.3279663740715], [32.9910708352064, -10.3376955574414], [32.987725659107, -10.3200585795788], [32.9993364730875, -10.3165808154116], [32.9923643669948, -10.3070689156082], [33.0021446839208, -10.3013482806381], [32.996599147415, -10.2733173118094], [33.0104709931178, -10.2607518678022], [33.0224135288815, -10.2605774063179], [33.0230521870311, -10.2453475337476], [33.0427246090337, -10.2241821277283], [33.0379028343725, -10.2169799791283], [33.0494995115654, -10.2050781242426], [33.0427246108303, -10.1929931641884], [33.0607299797528, -10.1578979504026], [33.0615234373888, -10.1290893550054], [33.077087404558, -10.1138916008647], [33.091491699696, -10.0784912098997], [33.0710353673523, -10.0422398013134], [33.0751027009052, -10.0198595981368], [33.0901813541405, -10.0004688784209], [33.1042626698996, -10.0009954129646], [33.0988031803199, -9.99155113206243], [33.0887024810445, -9.99198332625712], [33.1074172576317, -9.91710202088942], [33.141930910835, -9.91601369318294], [33.1726850948112, -9.88718456702265], [33.1808238052342, -9.88884330101395], [33.1815367441763, -9.88078613993348], [33.1899834473843, -9.88377103564723], [33.1867853793958, -9.87548095076474], [33.1996363302024, -9.86591072667125], [33.2448787209474, -9.87583001239368], [33.2622891536236, -9.85393739621094], [33.2843339041206, -9.84955416337998], [33.2937935377616, -9.85841483312735], [33.3057725720753, -9.85488001932784], [33.3221724413793, -9.86280972982686], [33.3740156348657, -9.90504113024016]]]}}, {"type": "Feature", "id": "103005", "properties": {"name": "Mambwe", "province": "Eastern"}, "geometry": {"type": "Polygon", "coordinates": [[[31.9645980487633, -12.9011618050876], [31.9808196590773, -12.9249657324369], [32.0259787158083, -12.9362587741203], [32.0380409368123, -12.9503888326246], [32.4564784733844, -13.0444747199405], [32.4379870557061, -13.0554397226513], [32.4280061207226, -13.0874252713159], [32.4057191673569, -13.1004047752981], [32.3874294394262, -13.1332541473299], [32.3671078615616, -13.1479515793547], [32.3693658156558, -13.1697067928007], [32.3366254988072, -13.1902451819845], [32.3383486741346, -13.2048234961789], [32.322305323709, -13.2201529311942], [32.3347240662863, -13.2240285222641], [32.3345458072963, -13.2357127647305], [32.3464891883747, -13.2462975136435], [32.3621165981625, -13.2375636839143], [32.3754860556528, -13.2501148506784], [32.3909352082472, -13.2474542890566], [32.4097607560922, -13.2578581809549], [32.4269087836873, -13.2965929600379], [32.421203660573, -13.3354629308987], [32.4303305447579, -13.351165689099], [32.4318041546247, -13.3795853170534], [32.4022368571412, -13.4051346856069], [32.3419247010924, -13.4231104376719], [32.3529421796243, -13.4391885747847], [32.3502376667142, -13.4557809142951], [32.2910742699625, -13.4692620253749], [32.2611266859747, -13.4682681117318], [32.2497418476956, -13.4563870763954], [32.2575134391198, -13.4352792262084], [32.2432769744297, -13.3999556656467], [32.2186771718212, -13.363676289187], [32.1145257449922, -13.4682911051661], [32.1177110227676, -13.5022436966867], [32.1252929924118, -13.5091768962937], [32.1223457699832, -13.5330948832701], [32.1294761466526, -13.5301832583548], [32.1487757022353, -13.5467513234223], [32.1578075141205, -13.5443251095959], [32.1643912291086, -13.5596445023545], [32.1818606541494, -13.5640807038013], [32.1958124265563, -13.5871383678514], [32.2123549016151, -13.58637597499], [32.2381668684101, -13.6042106850696], [32.2397830867266, -13.6219747537287], [32.2533253315685, -13.6312108151735], [32.1501780101231, -13.6190873160364], [32.0617632803227, -13.6180875527743], [32.0488153887205, -13.6476888664314], [32.0450383412601, -13.6866273866201], [32.0353076257108, -13.6983519462363], [32.0881912596373, -13.7717033471845], [32.0553489875972, -13.7761115611774], [32.0347371964037, -13.7629541019226], [32.0303141937786, -13.7409673413175], [32.0158962846725, -13.726314508992], [32.0077118589847, -13.7301973688433], [32.0048092424016, -13.7146655490924], [31.9917712632511, -13.7183636981506], [31.9818500258099, -13.7426428810548], [31.9860136147439, -13.7537589269688], [31.9588670200328, -13.7876122368672], [31.9503257152423, -13.7901308209962], [31.9344734212062, -13.7647161583658], [31.9074017531764, -13.7609993889114], [31.8941630203229, -13.7490176008928], [31.8927844809592, -13.7848918657687], [31.8760518613009, -13.8121747835958], [31.7581498505527, -13.8086358571083], [31.6418952027118, -13.5964108812803], [31.6250967266617, -13.6003846682235], [31.6000137256517, -13.5916844259918], [31.5889073830769, -13.5968944252071], [31.5658195241432, -13.5738165007442], [31.5626346227619, -13.5572272158496], [31.5728165566885, -13.5587088062536], [31.5752553910567, -13.5340280006601], [31.5575482879613, -13.5111269558741], [31.5652728651569, -13.4437282928823], [31.5565738063209, -13.4431734916764], [31.555888961291, -13.4288197632647], [31.5398672180429, -13.4307971413183], [31.5407206741567, -13.4242676866106], [31.5762466110058, -13.378706780631], [31.5865856575807, -13.3726022559911], [31.6181019282265, -13.3766257106367], [31.6169372992916, -13.3578490158949], [31.641917390201, -13.347234447793], [31.6335748502434, -13.3221183847973], [31.659695799767, -13.312751232429], [31.6587213154316, -13.3017183407102], [31.6468611210434, -13.2982025116839], [31.6596720321412, -13.2768520174295], [31.6476929987258, -13.2539033429942], [31.6483347327069, -13.2320862159154], [31.7211121227422, -13.1870344990703], [31.7150275350822, -13.17719930033], [31.7332575331314, -13.1657668331996], [31.7377972080473, -13.1425068217075], [31.7299775612469, -13.1184575892601], [31.7516776775768, -13.1128094977545], [31.7390569101803, -13.1007258486246], [31.7410771826267, -13.0915816981513], [31.7636098737316, -13.0944233676462], [31.7653969516151, -13.1142345622644], [31.7793791948765, -13.0986481896535], [31.8089702617824, -13.1033937950878], [31.810396337296, -13.071214489027], [31.8359468584107, -13.0772918377608], [31.8442062125764, -13.059927587699], [31.8663103830362, -13.0496821050943], [31.8629828750018, -13.0215482617271], [31.8700307611753, -13.021374587411], [31.8677133880166, -13.0380468923969], [31.8782537668096, -13.0444144914335], [31.9013680766368, -13.0044695774281], [31.8905536703597, -12.9766780150046], [31.9107564074004, -12.9663711890952], [31.9049405579441, -12.9281510010841], [31.9205085486675, -12.9360850402086], [31.9271635674312, -12.9094442076204], [31.9397605689986, -12.921317102657], [31.9458808080973, -12.9048686500507], [31.9645980487633, -12.9011618050876]]]}}, {"type": "Feature", "id": "104006", "properties": {"name": "Mansa", "province": "Luapula"}, "geometry": {"type": "Polygon", "coordinates": [[[29.0807921499728, -10.8830198267049], [29.0800486171071, -10.9377219710473], [29.1182809937526, -10.9645749752263], [29.1766202122823, -10.9570118773832], [29.1938606801135, -10.9651118749281], [29.2864843979056, -11.0533186893597], [29.2920885198392, -11.0682145869371], [29.334508627642, -11.0805890639524], [29.3536560517347, -11.0773045310906], [29.383778217908, -11.1108355795969], [29.4259031689528, -11.1004319193288], [29.4480679110156, -11.1404177520986], [29.4663312221888, -11.1554751531737], [29.455460940701, -11.1789019239515], [29.476305452147, -11.2145747588599], [29.4813574560324, -11.255552465413], [29.5132563991078, -11.2476774690673], [29.5245365441305, -11.2625902181784], [29.6068379392834, -11.2615762869363], [29.5800379397618, -11.3097762863469], [29.4993397831678, -11.3561011760951], [29.4998065702473, -11.3827660048546], [29.4752680884367, -11.4227095247691], [29.4902270276856, -11.4576816918547], [29.4516516077893, -11.4920037832138], [29.4415621051155, -11.517469538969], [29.467619251796, -11.5924900186742], [29.3997259570447, -11.6009294720612], [29.3214770382082, -11.5904754618935], [29.2683698791845, -11.5354841889372], [29.26009089144, -11.5645936564257], [29.2242441167955, -11.5994950541023], [29.1781770321956, -11.603758058696], [29.1740128827129, -11.5996417343382], [29.1811622901915, -11.5961400165739], [29.1663120596684, -11.5834366108028], [29.1677037943853, -11.5581681330213], [29.1863438257509, -11.5458270559149], [29.175160995223, -11.5421011076853], [29.1730337621723, -11.5321455952961], [29.1460934242438, -11.5260453599923], [29.1312907307689, -11.5141492576323], [29.1179046086317, -11.4730446786893], [29.1252925852937, -11.4369163044261], [29.0870926989153, -11.4303747044372], [29.0635670747741, -11.4164870399357], [29.0180300716502, -11.4386090139066], [28.9801539129474, -11.4226049583439], [28.9512896046659, -11.4586520835751], [28.8858023881142, -11.49112742458], [28.8723656153681, -11.5123382916348], [28.8186364242141, -11.5142443989218], [28.7858081003154, -11.5072271411969], [28.779428380152, -11.4991354752859], [28.7475000846246, -11.5613024826904], [28.7264802840189, -11.5683872019064], [28.6994085629885, -11.561238568844], [28.6703298313403, -11.5718250707958], [28.6583032599783, -11.5857024787244], [28.5895270452702, -11.5996605982234], [28.5834662108629, -11.5831760703186], [28.5481945403583, -11.5733500833575], [28.5512231348802, -11.5464717508401], [28.4609428692378, -11.553867597155], [28.4349169372168, -11.5310646679184], [28.4112202702521, -11.5397976264025], [28.4002870006933, -11.5300865589846], [28.3899479325588, -11.5316934487367], [28.3982718378642, -11.5049475787174], [28.3967031547993, -11.473317485338], [28.4226101938941, -11.4490917448668], [28.4332106897425, -11.4163837057362], [28.4272211716873, -11.387726130348], [28.456408183565, -11.3705767999913], [28.4619223410196, -11.3437789046664], [28.4523201007256, -11.3318005980431], [28.4537461762392, -11.2987061717352], [28.4712869050557, -11.2860267300657], [28.4762306341015, -11.2596405108062], [28.4895406698324, -11.2400590656026], [28.4811268252008, -11.2007056688738], [28.4986675549157, -11.1790683422757], [28.4997133430267, -11.1466093283498], [28.4768010634086, -11.1024853773818], [28.493200930916, -11.0843394466664], [28.4976693011579, -11.047810937704], [28.51264309405, -11.0202832581966], [28.5103138370785, -10.9702136090141], [28.5403089581144, -10.9477191656572], [28.5434763450427, -10.9233412358692], [28.6135149882707, -10.9761544965616], [28.635904922704, -10.9870630973528], [28.6580376586915, -10.9874364130611], [28.6892212409669, -11.0098065577203], [28.7100705062973, -11.0080054370865], [28.7293605918403, -11.0161897160794], [28.7359396436737, -11.0404549263168], [28.7462908399628, -11.0489948823347], [28.7643049512896, -11.0512484592684], [28.7784309582341, -11.034220911002], [28.7637983005711, -11.011816567043], [28.7698800783009, -10.9853455196049], [28.7315534081949, -10.9699686930215], [28.7273076395821, -10.9600550030377], [28.7407908246857, -10.8988756925736], [28.7571427715642, -10.8765640797117], [28.7561673952018, -10.8496301636762], [28.7674703161102, -10.8248916469187], [28.7649458058201, -10.7947969384349], [28.7732652177523, -10.794176977608], [28.7792322437894, -10.7680247677682], [28.7735939499424, -10.6991620849205], [28.7965282688276, -10.7008097449444], [28.8143519489924, -10.7156408479575], [28.8219814529898, -10.7083544801766], [28.8639080748845, -10.7135857366261], [28.8669503687145, -10.7033099699393], [28.8739143711051, -10.7187701950968], [28.9024132923397, -10.6937652807509], [28.9178719814492, -10.6523023109557], [28.936943402679, -10.6425850697527], [28.9645722453739, -10.6613301906647], [28.9806441478525, -10.6542807599009], [28.9941776323237, -10.6638387970943], [29.0098644926171, -10.6582049161423], [29.0478837430631, -10.6684074884378], [29.046215231119, -10.6779370541687], [29.0585650702191, -10.6793804758645], [29.0659664174058, -10.7138524188192], [29.0782680636875, -10.7220718067164], [29.0406741852914, -10.7752149764332], [29.0324353216973, -10.824520668209], [29.0444445313198, -10.8400917711893], [29.0444153154118, -10.8604007572217], [29.0625325766895, -10.8656364068418], [29.0807921499728, -10.8830198267049]]]}}, {"type": "Feature", "id": "108005", "properties": {"name": "Manyinga", "province": "North-Western"}, "geometry": {"type": "Polygon", "coordinates": [[[24.1025147661035, -12.4902322066554], [24.1374837555613, -12.497513308391], [24.1321711998194, -12.5215340677796], [24.1454116134208, -12.5557176943401], [24.1476831769916, -12.5878954527631], [24.2283109856174, -12.5589030558244], [24.3001536992609, -12.514302286152], [24.3196258490574, -12.5240631309746], [24.3232133753491, -12.5453602561711], [24.3368113363999, -12.5503956531717], [24.3534330671212, -12.547715713848], [24.3886721889681, -12.5212380527708], [24.3965829393113, -12.5257370099899], [24.4138995393628, -12.5044382379748], [24.4258267166301, -12.5012912166997], [24.4263926696321, -12.5108534262274], [24.4329832522406, -12.5111315372446], [24.4287035937854, -12.5182620057723], [24.4481734286234, -12.5276030367823], [24.4535467122751, -12.5453436167344], [24.468777618273, -12.5505077996663], [24.4641954656206, -12.5562256286649], [24.4790141320397, -12.5513452697401], [24.4869400127072, -12.559595297399], [24.4954444479436, -12.553387739137], [24.4918832800189, -12.5692994058254], [24.5033648677525, -12.5647928800998], [24.5128880787594, -12.586731346112], [24.5326044193962, -12.5839495714155], [24.5216019957301, -12.596780989206], [24.5497327442422, -12.5897010674319], [24.5584702563622, -12.6000129629716], [24.5433696896239, -12.6061380216383], [24.5514303382453, -12.6108498677101], [24.5486033418428, -12.6188803637169], [24.5683028462546, -12.6310378078903], [24.5730045844343, -12.6255103839123], [24.584812690909, -12.647876288302], [24.5911418709563, -12.6406760817381], [24.5892528450678, -12.6539828190476], [24.6074347832493, -12.6693047899419], [24.6002192453927, -12.6726935046316], [24.6090376552956, -12.6913617699643], [24.6255102899342, -12.6901394597932], [24.6192903459238, -12.7177062047713], [24.6298598211489, -12.7314559252729], [24.6203948182775, -12.7328263656853], [24.6341428716426, -12.7421613420333], [24.6338269539201, -12.758893221708], [24.6465959613048, -12.7680498973785], [24.6496071482731, -12.7792127402018], [24.6403313252107, -12.7839353391644], [24.6576996143236, -12.7971199496493], [24.6531874089908, -12.8108745380433], [24.6652640793961, -12.8221947538093], [24.655750854062, -12.8234489436215], [24.6681409053474, -12.8352022738994], [24.6654100529349, -12.8407007318437], [24.6754016293612, -12.8325411119075], [24.6888396857998, -12.8390909669922], [24.6956019014247, -12.8649927153661], [24.6892674096392, -12.8697506800717], [24.6984333741323, -12.8841626966697], [24.7126798370715, -12.8859745098581], [24.7147001104163, -12.9065364630257], [24.7301129288524, -12.9205628870677], [24.7220681669368, -12.9248959883098], [24.7262886901951, -12.9422043957629], [24.7194173651958, -12.9496810321058], [24.7352111483642, -12.9542326063427], [24.7218773432109, -12.9595137202695], [24.7342119172393, -12.9937641568536], [24.7122869849331, -12.9871682397184], [24.7128580960616, -13.0105944968586], [24.6854767661769, -13.0132912898691], [24.6736403412112, -13.0468095228645], [24.6675207776456, -13.0530274679031], [24.6584526360936, -13.0491365283188], [24.6525344209158, -13.06973129669], [24.635100648212, -13.078100684813], [24.6421519902043, -13.0870170410504], [24.6339485840129, -13.093369661303], [24.6456542861385, -13.0984626108217], [24.654242030236, -13.1206077043152], [24.6391248114273, -13.1225493903964], [24.6346049713129, -13.1335050707122], [24.6105514512966, -13.1438015552389], [24.5919828512674, -13.1717897284295], [24.5988270902643, -13.1854326770702], [24.5705169553764, -13.1876352334047], [24.5541442619064, -13.2031068093791], [24.5355564397267, -13.2045132664314], [24.5334376220936, -13.2135144058329], [24.5453177294367, -13.2129789176879], [24.5531752078869, -13.2324654932976], [24.542501573903, -13.2525475306706], [24.5729245795767, -13.2539818970744], [24.5936792352398, -13.2737561059881], [24.6162105600071, -13.2658398681612], [24.6075652428831, -13.3510995079156], [24.6344194745966, -13.3510097600522], [24.6732482328778, -13.4098048551947], [24.6463256941684, -13.4487917319084], [24.6383140603238, -13.495817603728], [24.6195570745964, -13.5196049324078], [24.6240995729171, -13.5523363467102], [24.6151873618306, -13.5786433930182], [24.5795868432533, -13.6142539540997], [24.5078968324283, -13.6480894442408], [24.4844008706577, -13.6731795497798], [24.4684039810986, -13.6542140810978], [24.2539033026473, -13.5846500213647], [24.2745001961802, -13.5395949552792], [24.2916388022446, -13.533816079067], [24.3140757230588, -13.5039587542828], [24.3450562609271, -13.5055543467112], [24.2623291020587, -13.3819890811646], [24.1900186212737, -13.4012489953504], [24.1494498352703, -13.3196908053112], [24.1773814650132, -13.2959835213132], [24.165418761173, -13.2574678866682], [24.0149636029554, -13.1560965341591], [23.9981381810401, -13.1012023333453], [23.9468994162977, -12.9975896658179], [24.0560174935853, -12.9983192019303], [24.0243338685987, -12.9721753250244], [24.0298582021688, -12.9544802490153], [24.0241074608077, -12.9405571790306], [23.9958971368328, -12.9291048189057], [23.9770600671961, -12.9010564499548], [23.9397708182926, -12.8941486971595], [23.9260958302994, -12.881016822794], [23.9225412380427, -12.8614391168138], [23.8936064120113, -12.8410652034075], [23.9011231280333, -12.82095455493], [23.8993118710956, -12.7610546099687], [23.9298098151286, -12.7066519689985], [23.9194198727047, -12.6789697320219], [23.9511108414188, -12.5976873222638], [23.9460600385811, -12.5577419910206], [23.9555875992305, -12.5209922647572], [24.0047979060776, -12.49940951761], [24.0239455251047, -12.5040151933424], [24.1025147661035, -12.4902322066554]]]}}, {"type": "Feature", "id": "102007", "properties": {"name": "Masaiti", "province": "Copperbelt"}, "geometry": {"type": "Polygon", "coordinates": [[[29.0440230588565, -13.4045975577998], [29.0726433802153, -13.4037850967782], [29.0287446391666, -13.4305468903176], [28.9512986291412, -13.5103118279742], [28.9064422633385, -13.5293769661945], [28.8362164408496, -13.5843173982841], [28.8331155615917, -13.5948518599405], [28.7010344489741, -13.6334902286293], [28.7114353391664, -13.643088845723], [28.7121361409707, -13.6561701884002], [28.6864920396578, -13.6760327097391], [28.6751484044058, -13.7015553672083], [28.6441917805886, -13.7335149651673], [28.6509895057184, -13.859980933656], [28.5536431333736, -13.8596252098581], [28.5395895593871, -13.8682609933762], [28.5331453015587, -13.7100741712838], [28.5063348402573, -13.6826963093537], [28.4794884526328, -13.6690910166949], [28.4624943863959, -13.6094413096872], [28.4736653106531, -13.5519138983115], [28.4675450697578, -13.5359989817403], [28.4946553590566, -13.5132656726919], [28.5016817530368, -13.4754923932815], [28.5097925563972, -13.4668679803918], [28.5096291537454, -13.4236690101776], [28.5008498753545, -13.4103176563975], [28.5075643149794, -13.4032081910298], [28.5009092953173, -13.3830346600501], [28.5058114296705, -13.3728894518202], [28.4889956242203, -13.375577539769], [28.470813159626, -13.3628305333683], [28.4543241612761, -13.3691896679564], [28.4479365341415, -13.3588993465972], [28.4280606050995, -13.3581766968894], [28.4112150878713, -13.3407167816181], [28.397489109706, -13.3421332779248], [28.3846841409638, -13.3116623072217], [28.3599060775686, -13.3031043018802], [28.3538452584327, -13.2803778692955], [28.3191440873038, -13.2554804398968], [28.2926131412947, -13.2761561860342], [28.2633191733043, -13.2584879308368], [28.2556243069885, -13.2607146059536], [28.2443642527871, -13.2481350666075], [28.2335795537964, -13.2575336343846], [28.2157239016924, -13.2491183182417], [28.2115942250588, -13.2557696248811], [28.1839343015534, -13.2483085832278], [28.1694358683635, -13.2543815397668], [28.1735952549786, -13.2621026531688], [28.1556207620507, -13.2672499273318], [28.1453586462984, -13.2427322860416], [28.1693880187016, -13.234727134654], [28.163802556573, -13.1934015649036], [28.172168865953, -13.1882411632725], [28.1544617628576, -13.1657470141733], [28.1742604439717, -13.1573227489468], [28.167605425208, -13.1525781851523], [28.1801271838871, -13.1265951600449], [28.4148129376022, -13.2372462378993], [28.4496947204089, -13.219513764262], [28.4846167558251, -13.2261366496639], [28.5027520597653, -13.2102453389746], [28.5513208643966, -13.1950192786244], [28.5837067734078, -13.1605660830815], [28.5809089839301, -13.1508838212283], [28.5919391143345, -13.1274409768221], [28.5834249808863, -13.1154050688956], [28.6101211935515, -13.108506128172], [28.6324516119022, -13.0810391794103], [28.6779734586506, -13.1388928940695], [28.6894390249311, -13.1124646098541], [28.7217855167659, -13.0926705463054], [28.7926012440372, -13.0879169880508], [28.7730629423032, -13.0172048820384], [28.7112203956751, -13.0091740717287], [28.7172926593477, -12.9742042902784], [28.6953757669633, -12.9730902840043], [28.6803655401999, -12.9625031600544], [28.6699022152987, -12.9694229931253], [28.6599900122143, -12.8975535709893], [28.6497700481101, -12.870735754358], [28.6313899469668, -12.8739016163112], [28.6266280557992, -12.8533310468525], [28.6261425235746, -12.8246116335643], [28.6536414743709, -12.8147175728688], [28.675496534816, -12.8466230623539], [28.728993400078, -12.8813339720921], [28.7276124478395, -12.891693633304], [28.7539105720866, -12.9416715033254], [28.7811693546984, -12.9375168162203], [28.8008629284327, -12.9833900868621], [28.8171941817204, -12.9864909075899], [28.8287821686112, -13.0266225750893], [28.8281217137396, -13.06224421991], [28.8415109386577, -13.0711926917876], [28.8232583605555, -13.0798484235895], [28.8244591897997, -13.0877435878709], [28.8475751201877, -13.1105504201111], [28.8378011462659, -13.127910374338], [28.8383887881921, -13.145633726827], [28.8474550360954, -13.1555730852907], [28.8669084416453, -13.1501357223473], [28.8732728293635, -13.1633488922902], [28.8954881366953, -13.1551638257792], [28.9165026183762, -13.185681035963], [28.9231071697873, -13.2156683757488], [28.917138225847, -13.2260133005977], [28.939798673555, -13.2746385646604], [28.948804878963, -13.3234286408544], [28.9606330313433, -13.3390277056502], [28.9624342711673, -13.3766482697598], [28.9763638722547, -13.3792768174352], [28.9971982282464, -13.3685872152158], [28.9966578565687, -13.3796272859611], [28.9831485457617, -13.3893234430974], [28.9862106573252, -13.4034581000053], [29.005604021278, -13.4232569059757], [29.0440230588565, -13.4045975577998]]]}}, {"type": "Feature", "id": "109007", "properties": {"name": "Mazabuka", "province": "Southern"}, "geometry": {"type": "Polygon", "coordinates": [[[27.7691300397755, -15.6571608688547], [27.8299483605543, -15.6622082052705], [27.8245471401955, -15.6868402887126], [27.8381045710573, -15.6839760073839], [27.831175842813, -15.7080878449851], [27.8040258650466, -15.7190300437598], [27.8077586480215, -15.7454971872009], [27.8317198841086, -15.7481474345833], [27.870827963646, -15.7154050830819], [27.8846922446358, -15.7215180551998], [27.8886939535623, -15.7128217538055], [27.8987527311584, -15.7217209392607], [27.9013211169636, -15.743049600306], [27.9226181780902, -15.7615921355949], [27.9484957353757, -15.755788269014], [27.983246373134, -15.7117073963149], [28.0203464979241, -15.7189386886734], [28.0167488431276, -15.7631767306521], [28.0397138691242, -15.83730163896], [28.0707200035882, -15.8452585340032], [28.0910415805545, -15.8745233653049], [28.1612802076294, -15.9310445017048], [28.102255406553, -15.9700612681041], [28.0510986831489, -16.0241581084215], [27.9667597813708, -16.0273867771434], [27.9035203158483, -15.9863482102785], [27.9143261773505, -16.0287080879926], [27.9048684247817, -16.0358462392571], [27.8938134056541, -16.0815368599778], [27.9479062429199, -16.1112065048439], [27.9812462310348, -16.1622547769142], [27.9804738308074, -16.1770442589403], [28.0281568839922, -16.2187320141704], [28.0410497349186, -16.2451536808337], [28.0370625113261, -16.2675003557392], [28.0550213771613, -16.2998059593964], [28.0543957194305, -16.3146478252506], [28.0437246043227, -16.3185617838317], [27.8388959787378, -16.2633616792761], [27.6412033128517, -16.1448966110945], [27.6341917752096, -16.1325106472777], [27.6166035111415, -16.1280469443675], [27.6206678263551, -16.0929959621325], [27.59749409926, -16.0689476380521], [27.5986587263983, -16.0492135078893], [27.5716031543818, -16.0459868761557], [27.2996528437555, -15.7413303817696], [27.3032260005959, -15.6550519993248], [27.3162800011994, -15.6392449997029], [27.3323890014043, -15.6477649972764], [27.3538739999698, -15.6114529991215], [27.3731564040187, -15.6207689116855], [27.3804056206137, -15.5932990027682], [27.3965678109649, -15.5847139029534], [27.3916953847964, -15.5654819747892], [27.4010837146617, -15.5559798233507], [27.4079764150732, -15.5559798233507], [27.4117792828099, -15.5785324082796], [27.4360225656417, -15.5720072946495], [27.439944273304, -15.5863164820348], [27.4493326058642, -15.5870032979371], [27.4527789529258, -15.5733810206781], [27.4629991613717, -15.5694887743897], [27.4547992280672, -15.5563232822613], [27.4896192382233, -15.5581550537259], [27.4847468138515, -15.5439583996184], [27.5018597209123, -15.5446453578385], [27.5015032020339, -15.5349132480625], [27.5171900308862, -15.5323942748401], [27.5068509843114, -15.5058286770805], [27.5200421828116, -15.5051415912947], [27.5358478533861, -15.4758237656941], [27.5528419196231, -15.4776562527066], [27.5603288160691, -15.4697535424158], [27.5676968725896, -15.4742203284113], [27.5587838997317, -15.4899105843489], [27.568528750272, -15.5069738158426], [27.5922966760965, -15.5081189499858], [27.5975256193467, -15.5178523250988], [27.6130936109684, -15.5202569711716], [27.6236703373944, -15.5132719707072], [27.6272355252799, -15.5421265035817], [27.6555193556996, -15.5619330302812], [27.6520257267113, -15.5912881405782], [27.6632439319968, -15.5926122087874], [27.6637192899024, -15.5994800538495], [27.6405455637058, -15.6262624518351], [27.6527860436998, -15.6441154396518], [27.6728699408149, -15.6515537237864], [27.6719192250036, -15.676155356203], [27.7059073583758, -15.657046440325], [27.7211188293224, -15.6738669576579], [27.7548692837417, -15.6417122452545], [27.7691300397755, -15.6571608688547]]]}}, {"type": "Feature", "id": "107005", "properties": {"name": "Mbala", "province": "Northern"}, "geometry": {"type": "Polygon", "coordinates": [[[31.7872186378507, -8.8895838243891], [31.7903917632171, -8.92806604074682], [31.8376423970685, -9.03145703718661], [31.8358401780809, -9.06889611291824], [31.8006950541487, -9.06068350891795], [31.7836772193876, -9.06795955300352], [31.763688393674, -9.09490310678784], [31.7088795569058, -9.11623589406084], [31.6827823750081, -9.1181367736217], [31.6595135774099, -9.10828025130363], [31.6260721057191, -9.11161272558736], [31.5859043123871, -9.12768795288711], [31.5234730180067, -9.10929364472633], [31.4434117669491, -9.13518268425943], [31.4298035758839, -9.19552645930117], [31.400477829092, -9.24742628002327], [31.402277308218, -9.25956274678191], [31.4140068785807, -9.27704385710827], [31.4709502166685, -9.27666012113469], [31.4336489590863, -9.30995201559293], [31.4085295295949, -9.31877971776371], [31.3851534327276, -9.34417512433834], [31.3490153389281, -9.32697109924833], [31.3212177171644, -9.32742960693179], [31.294502568013, -9.31621856957873], [31.2785530250592, -9.30284720671427], [31.263222714187, -9.25236772017753], [31.2243859240688, -9.24561154941156], [31.1257927619749, -9.17764869977637], [31.1663605652213, -9.10907012333338], [31.1774364171787, -9.06109794162998], [31.1666967516316, -9.03114812425087], [31.1734103872642, -9.00396833191876], [31.162914216363, -8.99581827525164], [31.1461752501072, -8.99991191809439], [31.1352498282307, -8.96281372799228], [31.1377050119371, -8.93474335941436], [31.1537391609193, -8.94296670988552], [31.1622600577833, -8.93697703915419], [31.14735375981, -8.8590906090839], [31.1518983655784, -8.84939757072297], [31.1630725570083, -8.85103023120551], [31.1693699339996, -8.87351362774883], [31.2056097521235, -8.87645642625543], [31.2211918589732, -8.86264584618876], [31.204951314868, -8.82560747456539], [31.2875622452133, -8.82678024243637], [31.3344735737038, -8.78999946058557], [31.3222220147874, -8.76007403463709], [31.3073156242877, -8.75561199522237], [31.2893572561191, -8.73605386031416], [31.2607660240059, -8.73301135656281], [31.2332127233382, -8.71625853485165], [31.2165647312678, -8.71778348975979], [31.2073871183205, -8.69132375539284], [31.2262091411762, -8.67163810604756], [31.2112310561336, -8.5835322366827], [31.235664483565, -8.59810301540563], [31.2444228976851, -8.59154694191309], [31.2633037000048, -8.62358041136346], [31.2787515141095, -8.63231108816378], [31.2949131430136, -8.62991043084059], [31.3123516282795, -8.60672842128652], [31.3253289145543, -8.6083734354414], [31.3256854352294, -8.61680990112516], [31.3400887970178, -8.61124044626911], [31.3479797475939, -8.61690390205784], [31.3629535386894, -8.60762142902022], [31.363642810617, -8.58900880165416], [31.3745522873973, -8.58748121106753], [31.39116606713, -8.62390672816849], [31.4072807213313, -8.6375595192949], [31.4597365317055, -8.63950987516663], [31.4914191757319, -8.6845532903688], [31.5374890487025, -8.67886288658124], [31.5521538597644, -8.68772068892938], [31.5698371961323, -8.70390854617472], [31.5814597088728, -8.73731580964954], [31.5675079373642, -8.77149524872675], [31.5734023849162, -8.80212487257023], [31.5676267799847, -8.81302314588363], [31.5792730612492, -8.83686199682709], [31.6181098513674, -8.86772103578787], [31.6536666678044, -8.88167016401042], [31.6790508110471, -8.91661109786716], [31.7358086155876, -8.92325607301887], [31.7600281325903, -8.89787302665392], [31.7872186378507, -8.8895838243891]]]}}, {"type": "Feature", "id": "104007", "properties": {"name": "Milengi", "province": "Luapula"}, "geometry": {"type": "Polygon", "coordinates": [[[29.435301969581, -11.5963019794095], [29.4602239448814, -11.6318951883515], [29.4868677902571, -11.692858312037], [29.4915040664053, -11.7245253114021], [29.5128405590813, -11.7472669477809], [29.5154519813751, -11.805763879596], [29.4642344635859, -11.9216138507304], [29.4705805014177, -11.9396826006952], [29.4960002960991, -11.9581686838077], [29.4162483017562, -11.9891084080682], [29.3954619732929, -12.0087024850952], [29.4359981702144, -12.1483620868601], [29.4475137277405, -12.1552978429816], [29.474823074723, -12.1491985703716], [29.5226679082023, -12.1609439034059], [29.5613237704357, -12.1819834000077], [29.5585337091645, -12.1925526488983], [29.5655007280977, -12.1982182340284], [29.5508596846616, -12.2032361482009], [29.5300389821639, -12.2319014830687], [29.5058432363802, -12.2325518748332], [29.4824555979582, -12.2496008884085], [29.4596383897415, -12.3098442969783], [29.4614447526575, -12.3351080458088], [29.4835013860692, -12.3895282844013], [29.4984276419132, -12.4014602149447], [29.5258082917731, -12.392453283167], [29.5303241981649, -12.4221656939801], [29.5145898322644, -12.4406413900412], [29.4750400052877, -12.4602297628645], [29.4131483271018, -12.4368349459787], [29.3748472841343, -12.4127600327856], [29.3575006974203, -12.4136812250472], [29.3425744101353, -12.4321575608314], [29.3343031550888, -12.4309041816042], [29.3298948542916, -12.4192619093522], [29.300129757664, -12.4105453962678], [29.3048833528901, -12.3939710873021], [29.2692848707935, -12.3605987450617], [29.2544061223533, -12.3774073296111], [29.1798958318293, -12.3717360049432], [29.1252057262906, -12.3951367190261], [29.1071600589444, -12.3752278160346], [29.0916158340502, -12.3768064776711], [29.0790188333811, -12.3884139896511], [29.0399918995617, -12.3830745993856], [29.0302945878663, -12.3710489622853], [29.0355710672664, -12.3504322971396], [29.0130390741524, -12.3245663003518], [29.0082379508614, -12.2881080955613], [28.9750103922942, -12.2528061678541], [28.9506720380609, -12.2085791933635], [28.9155905813261, -12.1703392032126], [28.8630159301281, -12.1449667421727], [28.8321176249392, -12.0925877406315], [28.7757401069028, -12.045358834109], [28.7771661833147, -12.0251817451403], [28.7628103558795, -12.0118380011102], [28.779185036423, -11.9737060610148], [28.7930352803381, -11.9816730804006], [28.8114754913503, -11.9753292341171], [28.825165815382, -11.9875123069855], [28.8319634425954, -11.9732831690489], [28.8677104027337, -11.9463108473062], [28.8999872445913, -11.9488221768751], [28.9040753292273, -11.9402184521977], [28.9365898500376, -11.955983989093], [28.9385863548583, -11.943985521677], [28.9552239022168, -11.9413346266538], [28.9522713797281, -11.9223674208872], [28.960792179574, -11.9085185859196], [28.9525922471678, -11.9001112696642], [28.9613626106778, -11.8776439642858], [28.9855498089915, -11.8620614372453], [28.9974800944297, -11.8385402202578], [28.9970878863834, -11.8113972199069], [28.9614676740401, -11.7777272536187], [28.9364638146067, -11.7681873977297], [28.9026182896842, -11.7742836372223], [28.8769545440127, -11.7675483998005], [28.8480289212214, -11.7565189361243], [28.8241183411332, -11.7293622366589], [28.8180231758107, -11.6709344604056], [28.8330858830513, -11.6410716194108], [28.8602213673989, -11.6198565061621], [28.846170137117, -11.5178085686378], [28.8723656153681, -11.5123382916348], [28.8858023881142, -11.49112742458], [28.9512896046659, -11.4586520835751], [28.9801539129474, -11.4226049583439], [29.0180300716502, -11.4386090139066], [29.0635670747741, -11.4164870399357], [29.0870926989153, -11.4303747044372], [29.1252925852937, -11.4369163044261], [29.1179046086317, -11.4730446786893], [29.1312907307689, -11.5141492576323], [29.1460934242438, -11.5260453599923], [29.1730337621723, -11.5321455952961], [29.175160995223, -11.5421011076853], [29.1863438257509, -11.5458270559149], [29.1677037943853, -11.5581681330213], [29.1663120596684, -11.5834366108028], [29.1811622901915, -11.5961400165739], [29.1740128827129, -11.5996417343382], [29.1781770321956, -11.603758058696], [29.2242441167955, -11.5994950541023], [29.26009089144, -11.5645936564257], [29.2683698791845, -11.5354841889372], [29.3214770382082, -11.5904754618935], [29.3966622662429, -11.6008479846978], [29.435301969581, -11.5963019794095]]]}}, {"type": "Feature", "id": "110006", "properties": {"name": "Mitete", "province": "Western"}, "geometry": {"type": "Polygon", "coordinates": [[[23.1924765771207, -14.1364276903415], [23.173151988186, -14.2076876033641], [23.1849790589947, -14.27370585673], [23.1931101723653, -14.2928424203806], [23.2089499995819, -14.3030752086541], [23.2091611970984, -14.3239486513095], [23.2329209392707, -14.3657920062614], [23.2337657311336, -14.388909916032], [23.1636480900594, -14.4699059901211], [23.160691323031, -14.5063037012559], [23.1254213072231, -14.5261358931556], [23.108314291314, -14.6070818291914], [23.0893064977558, -14.6168914361917], [23.0741002639872, -14.6538778875881], [23.0783242170134, -14.6777829363746], [23.0717770877119, -14.6955567901002], [23.0394638398308, -14.7106736474038], [23.0441101887883, -14.7317129297328], [23.018383475707, -14.7763084496435], [23.0219344288885, -14.8054365030398], [23.0012652973321, -14.8229019219849], [22.9987719612772, -14.8358785939741], [22.9915159785716, -14.8348420253867], [22.8765926007441, -14.7316402766978], [22.9046419951291, -14.6971468080958], [22.9024245074435, -14.6858893266161], [22.9171061735952, -14.6820311862767], [22.9232273990441, -14.6711130271242], [22.9049736315724, -14.6571328461349], [22.9131340677506, -14.6388300040715], [22.9009806219311, -14.6304576548887], [22.8964874518992, -14.6151694210129], [22.9066643058529, -14.5964206093959], [22.8902917111975, -14.5919340219438], [22.8780678760874, -14.5319292666864], [22.8614466708805, -14.5176076352591], [22.875572709266, -14.4970792036527], [22.8685849392497, -14.4788536134241], [22.8769987856779, -14.452479085332], [22.8748596724076, -14.4291398495722], [22.8436286168644, -14.3807963839166], [22.8172462207623, -14.3667057463434], [22.7870134189769, -14.3625612722105], [22.7753195997659, -14.3468115697066], [22.7522008935837, -14.344523883782], [22.7412363958906, -14.3262247648524], [22.7185540113234, -14.3159324655805], [22.6991671691395, -14.28808582602], [22.6720717361789, -14.2715016594215], [22.6282912143199, -14.2862892680489], [22.6205904074451, -14.2641765986382], [22.6063296523097, -14.2685993067298], [22.5378811627802, -14.2540554281327], [22.5311754718479, -14.24676134636], [22.4860401827426, -14.2495257629112], [22.4730985461098, -14.238502453256], [22.4205476643342, -14.2260271488197], [22.407926895141, -14.2142078053145], [22.375840197883, -14.2151409351483], [22.3510621335895, -14.2060859689928], [22.3243588709459, -14.1667514229675], [22.2133388922168, -14.0857796313099], [22.1950851247452, -14.0798318071241], [22.181965230919, -14.0843272690592], [21.9989284369595, -14.0054709559452], [21.9977110086454, -13.7176409323604], [22.012006729805, -13.715799522588], [22.0729109447963, -13.7529323946232], [22.116747949127, -13.7657250287628], [22.1387638672968, -13.7477848663196], [22.1734243258787, -13.7694340041214], [22.1957324911632, -13.7555818153467], [22.2225022902232, -13.7621673857562], [22.2410112466091, -13.7448136316341], [22.2768212109882, -13.7521564881104], [22.2940642039836, -13.770831069704], [22.3082317633998, -13.7714938019231], [22.316913656329, -13.7974086523128], [22.3388749263867, -13.8007119531547], [22.344817275703, -13.7948275543484], [22.3891803262776, -13.8333478083241], [22.4119278252282, -13.8368724914326], [22.4186193119992, -13.8548565936798], [22.443577180385, -13.874358439694], [22.4760750131924, -13.8736585962948], [22.5147489944451, -13.9065868022613], [22.5082026673392, -13.9127520447715], [22.520593927757, -13.9135841499356], [22.5547673081138, -13.9405503328141], [22.5620150281155, -13.9338941756739], [22.5768416760658, -13.9402099667591], [22.582842474266, -13.9332701525757], [22.5876353222767, -13.9472441145709], [22.6092420928688, -13.9432165243511], [22.610021419107, -13.9586836042504], [22.6270496599523, -13.9486244459291], [22.629855227942, -13.9622382382245], [22.6382719319111, -13.9620113465887], [22.6381940021619, -13.9750949678988], [22.6547936136659, -13.9791030953986], [22.6522997745546, -13.9995963953823], [22.668275928302, -13.9838673843162], [22.6881487042574, -13.9908245788302], [22.7006178971194, -14.0051164184212], [22.7105153184258, -13.9922613636494], [22.7095021966517, -14.0027723138765], [22.7278942561681, -14.0101826233995], [22.7239586668398, -14.0031125892194], [22.754869726309, -13.9228260087065], [22.8001563474037, -13.9271727780672], [22.8536807693853, -13.875016351995], [22.9631500448299, -13.9406025526535], [22.9808917860643, -13.9640859176856], [22.9943529229175, -14.0057167326062], [23.0288805287538, -14.0085942157751], [23.0980214343144, -13.9863110108444], [23.101056566775, -14.0080100520351], [23.1226585080241, -14.0368878560668], [23.1486750795999, -14.0400258292991], [23.1745828642964, -14.0327207307082], [23.1769240023859, -14.0213257973334], [23.2141168854156, -14.0170399328411], [23.2219094713664, -14.0031250028265], [23.2414744476745, -14.0356428427065], [23.2420590497018, -14.0669311067804], [23.2167643139827, -14.1216814693503], [23.1924765771207, -14.1364276903415]]]}}, {"type": "Feature", "id": "101008", "properties": {"name": "Mkushi", "province": "Central"}, "geometry": {"type": "Polygon", "coordinates": [[[29.8147215626731, -13.4445090031136], [29.7951856980684, -13.5136151172914], [29.8401083496577, -13.5231222287229], [29.8464549992422, -13.5537345196596], [29.8949196163686, -13.5991395078137], [29.8957601906412, -13.6178916920029], [29.9202752389994, -13.618818925065], [29.9316220462027, -13.6474376719406], [29.9265391591362, -13.6558751561221], [29.9584584113235, -13.6695380210411], [29.9666217266022, -13.7311001953277], [29.9784981616323, -13.7483000027665], [29.9909995779619, -13.7487220516707], [30.0135453296727, -13.7657400717554], [30.0086723950578, -13.7785181366535], [30.0208444108508, -13.7901339774178], [30.0213982518678, -13.8071697752097], [30.0519272758131, -13.8313157853993], [30.0615113333074, -13.8606413339892], [30.0764138206273, -13.8623258651802], [30.0681188150229, -13.8779937106953], [30.0787513870152, -13.8885956056726], [30.0730150070205, -13.906765339303], [30.087085619353, -13.9259367471777], [30.0962505813262, -13.92581115873], [30.0956571030456, -13.9370689582598], [30.0873826877259, -13.9431448803594], [30.0551182668737, -13.931265058298], [30.0381369091031, -13.9398105901567], [30.0158685724234, -13.9346218443279], [30.0085485182784, -13.9455246843874], [29.9855977171043, -13.9472233022152], [29.9398007648934, -13.9902529263034], [29.9354189140915, -14.0312554617919], [29.922945482978, -14.0429874929818], [29.9109461341625, -14.0881132577325], [29.8560347277552, -14.0668253294284], [29.8507711867901, -14.0795517133921], [29.8338000266947, -14.0804501292721], [29.8293076040611, -14.0991121292532], [29.7941194750812, -14.1005523689631], [29.7201672880802, -14.1836871691586], [29.6638680195933, -14.2295823473954], [29.6345882548659, -14.2088453803943], [29.6117781343569, -14.1663978508582], [29.5787529096294, -14.1599934022052], [29.5530638790776, -14.185433025791], [29.5665319149922, -14.2116208727242], [29.5246313604104, -14.2273335808589], [29.4443219587387, -14.2764669715939], [29.3932307332986, -14.3180216908196], [29.3664810582976, -14.3096035697766], [29.354731674693, -14.2590221459812], [29.3267671342714, -14.1939721938982], [29.3210152969657, -14.1433195242727], [29.3261729337452, -14.1069016216858], [29.3131547220226, -14.0730571266788], [29.3193578648423, -14.050454262306], [29.3496362031277, -14.0216077498582], [29.3793834592137, -13.9480175374119], [29.3879055732949, -13.9423882303931], [29.3459003901354, -13.9355781801479], [29.31673507886, -13.9429442291128], [29.2713383413796, -13.9314966325814], [29.2022628089171, -13.9509312572132], [29.1576972259752, -13.9506197069956], [29.144800249985, -13.9382024566461], [29.1311881997573, -13.9450023797729], [29.1235179382971, -13.9077324276658], [29.0944347033943, -13.867490952898], [29.0824096331172, -13.8690842178953], [29.0768972013262, -13.8473122841256], [29.0724301192685, -13.8513096256934], [29.0638053897341, -13.8434060611707], [29.0580848703941, -13.8191245401812], [29.044528236338, -13.8271226817738], [29.0304552856908, -13.8170672092124], [29.0315658261642, -13.8096935471721], [29.0163639177837, -13.8040399537279], [29.014446797983, -13.7875221801521], [29.0072588806265, -13.7985486579634], [28.9984617482194, -13.7795623022303], [28.9751770154064, -13.7708744343839], [28.9612955146109, -13.7751339650689], [28.9499457941711, -13.7362902073437], [28.9308540970671, -13.7081599629942], [28.8507936176624, -13.6650875226341], [28.8326443476145, -13.628786480953], [28.8362164408496, -13.5843173982841], [28.9064422633385, -13.5293769661945], [28.9512986291412, -13.5103118279742], [29.0287446391666, -13.4305468903176], [29.0710473389584, -13.4061656861871], [29.0440230588565, -13.4045975577998], [29.0577469933545, -13.3951497166553], [29.1195365959747, -13.367585401845], [29.1349041968127, -13.3814123180462], [29.1432492143238, -13.379061058597], [29.1663690119591, -13.4042139003378], [29.1785141285992, -13.4488644300896], [29.2072379403703, -13.4212762869821], [29.2653379402347, -13.3847762866314], [29.2976092206224, -13.374787326838], [29.3130379401374, -13.3444762878554], [29.3522698398602, -13.3530773821602], [29.3657379386569, -13.3282762870528], [29.3860379398866, -13.329576286984], [29.4412529499105, -13.3133200507277], [29.4877053569701, -13.2747397322529], [29.506318255621, -13.2487826157089], [29.5791379401366, -13.2115762874169], [29.6289379397637, -13.2439762872527], [29.6701379395779, -13.2325762861674], [29.6693358078096, -13.2535432769766], [29.6762334938709, -13.2511629387498], [29.6757379391427, -13.2629762847105], [29.6463284558917, -13.2943960207964], [29.6553805876686, -13.3198042429056], [29.6460132649063, -13.3522630980663], [29.6037379385779, -13.3610762866883], [29.6156379400112, -13.3840762869117], [29.6113379401047, -13.4073762873499], [29.6357379394278, -13.4316762868791], [29.6556454819813, -13.438019821009], [29.6720378521493, -13.423594944767], [29.6976909438015, -13.4493238655889], [29.7264501321268, -13.4590324367058], [29.7760537932705, -13.4332576293751], [29.7957098650367, -13.4442613840219], [29.8147215626731, -13.4445090031136]]]}}, {"type": "Feature", "id": "110007", "properties": {"name": "Mongu", "province": "Western"}, "geometry": {"type": "Polygon", "coordinates": [[[23.9014870921487, -15.0787960943023], [24.1215209956948, -15.322387693654], [23.8767089847361, -15.8126831054269], [23.5659371266053, -15.7325877018865], [23.3584443233648, -15.4180027811764], [23.2135379400796, -15.4589762883922], [23.1166093337492, -15.4511505682305], [23.112799725953, -15.4689621469479], [23.1029873912736, -15.4461006637005], [23.0923379390389, -15.4434762869484], [22.9464592058154, -15.507869247336], [22.9333955492209, -15.4908540148352], [22.9309098713039, -15.459632274296], [22.9082120572734, -15.4288038997193], [22.9084699860493, -15.395484221902], [22.8868038907158, -15.3614130651935], [22.8870618221867, -15.3260925587361], [22.8749391239029, -15.3121617032613], [22.8819032269048, -15.2599127409115], [22.870296389766, -15.2596639060919], [22.8630743570899, -15.2397560937223], [22.8411503329805, -15.2365208956964], [22.84424548997, -15.2171086655681], [22.8261904109746, -15.195952276994], [22.811746347419, -15.1456662288131], [22.8448334427134, -15.1591581060915], [22.8573353980321, -15.1525051340775], [22.8656541874319, -15.1631956698425], [22.8830315755803, -15.1667875570317], [22.8854083731933, -15.1761927860436], [22.8973398974083, -15.1749081937212], [22.9059771764072, -15.194251945568], [22.9195154138647, -15.191095776334], [22.9306578399678, -15.2014082023059], [22.9333453280066, -15.1940135730515], [23.1456909193452, -15.1528930653728], [23.1738891600812, -15.1542968749542], [23.1843261724294, -15.1846923833523], [23.2393188494204, -15.1806030249783], [23.2410888691949, -15.2437133791926], [23.3176879879947, -15.2977294923051], [23.3333129876026, -15.2985839835927], [23.5084838858976, -15.1621093749522], [23.5338745122817, -15.1196899396227], [23.5551147468817, -15.1013183583659], [23.6306762711041, -15.1151123050478], [23.7089795227439, -15.116725548915], [23.7564517009073, -15.0943899914214], [23.8559215747011, -15.0739887751672], [23.9014870921487, -15.0787960943023]]]}}, {"type": "Feature", "id": "109008", "properties": {"name": "Monze", "province": "Southern"}, "geometry": {"type": "Polygon", "coordinates": [[[27.267600059696, -15.7194394000311], [27.2808665900177, -15.7232012024071], [27.2803168659796, -15.7404698557298], [27.3033292260052, -15.7536326549554], [27.3066379421821, -15.7469762881933], [27.5716031543818, -16.0459868761557], [27.5986587263983, -16.0492135078893], [27.59749409926, -16.0689476380521], [27.6206678263551, -16.0929959621325], [27.6166035111415, -16.1280469443675], [27.6341917752096, -16.1325106472777], [27.6412033128517, -16.1448966110945], [27.8388959787378, -16.2633616792761], [28.1064074871699, -16.3345031207102], [27.7654894859325, -16.4524687754244], [27.6510287835955, -16.4752264400548], [27.6074341276604, -16.4755047609936], [27.5756249783842, -16.5001873336543], [27.5224205407983, -16.487083652841], [27.5179396776858, -16.4931528896786], [27.4720554289922, -16.4945059377156], [27.4613598626407, -16.4981066942251], [27.4555129521368, -16.5128052841034], [27.4430682347731, -16.507372531774], [27.4262134873553, -16.5242755980776], [27.3991333760601, -16.5278127457004], [27.3912423006183, -16.5379597411987], [27.3624456687153, -16.5161292885793], [27.3233103172243, -16.5152608428975], [27.1142885337595, -16.4490746067646], [27.0897920436968, -16.410861017427], [27.096756045189, -16.4021285619107], [27.0908378309095, -16.3819717416095], [27.0997032667192, -16.3748798760694], [27.1040834996553, -16.3458797328047], [27.0523091970698, -16.346631787277], [27.0359379391076, -16.3395762850282], [26.9983379395911, -16.2507762874118], [27.0351082622977, -16.2220680757884], [27.0594253399335, -16.1693162626225], [27.0665464900066, -16.1249247820036], [27.0868141015805, -16.1095136411741], [27.0808325138526, -16.0868104265981], [27.0878042417546, -16.0461794380693], [27.1807379394052, -16.0193762868913], [27.1860379402927, -15.8333762864073], [27.2106555358321, -15.7387853400229], [27.2407599539903, -15.7209476039091], [27.2471634301015, -15.7296687383441], [27.2573136229558, -15.7226525161246], [27.2639895886354, -15.7316358612279], [27.267600059696, -15.7194394000311]]]}}, {"type": "Feature", "id": "106005", "properties": {"name": "Mpika", "province": "Muchinga"}, "geometry": {"type": "Polygon", "coordinates": [[[32.2273391832365, -11.2485853618762], [32.250698099824, -11.2890368102044], [32.2406087597453, -11.3510737616914], [32.2288439385925, -11.3654649818068], [32.2223534408832, -11.3971175720997], [32.2258936178745, -11.4583297598777], [32.2343263756361, -11.4662518394083], [32.2630879921076, -11.4655687976223], [32.2824436717343, -11.4498680665957], [32.3017477916569, -11.4479033427846], [32.3059362702125, -11.4541932770778], [32.349206369327, -11.4591125827169], [32.3848600672708, -11.4859202163315], [32.3994722469386, -11.4813157278113], [32.411575919803, -11.4893310804293], [32.4411583781536, -11.4894921797291], [32.4544151842123, -11.5137270920886], [32.4598801050062, -11.5113001930348], [32.4776170043212, -11.5296089769399], [32.4907294897413, -11.5745373440207], [32.5386265009655, -11.6093616844364], [32.5429962909864, -11.6375805484026], [32.5744649976346, -11.6461007069254], [32.5987082130928, -11.6781768228823], [32.5841622338716, -11.686893493077], [32.5904369391817, -11.6989730662326], [32.5641258540417, -11.7002996421046], [32.5599902054081, -11.716986634008], [32.5385990574336, -11.7285063213654], [32.5494372052854, -11.7416312593183], [32.5421773104166, -11.7769050370771], [32.5282477776012, -11.7696001546075], [32.513392341341, -11.7848988690282], [32.5046583730748, -11.7827472219437], [32.5118081614391, -11.7963659415945], [32.4993105791192, -11.7893084569852], [32.5067974567007, -11.7979634889526], [32.4955314583471, -11.8005459634306], [32.5103384421758, -11.8055450606971], [32.4958351212525, -11.813480889601], [32.4889741098109, -11.8059202504294], [32.4892830341489, -11.8203127337165], [32.4782072280056, -11.8136674112037], [32.4556186769614, -11.8370711348595], [32.4464057206975, -11.8316036805907], [32.4458504289012, -11.8528716326477], [32.4206650001859, -11.8695661387072], [32.4255599156775, -11.8748988356065], [32.4189536916033, -11.8782883902508], [32.4349678360024, -11.8954006659341], [32.4215205978833, -11.894545934625], [32.4305181291589, -11.906222042293], [32.4097961236632, -11.9252244483339], [32.4178854213557, -11.9299486369713], [32.4072543217022, -11.9365424661078], [32.4145420122424, -11.9460359100126], [32.3964161190532, -11.9546101820884], [32.3992791549665, -11.9638529529776], [32.3857918313245, -11.9716303996174], [32.3921224289132, -11.9833093093784], [32.3803727210168, -11.9848133641788], [32.3814462302393, -11.9951722270247], [32.3735275378906, -11.9977166966799], [32.3804935246596, -12.0050802052164], [32.3762398850083, -12.0164812089118], [32.3862195461807, -12.0231670109505], [32.383285025032, -12.032788648852], [32.3713883689247, -12.0254044901792], [32.3663397561796, -12.038954398381], [32.3503537506084, -12.0363532416017], [32.3525396634101, -12.0530840836423], [32.3336448365922, -12.0812295830868], [32.3087691990891, -12.0810649136817], [32.3029685042117, -12.0931725904301], [32.2780925352303, -12.1061522423649], [32.2832574501603, -12.1387398262721], [32.2724061419896, -12.1543909320542], [32.2817382283349, -12.1553862594306], [32.2959242050112, -12.1774717114261], [32.2936832290758, -12.1882775849915], [32.3075043711691, -12.1937311601799], [32.2862336504433, -12.2141296863421], [32.2852847393474, -12.2438422789163], [32.2764721783753, -12.248965888979], [32.2793725141359, -12.2740374412318], [32.2635322144055, -12.2698953504136], [32.2628629057385, -12.2964908090836], [32.2198792182826, -12.3180393001124], [32.2273661138304, -12.327188116113], [32.2217568858726, -12.3375440045854], [32.206878164382, -12.3317159646079], [32.2046677464376, -12.3436273186447], [32.1934968212822, -12.3462742106887], [32.1966104188878, -12.3754811389574], [32.1828859741467, -12.3862552545882], [32.1945775592476, -12.3940159301864], [32.1715349197088, -12.39700927222], [32.1742591730973, -12.4129731776567], [32.1547353620871, -12.4117537477616], [32.1436190068901, -12.4246067857808], [32.1487931430265, -12.450772565858], [32.1395436307204, -12.4674453288309], [32.1546837987898, -12.4900251927066], [32.147196903242, -12.5063148883868], [32.1346236710971, -12.5111876747277], [32.1326509321056, -12.5337869201631], [32.1453192374486, -12.5473130351448], [32.1300364609296, -12.5494474509717], [32.1330787556579, -12.5660581738806], [32.1099525638145, -12.6027557102398], [32.1252115718094, -12.6123583717883], [32.1013010402301, -12.6301246652878], [32.0941468941383, -12.6536178783144], [32.0997561256893, -12.6693638473118], [32.0861608730591, -12.6695725502312], [32.0640329322785, -12.6895376713782], [32.0709493994175, -12.6992761879088], [32.0618938199065, -12.7022672276933], [32.0492017487343, -12.730228274603], [32.0500573931442, -12.7423298661236], [32.0616799076812, -12.7429557928624], [32.0354401191304, -12.7700778753425], [32.0439252693342, -12.7705646536205], [32.0487739242836, -12.7963626539134], [32.0303775519556, -12.7892006712876], [32.0323740549796, -12.8030377176026], [32.0193967687047, -12.8159006231025], [32.0201811111355, -12.8300838221936], [32.0057064428764, -12.8330733169539], [32.0025690794416, -12.8510790497883], [31.9846005270727, -12.8541378108394], [32.0019273436639, -12.8606723118783], [32.0062055720011, -12.8708213067674], [31.9985760671054, -12.8801357762716], [31.9829605402321, -12.8754785843472], [31.9900909169015, -12.8913960894329], [31.9820466149233, -12.9026664667741], [31.9684471357197, -12.8984398477669], [31.9537242252184, -12.9082858458334], [31.9458808080973, -12.9048686500507], [31.9375026140061, -12.9217804249024], [31.9273418264213, -12.9093283722962], [31.9216375243671, -12.9354480110366], [31.9049405579441, -12.9281510010841], [31.9064854742815, -12.9449895589129], [31.7721277729175, -12.8585070757991], [31.7377882716068, -12.826620951276], [31.7231448287705, -12.8221383606815], [31.7104243061566, -12.8321334961659], [31.6975018458601, -12.8203605368079], [31.6507409330774, -12.8127762501737], [31.6343420303607, -12.799993580225], [31.633194312211, -12.7731053993121], [31.6129171245961, -12.7727217080052], [31.607681611068, -12.7534185893121], [31.5994131767314, -12.7585010593865], [31.5902305511847, -12.7506691779706], [31.5783117417243, -12.720387401348], [31.5649706692004, -12.7117617863687], [31.5673245966046, -12.7015342241011], [31.5349859012481, -12.6771221302995], [31.5353256988858, -12.6355079322898], [31.5080853667715, -12.6483723621968], [31.4753557829939, -12.6268025629006], [31.4827485629477, -12.5909603767933], [31.4951534669781, -12.5849301888949], [31.4974444260741, -12.5742265660891], [31.5094266287458, -12.5718774465675], [31.5226060943502, -12.5505401317502], [31.5330023842698, -12.5056905406728], [31.5594590818258, -12.4960212628303], [31.5053436537272, -12.4791055007608], [31.4923089058168, -12.4845495047346], [31.4858965848934, -12.4585273081558], [31.4514885618894, -12.4318370963729], [31.4383721229838, -12.4005753082087], [31.4288827092928, -12.4110795123969], [31.4213087310614, -12.4037177423837], [31.4153387396856, -12.4136080026935], [31.3990557690478, -12.4177669527176], [31.3689376156489, -12.4135020152695], [31.3571299268908, -12.4248404079727], [31.3453783478036, -12.4060921706387], [31.3071210932146, -12.3757553666715], [31.2917218312544, -12.3715698842918], [31.2783464475782, -12.3796825076551], [31.2504580250039, -12.3720441422784], [31.246215828991, -12.3610270547383], [31.2278575506209, -12.3626689705883], [31.2038782673797, -12.3427329990308], [31.1861607968276, -12.3420826821707], [31.1632838524412, -12.3567535938731], [31.1286652661313, -12.3412423753076], [31.1182891910004, -12.3235266623232], [31.1341364526743, -12.2823130747015], [31.1003540882995, -12.2876660987293], [31.0906924253477, -12.2994401169803], [31.0759992706419, -12.2708062933056], [31.0912688059936, -12.193764232749], [31.1018586271615, -12.1798272040116], [31.0575796858469, -12.1516373900791], [31.0914192001419, -12.1402470791582], [31.09411087433, -12.1253949648313], [31.1461806103546, -12.0943843656777], [31.1901756166657, -12.0795590589642], [31.1791644389172, -12.0683266231113], [31.1755807798728, -12.0470260528282], [31.2095873844038, -12.0154211839963], [31.2267467702974, -11.9859623746415], [31.2241869400469, -11.9315187307433], [31.2437971600043, -11.9047558171217], [31.2926164787172, -11.8786605228973], [31.3033595812186, -11.8590292605848], [31.3341628114128, -11.8504226940445], [31.3515133974264, -11.8325573841862], [31.3494693546592, -11.8017555967135], [31.3357790288309, -11.7824910881038], [31.3153867445703, -11.7197566260407], [31.3205171911429, -11.694041232878], [31.3100933480968, -11.6828892113571], [31.3087094421977, -11.6623315100078], [31.291277254122, -11.6490077716282], [31.2492147144298, -11.6553967230336], [31.197377551334, -11.6345356497212], [31.2233712383278, -11.5977390246602], [31.2508951982217, -11.5839686560662], [31.2643471650725, -11.5621045886928], [31.2694322458249, -11.4980054119014], [31.277592220269, -11.4968926883582], [31.2950438101582, -11.4622229746049], [31.2936591667422, -11.4199081227222], [31.2761153001104, -11.3487579886356], [31.2859650307567, -11.2980298040659], [31.3281970394238, -11.2932496640868], [31.3474886296449, -11.3026319451725], [31.3775255070701, -11.2702609105736], [31.4085482522821, -11.2825643991494], [31.417467265412, -11.2938311468085], [31.3983863894138, -11.3228271573436], [31.3876195300664, -11.4018911512719], [31.4070502998677, -11.4072032392152], [31.4286542308852, -11.3939233738325], [31.4404193538719, -11.3949718480923], [31.4405619614232, -11.3841374103476], [31.4518992617559, -11.3863043319673], [31.4885714623823, -11.3684702938018], [31.5020841391766, -11.373432936086], [31.5155605581695, -11.4169795192966], [31.5080736653166, -11.4406722066923], [31.5109971264076, -11.490567128432], [31.5283952485711, -11.5148125929543], [31.592105119587, -11.5468701730663], [31.5664211321773, -11.5904764791705], [31.6185582463397, -11.5861399880195], [31.6377574457321, -11.5677311209088], [31.6607885652758, -11.5722716918884], [31.6838836197149, -11.561272486608], [31.7204698237208, -11.6171844240745], [31.7615407994091, -11.6132033409848], [31.7796519602276, -11.6264035638974], [31.7792241348787, -11.6548273164336], [31.7965509532665, -11.6648133496602], [31.8102412772981, -11.6458186288759], [31.8085299866819, -11.6356223976399], [31.8376219280564, -11.5983261492197], [31.8133786434279, -11.5530610881181], [31.7936988022394, -11.5464243907294], [31.793556194688, -11.5338491667095], [31.8131647321009, -11.5001727402311], [31.8081226716674, -11.4771110197832], [31.8241897897189, -11.4703094798799], [31.8748424998581, -11.4917879408233], [31.9253968750165, -11.4973778339445], [31.9393011121718, -11.4957707498978], [31.9491490174414, -11.4822331168723], [31.9384588427782, -11.4779191120827], [31.9337528187364, -11.4642926068976], [31.9497249336583, -11.4209630019789], [31.9485128188791, -11.3929349835601], [31.961846711169, -11.3415547917828], [31.970474496772, -11.3237268569075], [31.9957160333617, -11.3177140853844], [31.9658398061503, -11.2924728203244], [31.9773910447594, -11.2749215462554], [31.9784606337339, -11.2554110817793], [31.9514365862956, -11.213658395009], [31.9627026403448, -11.1773559912478], [31.955528700774, -11.1540608332461], [32.0275929425598, -11.2024670660151], [32.0541179444167, -11.1987366768865], [32.0733224106316, -11.2049851592775], [32.1217139111821, -11.1937006302339], [32.1610768032397, -11.1974836293474], [32.1838914413763, -11.223501265064], [32.2273391832365, -11.2485853618762]]]}}, {"type": "Feature", "id": "102008", "properties": {"name": "Mpongwe", "province": "Copperbelt"}, "geometry": {"type": "Polygon", "coordinates": [[[28.1447406799431, -13.2682267102834], [28.1732684460815, -13.2623050756945], [28.1694358683635, -13.2543815397668], [28.1839343015534, -13.2483085832278], [28.2115942250588, -13.2557696248811], [28.2157239016924, -13.2491183182417], [28.2335795537964, -13.2575336343846], [28.2443642527871, -13.2481350666075], [28.2556243069885, -13.2607146059536], [28.2633191733043, -13.2584879308368], [28.2926131412947, -13.2761561860342], [28.3191440873038, -13.2554804398968], [28.3538452584327, -13.2803778692955], [28.3599060775686, -13.3031043018802], [28.3846841409638, -13.3116623072217], [28.397489109706, -13.3421332779248], [28.4112150878713, -13.3407167816181], [28.4280606050995, -13.3581766968894], [28.4479365341415, -13.3588993465972], [28.4543241612761, -13.3691896679564], [28.470813159626, -13.3628305333683], [28.4889956242203, -13.375577539769], [28.5058114296705, -13.3728894518202], [28.5009092953173, -13.3830346600501], [28.5075643149794, -13.4032081910298], [28.5008498753545, -13.4103176563975], [28.5096291537454, -13.4236690101776], [28.5097925563972, -13.4668679803918], [28.5016817530368, -13.4754923932815], [28.4946553590566, -13.5132656726919], [28.4675450697578, -13.5359989817403], [28.4736653106531, -13.5519138983115], [28.4624943863959, -13.6094413096872], [28.4794884526328, -13.6690910166949], [28.5063348402573, -13.6826963093537], [28.5331453015587, -13.7100741712838], [28.5392744303855, -13.8660172417836], [28.4848017773326, -13.885888565709], [28.4117794831946, -13.8902765913046], [28.3402935534325, -13.8802230625954], [28.3290136985656, -13.8707184955924], [28.3024669628688, -13.8860038165982], [28.2849217083398, -13.8871294411548], [28.2204330150405, -13.8697780051157], [28.1746861421101, -13.877828292174], [28.1458963598612, -13.9038767453386], [28.1131934021486, -13.8993094354228], [28.0892485019249, -13.910524057564], [28.0538901781313, -13.9090318220592], [28.0274296636337, -13.9172616186252], [27.9788410825914, -13.9107953751677], [27.9687320478484, -13.9213764035898], [27.9080312599464, -13.9359358361894], [27.9122342597686, -13.9268576479895], [27.9000640549792, -13.9105359573356], [27.9033304802692, -13.8943553249939], [27.8931014036548, -13.8908923936613], [27.8793591668812, -13.8470656943547], [27.903760273827, -13.8401524499239], [27.9063390351738, -13.8211638468484], [27.9351375750984, -13.7834953562445], [27.8341851235563, -13.6492378540789], [27.8051895238011, -13.6845367940861], [27.7952085367153, -13.6823294630065], [27.7731686038831, -13.6948186796136], [27.7442655629415, -13.6861057110098], [27.7187683918731, -13.6880790618944], [27.6547754913555, -13.6470603712075], [27.618310788085, -13.6746296050598], [27.6246850797292, -13.7096026628841], [27.6130613686362, -13.7105740621508], [27.6030624799235, -13.7000098751807], [27.5966881855844, -13.7040170393584], [27.5958132839898, -13.7433564424315], [27.5675200733619, -13.7693261832932], [27.5516696127874, -13.8271972235979], [27.5360263216836, -13.8227265578204], [27.5351892238912, -13.807739036054], [27.5108087108233, -13.7939191792519], [27.4862712441089, -13.7970185555709], [27.4748657679344, -13.8161728107717], [27.4888871768438, -13.8749467188831], [27.4608443581267, -13.8825146191277], [27.4633556550973, -13.8977004673136], [27.4568681379981, -13.8898283286735], [27.4480785972534, -13.8974973192691], [27.4247967767786, -13.8981067611241], [27.4191463583701, -13.9071974636329], [27.4245875016567, -13.9175065982496], [27.4074269713094, -13.9265203648791], [27.3935886731909, -13.896964052079], [27.3762188686201, -13.8858159752088], [27.3768205323497, -13.8779688299014], [27.3884225572134, -13.8770875178442], [27.3799073359054, -13.8524447213121], [27.3887211060098, -13.8384753831197], [27.382533966677, -13.8149515396668], [27.3547841990668, -13.8083165837405], [27.3616707136792, -13.801091177347], [27.356843436837, -13.7833121258405], [27.3428918593645, -13.7672425103062], [27.3557929217909, -13.7484616416331], [27.3428890278747, -13.7233077977306], [26.8381188712779, -13.7210923719378], [26.7933259040763, -13.6966588329768], [26.7794376731027, -13.6704730763795], [26.7935687977493, -13.5862304293329], [26.8484837578919, -13.4983680385916], [26.8618964647715, -13.4426300919015], [26.917891822418, -13.4268751542055], [26.9284499079036, -13.3735851929267], [26.9642267433132, -13.3620218259517], [26.9741815085759, -13.3467596821657], [26.9788270679143, -13.3033159961726], [26.9487392470292, -13.2508976482174], [26.9533962320397, -13.2207362128682], [27.0228282366682, -13.2543098191421], [27.0507364311619, -13.2558937230829], [27.0739946699622, -13.2780046282973], [27.0731865599057, -13.2997019801835], [27.0937992952286, -13.3232996933925], [27.0938527710391, -13.3401306677125], [27.1189635847886, -13.376933857955], [27.1159688280068, -13.4076509126906], [27.3307137287394, -13.3669443693959], [27.3268519665544, -13.3865686633275], [27.2993381630131, -13.425984160278], [27.3286691029656, -13.5118203122745], [27.340933352382, -13.5156103322381], [27.3352052818038, -13.5410758643137], [27.3285264963126, -13.5435252171149], [27.3323467680096, -13.5681798881781], [27.4572121038187, -13.5282304629162], [27.4934344227609, -13.5017004511996], [27.5337448254408, -13.3957359327719], [27.5694442476325, -13.404336893867], [27.6388941251419, -13.4638415487928], [27.6477357951225, -13.4850599146085], [27.6338077903414, -13.5114531156102], [27.6396547008452, -13.5350242579183], [27.6668452052073, -13.540708713624], [27.6807256738385, -13.5292934502829], [27.7074883591398, -13.5295245353841], [27.7170430650805, -13.5107598131698], [27.6959371456835, -13.5061377317069], [27.6966501852369, -13.4936114460277], [27.7132877325955, -13.4902370958664], [27.7376260877271, -13.5020240059837], [27.7440434284363, -13.4737344406461], [27.7574485373653, -13.4702673528861], [27.7515540907116, -13.4467822849577], [27.7651018098868, -13.4351775911656], [27.7659099181467, -13.4244046047687], [27.7856372972818, -13.4131687430757], [27.7854946897304, -13.3976318721156], [27.7693325011759, -13.4020710799342], [27.7699742342587, -13.3944180174068], [27.7886971585655, -13.387057332207], [27.8006999640983, -13.4058779909014], [27.8172899753069, -13.4073808059384], [27.8219722559775, -13.391681708804], [27.8119659588586, -13.3799124939599], [27.811894655083, -13.3634485042372], [27.8401547178768, -13.3802593373686], [27.8703875178656, -13.3467983808375], [27.9013808926592, -13.3504060050429], [27.91849379972, -13.3371777850145], [27.9318989104456, -13.3448557907599], [27.9149286109362, -13.3579910891839], [27.93563047261, -13.3733917786703], [27.9416437591893, -13.3700388588891], [27.9358919209852, -13.3639572378791], [27.9435689602342, -13.3612979270373], [27.9447335891692, -13.3337781091654], [27.9575445020636, -13.3324829813551], [27.9707356996655, -13.3647203411366], [27.9793872241482, -13.3660615437075], [28.0020142895619, -13.3361139469036], [28.0034641327012, -13.3638184936386], [28.0359073506342, -13.3742242220947], [28.0437269992312, -13.3529960598069], [28.0547077788889, -13.3458964646166], [28.0887434484109, -13.3436301020205], [28.0704896809393, -13.3288519630222], [28.0919996535679, -13.3230468429144], [28.1021247906124, -13.3111586333909], [28.0976326518464, -13.3036414693939], [28.0832768253096, -13.3041503332835], [28.090906329307, -13.2880512836673], [28.1024813085924, -13.2906420093999], [28.1211391292957, -13.3122688427076], [28.1439088031591, -13.2827540937533], [28.1447406799431, -13.2682267102834]]]}}, {"type": "Feature", "id": "107006", "properties": {"name": "Mporokoso", "province": "Northern"}, "geometry": {"type": "Polygon", "coordinates": [[[30.474258020995, -9.35659319396994], [30.4834716923179, -9.34326422159116], [30.4937783195925, -9.41383556128831], [30.524963335579, -9.46730355898455], [30.5194499264211, -9.50542835113161], [30.4737593643842, -9.50433720839243], [30.4642652947252, -9.51156648581057], [30.4443322400176, -9.49745857941411], [30.4177971294188, -9.50333632120497], [30.4104455417124, -9.49775912711067], [30.3813507940009, -9.50459497388182], [30.3700876046792, -9.51622497132234], [30.3533750102652, -9.50677490196565], [30.3320243017499, -9.50809472916889], [30.3215847552543, -9.49825985565483], [30.302860496051, -9.50923209700999], [30.2880416634437, -9.50486450680134], [30.254442425131, -9.51846199635967], [30.2326060649152, -9.49985908179944], [30.1999887983959, -9.52235585212507], [30.1937359625714, -9.53609798929037], [30.1712219357632, -9.53887970973386], [30.153353883315, -9.52728453588959], [30.1257357413518, -9.54139910144181], [30.1142322526916, -9.53924264904864], [30.1104767333569, -9.54693073566979], [30.0977369382869, -9.54130539130297], [30.0967864084269, -9.54950889474403], [30.0838102441478, -9.55073332725922], [30.0679796830534, -9.59307082805032], [30.0538435691637, -9.58898125238178], [30.0418684649793, -9.60712439906377], [30.0100905618036, -9.6175491237446], [29.9760343055902, -9.61668529827194], [29.9750411066525, -9.6241724929428], [29.940809679857, -9.61996815421807], [29.9427371275885, -9.59664191813698], [29.923577184574, -9.58281807721428], [29.9103169289846, -9.58932683838562], [29.9078634053649, -9.582414908804], [29.8954795677262, -9.58350926231235], [29.8824528732124, -9.56735200366465], [29.8795030303982, -9.57593466532679], [29.8668266788451, -9.57881488073458], [29.8646651076927, -9.57109623481175], [29.8334340539462, -9.56990024997844], [29.8302798444048, -9.58636837638873], [29.8175445409113, -9.58271316804901], [29.8150623825935, -9.57342743185338], [29.8023119209279, -9.60766579294853], [29.8229709266744, -9.61840533541519], [29.8418692335658, -9.64216457900734], [29.863632045116, -9.64760863734124], [29.879095419838, -9.64210950465199], [29.9015509878808, -9.67934730637789], [29.8768384026867, -9.68198240830111], [29.8694727788039, -9.67369480721208], [29.8306223271069, -9.69974353290943], [29.7991370303721, -9.69878390264495], [29.7863197187779, -9.70699780490234], [29.7671748818332, -9.70081287464764], [29.7370401895516, -9.70782219786485], [29.7268405857634, -9.68588882183418], [29.7083729797283, -9.69008262555941], [29.6545862200393, -9.66271667059558], [29.6212084523768, -9.66371315765683], [29.6094194872042, -9.65075669084922], [29.5934788824875, -9.65887396835356], [29.5748590524359, -9.65755735582125], [29.549662518747, -9.64200325266539], [29.5324071451704, -9.64772065376956], [29.5248964819968, -9.60441595786523], [29.5069279332212, -9.61336792925709], [29.4979436134684, -9.59804166814449], [29.484633388193, -9.5925577833369], [29.4626246637321, -9.59705738766193], [29.469992533403, -9.55290244113577], [29.4453214683413, -9.55023043441077], [29.4402351326425, -9.5395423033381], [29.4141854859963, -9.53452626557125], [29.3923191409146, -9.55074606155111], [29.3712603848666, -9.5263223378908], [29.354765631909, -9.53105717055736], [29.3452131798414, -9.51606523034149], [29.3541884023552, -9.49971985018994], [29.3416457794053, -9.48703434763219], [29.3448779878661, -9.46757616667257], [29.3294292107675, -9.4570261243808], [29.3209201492074, -9.41909025521851], [29.3296189798713, -9.41299379198602], [29.3254835899524, -9.38705951438789], [29.3483958686722, -9.38776300493196], [29.3587109203475, -9.37059749895549], [29.3600896887815, -9.35188325733879], [29.3476829773408, -9.33743644655504], [29.354385385829, -9.31965868512756], [29.3439751810056, -9.3081190596109], [29.3514985831882, -9.28956446037113], [29.3799925457225, -9.29298039307886], [29.3916628120051, -9.3100290526731], [29.4046327976717, -9.30927218314615], [29.427990608433, -9.32429728894604], [29.438520017898, -9.3187258990035], [29.4499136704468, -9.32672933175406], [29.4761916418887, -9.31856157231401], [29.5183244927181, -9.31962875033582], [29.5364657003864, -9.30178810490594], [29.5537143563613, -9.30713407543345], [29.5559877515969, -9.30120049384938], [29.5887111971862, -9.32511754654121], [29.6103650394992, -9.32063214996576], [29.618473943821, -9.32674060726752], [29.63501582689, -9.31789236402787], [29.6399678554708, -9.32349772532396], [29.7541849499741, -9.2350453020721], [29.7942101447378, -9.23429458127227], [29.8083758266751, -9.21988990324942], [29.8385134878888, -9.2240659566127], [29.8605701895724, -9.24330306765567], [29.8689365968687, -9.22115678566174], [29.8796321506439, -9.21890454839922], [29.9700927899105, -9.24442911236207], [29.9878100466635, -9.24483987838798], [29.9982132410345, -9.23494457261951], [30.0792350130147, -9.24015951303495], [30.239288407735, -9.31329859807203], [30.3433918241037, -9.31672300496652], [30.3881230608755, -9.34421046935243], [30.4184983767875, -9.34810356484968], [30.4487933078545, -9.33118589154899], [30.474258020995, -9.35659319396994]]]}}, {"type": "Feature", "id": "107007", "properties": {"name": "Mpulungu", "province": "Northern"}, "geometry": {"type": "Polygon", "coordinates": [[[31.2096717011746, -8.58531008086456], [31.2246469493376, -8.6413107232088], [31.2247922841741, -8.67864734672772], [31.2073871183205, -8.69132375539284], [31.2165647312678, -8.71778348975979], [31.2332127233382, -8.71625853485165], [31.2607660240059, -8.73301135656281], [31.2893572561191, -8.73605386031416], [31.3073156242877, -8.75561199522237], [31.3222220147874, -8.76007403463709], [31.3344735737038, -8.78999946058557], [31.2875622452133, -8.82678024243637], [31.204951314868, -8.82560747456539], [31.2211918589732, -8.86264584618876], [31.2056097521235, -8.87645642625543], [31.1693699339996, -8.87351362774883], [31.1630725570083, -8.85103023120551], [31.1518983655784, -8.84939757072297], [31.14735375981, -8.8590906090839], [31.1622600577833, -8.93697703915419], [31.1537391609193, -8.94296670988552], [31.1377050119371, -8.93474335941436], [31.1352498282307, -8.96281372799228], [31.1461752501072, -8.99991191809439], [31.162914216363, -8.99581827525164], [31.1734103872642, -9.00396833191876], [31.1666967516316, -9.03114812425087], [31.1774364171787, -9.06109794162998], [31.1663605652213, -9.10907012333338], [31.1257927619749, -9.17764869977637], [31.2243859240688, -9.24561154941156], [31.263222714187, -9.25236772017753], [31.2789570818841, -9.30280029843115], [31.2693786074193, -9.30195590482105], [31.2399539147922, -9.32648937331703], [31.1333785377809, -9.36560800534501], [31.1450566697121, -9.36711118284138], [31.1317282661286, -9.39732719874734], [31.11108180805, -9.39733089090521], [31.0962994982471, -9.40917146425715], [31.0778542476862, -9.47240627887196], [31.0509964918817, -9.47355502525388], [31.0362158915729, -9.46285771384712], [31.0197110406532, -9.46812095785456], [30.9904032161496, -9.45166278456128], [30.986481507589, -9.46537799121751], [30.9763207200042, -9.46432299303928], [30.9883395460918, -9.48831913594705], [30.9823500289349, -9.5076588693185], [30.9867798686376, -9.52304333717102], [30.9767126486745, -9.5274494870603], [30.9750188428669, -9.54383081919888], [30.9660170832213, -9.54590805231313], [30.9722762009646, -9.56036317369444], [30.9465273848356, -9.56102574676213], [30.9439723327242, -9.58387680699916], [30.9172928359098, -9.6016878477193], [30.9417143804266, -9.64208731000396], [30.9679476328354, -9.6606865093655], [30.9363653503892, -9.68563184415212], [30.9252604864414, -9.69037205156265], [30.8555739091428, -9.67618368785897], [30.7308100371468, -9.67844335478062], [30.6793337641315, -9.66694262065502], [30.6506581352973, -9.62754623998247], [30.6541047671249, -9.61633668543204], [30.6666228813389, -9.60251256758189], [30.7143585156122, -9.58372793878235], [30.7474434684247, -9.54642717102897], [30.7521852876357, -9.50687197057576], [30.744876531602, -9.4704770944076], [30.7208471591988, -9.44540284315941], [30.6964180355959, -9.39902599843263], [30.654649183018, -9.37920682189451], [30.636600470383, -9.3828323033836], [30.6053737824488, -9.36815163978997], [30.5637312294065, -9.33188262270914], [30.4884473807266, -9.33929112155915], [30.4741372218438, -9.35878178758932], [30.4834595444003, -9.26811677288861], [30.4980283363382, -9.23582753085203], [30.51260514574, -9.20848197812167], [30.5571379033432, -9.18391814565191], [30.5605724681015, -9.17420029895294], [30.5453134619033, -9.17377794691368], [30.5371848296795, -9.16352406827548], [30.4920733073018, -9.17110305022332], [30.4504319032047, -9.15641422295998], [30.426972961007, -9.16389950219446], [30.4117614900603, -9.15441968891772], [30.4181075242989, -9.13768860918731], [30.3958037670475, -9.14660357295291], [30.3918915042722, -9.16157650299761], [30.3704052992693, -9.14461110003685], [30.3753252597911, -9.13034358195323], [30.366745039084, -9.10793210110185], [30.3438089900435, -9.10596076208685], [30.330617790645, -9.09187945221416], [30.3290221293754, -9.06913174503618], [30.3158103729299, -9.05381021089998], [30.3195297036334, -9.04805864205078], [30.3260363952723, -9.05511976109803], [30.3192567253815, -9.0287179819447], [30.2971287863975, -9.02836587757025], [30.2966296599678, -9.0174975061851], [30.3038343587522, -9.0138414212835], [30.2898697125889, -8.99792711089376], [30.2792454500131, -9.0058147717708], [30.2617997916997, -9.00154231074012], [30.2889427653018, -8.98433457673894], [30.265127302429, -8.96017664071464], [30.287041330086, -8.95555146838694], [30.2454474603422, -8.92836272043397], [30.2677655439257, -8.92636692095854], [30.2789126996588, -8.91079930905947], [30.2614195060938, -8.89328201641035], [30.2320185819908, -8.89997438036419], [30.2199444753773, -8.88196342613655], [30.2202772302232, -8.8677559885922], [30.2278591953757, -8.86834308426118], [30.2181383460232, -8.84754185943545], [30.2642643816654, -8.81707860360003], [30.2838264743814, -8.81485620176959], [30.2930223734347, -8.80120063216773], [30.3057644861582, -8.80486774956954], [30.3124730103768, -8.79194241184034], [30.3251888482765, -8.79664010956214], [30.3346697127009, -8.78735782494255], [30.3497648841576, -8.78787885113901], [30.3537103603439, -8.79990497572314], [30.3606030580605, -8.79285846625884], [30.3507491412649, -8.77883766662207], [30.3517073750769, -8.73524378004416], [30.3308306150105, -8.68729273263686], [30.3346748492677, -8.67556999668917], [30.3779709321518, -8.65890972865552], [30.378639799746, -8.63999215181703], [30.5749832652456, -8.51223639723153], [30.7091863270234, -8.2841066942144], [30.7960379397203, -8.27667628794588], [30.8421379385923, -8.35717628688477], [31.0169379386762, -8.57667628664623], [31.0505379387601, -8.60287628713867], [31.0969379399027, -8.62137628498718], [31.1365379395846, -8.62197628423532], [31.1689379395693, -8.61297628699825], [31.1827587286246, -8.59329356186958], [31.1947068725707, -8.59548243131383], [31.2096717011746, -8.58531008086456]]]}}, {"type": "Feature", "id": "102009", "properties": {"name": "Mufulira", "province": "Copperbelt"}, "geometry": {"type": "Polygon", "coordinates": [[[28.4671268258396, -12.6900825964177], [28.4516269247198, -12.724423367766], [28.4407048993733, -12.7085211176257], [28.4293609200665, -12.715837158789], [28.3707624396611, -12.7071542843316], [28.3229605878732, -12.7289413045898], [28.3096090338065, -12.7233138411098], [28.2772191578351, -12.7701787690953], [28.252748355098, -12.7756773980046], [28.2339714375509, -12.7645781486435], [28.2450648578603, -12.7609292747642], [28.2308826792612, -12.7477334861707], [28.2353635531535, -12.7334337356027], [28.2237480867981, -12.7291903329807], [28.2445863190203, -12.7125130653729], [28.2366686624292, -12.7094151309465], [28.2426286573526, -12.6981688921166], [28.2240961165971, -12.7010123256153], [28.2155694076332, -12.6904447699362], [28.2187886767607, -12.6826355280549], [28.2044324864062, -12.6820413369329], [28.1800704606668, -12.6646818559804], [28.1623012983584, -12.6441535685828], [28.1513516120877, -12.6029424710118], [28.1227943749197, -12.60357501194], [28.0988125413614, -12.6154274802286], [28.0759549691441, -12.6024042611543], [28.0495624589101, -12.6005521720048], [28.0684285108929, -12.550244964655], [28.0947639107327, -12.5190687503492], [28.0787374351597, -12.4980381814087], [28.082029359129, -12.4748912993915], [28.0647900680909, -12.4580584689586], [28.0797481126178, -12.3919007923475], [28.07524337498, -12.3598029067946], [28.0613248842561, -12.3486890127249], [28.0826357677599, -12.3512841779936], [28.1224276323151, -12.4390391573458], [28.1510442768694, -12.4265186410453], [28.1417460327558, -12.4152101780451], [28.1456443671526, -12.3982606686424], [28.1643852380023, -12.3891509069408], [28.1693519989536, -12.3782921078787], [28.1865046627539, -12.3783485188956], [28.1892768089235, -12.4013347856519], [28.2202902080632, -12.4041550486682], [28.2303969952213, -12.4225424042484], [28.2576564425865, -12.4079623552636], [28.2801512679056, -12.4268570408097], [28.2995274201376, -12.4170150548396], [28.3229462875922, -12.4196377377591], [28.3415427758194, -12.4337095495987], [28.3488196641184, -12.4534764769724], [28.3605435373656, -12.4499518162604], [28.3746930379496, -12.4604128753327], [28.399382473559, -12.5006459522115], [28.4480105607108, -12.516404782799], [28.437412872996, -12.5540078440751], [28.5237825880521, -12.6135018978986], [28.5207505502877, -12.6229982506581], [28.5346979182547, -12.6377352142651], [28.519970883588, -12.6532038838199], [28.5135025401302, -12.6860259189474], [28.4671268258396, -12.6900825964177]]]}}, {"type": "Feature", "id": "108006", "properties": {"name": "Mufumbwe", "province": "North-Western"}, "geometry": {"type": "Polygon", "coordinates": [[[25.5741402867792, -12.9732721436977], [25.5733298967984, -12.9992493481513], [25.5319499401783, -13.0374121549862], [25.5227042178644, -13.0659609398954], [25.5048307377953, -13.0832321653842], [25.5010754062085, -13.1137663923477], [25.4741938809816, -13.1303167231591], [25.4609551481281, -13.1508699852069], [25.4415367544165, -13.1591787529115], [25.4255647077666, -13.153878763932], [25.3391920677959, -13.1691535320498], [25.2244405233092, -13.2213582739171], [25.2061154529603, -13.2069429199972], [25.2030256238787, -13.2169388880173], [25.1803747908392, -13.2149258436979], [25.171342978954, -13.2308215007353], [25.1450261688507, -13.2424142906276], [25.1482762349211, -13.2501343716811], [25.1356588209355, -13.2706008590817], [25.1484193886482, -13.2813116622548], [25.1478570810095, -13.2974972001675], [25.1258898084091, -13.3229319688821], [25.2193306751061, -13.3695085938423], [25.2303378571483, -13.350479675183], [25.2484587700776, -13.3408672858158], [25.304458945389, -13.3386367343771], [25.3281653213452, -13.3114789786251], [25.3845839498823, -13.2975979595808], [25.4020680848359, -13.3082920801396], [25.4560487593537, -13.3070173097037], [25.4719344419723, -13.3309378128895], [25.494300059909, -13.3327186231121], [25.6469631351612, -13.5544934691705], [25.6273214481177, -13.5923722849507], [25.6237775152701, -13.6260135067], [25.6477850460354, -13.6368128542508], [25.6642461202547, -13.6708273082159], [25.6371100780533, -13.6785441179302], [25.6200547727652, -13.7048605591849], [25.6160992309561, -13.7288139743352], [25.6244253910328, -13.7540668723478], [25.6191177571603, -13.7687312348219], [25.6329696063649, -13.7785299445951], [25.6332506739459, -13.8008804885925], [25.6626843649973, -13.8265287651694], [25.6859769320179, -13.8859963046548], [25.7004278290579, -13.8841965811085], [25.7009744934341, -13.8913723250548], [25.7364600042988, -13.9161280907457], [25.7836210779131, -13.9766618540649], [25.7823321005832, -14.017200036122], [25.790508266262, -14.0280611281229], [25.8018526605905, -14.0279437171243], [25.8083579787053, -14.04241296466], [25.8006809403547, -14.0751199103758], [25.8124999999877, -14.1002807613613], [25.8029174813074, -14.1206054689425], [25.8179846423953, -14.1682670037391], [25.8392279222841, -14.2047265623677], [25.8768029962464, -14.2174489250792], [25.9061670525918, -14.2545315093521], [25.9332338445662, -14.2694995059387], [25.951498240006, -14.2946496749764], [25.971573911248, -14.3074446865863], [25.9966953808134, -14.3524413891661], [26.0298860752163, -14.3715705012968], [26.0428708184063, -14.4019382944126], [26.0777673551433, -14.4200171378356], [26.0923873654254, -14.408263210371], [26.1113803960702, -14.4150630070691], [26.1502300563514, -14.4041427730372], [26.1654802599582, -14.4234409127058], [26.1423579991425, -14.4407108472081], [26.1444154887911, -14.4546878480457], [26.1756266718036, -14.46486971267], [26.2062200142248, -14.4609726745799], [26.2077901049498, -14.4665738871123], [26.1923541189624, -14.4748697146319], [26.2008899628944, -14.4879372143637], [26.1857673398209, -14.4947509541667], [26.1948896955985, -14.5011811483994], [26.1884229439554, -14.5071390271167], [26.1951054152343, -14.5163384488409], [26.2135333363951, -14.5281378900002], [26.2012723307951, -14.5535082567815], [26.2118223323414, -14.5632796846425], [26.2094731363638, -14.5953252304187], [26.1940724613537, -14.6193922608912], [26.18573793886, -14.612876285128], [25.5969320807581, -14.5365432393134], [25.5912987878322, -14.524598413934], [25.56744713004, -14.5371190469543], [25.5166651846707, -14.5371187191317], [25.4407840569383, -14.5781659273384], [25.4012637027878, -14.5882562900233], [25.3257776801684, -14.5810675034317], [25.3083114998423, -14.5936962962091], [25.2912615952257, -14.5901165509054], [25.2317212941269, -14.6032159838585], [25.1920208645929, -14.6242938238081], [25.1764117220463, -14.6180289630625], [25.1511660630878, -14.6215256517229], [25.1412975962796, -14.6340801948696], [25.1016283634388, -14.626722016265], [25.050534762853, -14.6304613810953], [24.9840327833053, -14.5916563102979], [24.9781605331239, -14.5779101931574], [24.9853238438283, -14.5608126748053], [24.9728905638147, -14.560082678879], [24.9798038024086, -14.5469692933828], [24.9727651374415, -14.5314988268455], [24.9796662379992, -14.5297677432381], [24.9885498979311, -14.492111190863], [25.0243354919148, -14.4636337315753], [25.0242413978804, -14.4467856967865], [25.0498061159699, -14.4357368433445], [25.0544941476549, -14.4242267350326], [25.0723012089869, -14.4143510464279], [25.0729938513935, -14.3798954450785], [25.0862666636339, -14.3703096081143], [25.0985769058946, -14.3410361317882], [25.1116663971383, -14.3392816026227], [25.1080025005728, -14.3148211072091], [25.1323253903085, -14.3086044026621], [25.1338542339888, -14.2897499581675], [25.1153804592227, -14.2848132472266], [25.1175386356416, -14.2723128432784], [25.1260709770423, -14.26963757081], [25.1018291108537, -14.2580119199738], [25.1098595383523, -14.2528069366985], [25.1072998392558, -14.2402561099351], [25.0921925980349, -14.2402561099351], [25.1045895834161, -14.2309641578631], [25.1059949069483, -14.2187040332432], [25.0769347821045, -14.2087786806307], [25.0650397097271, -14.2157848559187], [25.0549358052627, -14.2095278768681], [25.0559552880073, -14.2191419036745], [25.0427050836676, -14.2113087129915], [25.0340221819303, -14.2177796295855], [25.0292039250718, -14.2050808898081], [25.0219886791677, -14.2101423587128], [24.9898046395672, -14.1974904990301], [24.9720875067816, -14.2076596181124], [24.9617985233176, -14.1956415198523], [24.9181587701586, -14.1838658709176], [24.9183093421733, -14.1756908274003], [24.9004416409664, -14.1657635893324], [24.8659108029917, -14.1645469841175], [24.8390088698383, -14.1493145641769], [24.8131738810191, -14.1559814917604], [24.7904793853652, -14.1252308561974], [24.764234524028, -14.1316945941815], [24.7674902387049, -14.122234080149], [24.748195999352, -14.116477577708], [24.7520841270906, -14.1029430072311], [24.7361699265551, -14.0987755260256], [24.7363927581529, -14.085232382191], [24.7431275491105, -14.0873873613854], [24.7494187223364, -14.0765465316516], [24.7458353588377, -14.0253562674103], [24.7270890307228, -14.0270402842847], [24.7262558630597, -14.0027892137348], [24.7153112100495, -14.0041598805797], [24.7157718059401, -13.9958502430608], [24.6900823936043, -13.9794114523863], [24.6905684100208, -13.9686986611497], [24.6807786607843, -13.9738193016581], [24.675779641331, -13.9604110630695], [24.6648654286326, -13.9626646881315], [24.6657815970347, -13.9705852243273], [24.6484238846859, -13.972471772051], [24.6473824210647, -13.979748319924], [24.6351625924407, -13.9765817011468], [24.6421751056532, -14.0054165299502], [24.655019811372, -14.0055512652718], [24.6408730012421, -14.0229930840027], [24.6203023834314, -13.992496186341], [24.6227980146817, -13.9612441463628], [24.6083590005563, -13.9678754686968], [24.6027141202616, -13.9554199583306], [24.5887504631434, -13.9647039895752], [24.6005155861302, -13.9707009307381], [24.6036054179067, -13.9851736721715], [24.587859167295, -13.9879412630605], [24.5879780063222, -13.9968780514257], [24.5772824381741, -13.9797537079525], [24.5626651659569, -13.9881718939136], [24.5637941407582, -13.9706432675799], [24.5393725989363, -13.9622244423923], [24.4955207759967, -13.9088788391524], [24.4873802626549, -13.9159153970802], [24.488093298615, -13.9316603596448], [24.4720499508843, -13.9416373827394], [24.4845875306923, -13.9552469582125], [24.4641471146988, -13.9632623957848], [24.4422806231917, -13.9494226213008], [24.435150245624, -13.9666645471535], [24.4203547126202, -13.9679907937694], [24.4125112972957, -13.9453858633706], [24.3851187636229, -13.9617054621993], [24.330274278111, -13.9395036048065], [24.4340102188498, -13.8447648991175], [24.445293641825, -13.8177919401388], [24.4464066679367, -13.7798099571748], [24.4691334912627, -13.7396743220173], [24.477397790654, -13.6817163738777], [24.5078968324283, -13.6480894442408], [24.5795868432533, -13.6142539540997], [24.6199813848376, -13.5695237222339], [24.6195570745964, -13.5196049324078], [24.6383140603238, -13.495817603728], [24.6463256941684, -13.4487917319084], [24.6732482328778, -13.4098048551947], [24.6344194745966, -13.3510097600522], [24.6075652428831, -13.3510995079156], [24.6162105600071, -13.2658398681612], [24.5936792352398, -13.2737561059881], [24.5729245795767, -13.2539818970744], [24.542501573903, -13.2525475306706], [24.5531752078869, -13.2324654932976], [24.5453177294367, -13.2129789176879], [24.5334376220936, -13.2135144058329], [24.5355564397267, -13.2045132664314], [24.5541442619064, -13.2031068093791], [24.5705169553764, -13.1876352334047], [24.5988270902643, -13.1854326770702], [24.5919828512674, -13.1717897284295], [24.6105514512966, -13.1438015552389], [24.6346049713129, -13.1335050707122], [24.6391248114273, -13.1225493903964], [24.6537984717931, -13.1210818058966], [24.6509372837143, -13.1072239587393], [24.6611099569086, -13.1154416118694], [24.675085496043, -13.1068304309622], [24.6669568647175, -13.1015061615946], [24.6871358350307, -13.1014830143887], [24.6801718317419, -13.0841667672074], [24.6927926000367, -13.0849075909097], [24.6943137460534, -13.1029877077358], [24.7217894691115, -13.1245154370931], [24.7186045659335, -13.1163443796881], [24.7271847884371, -13.1061128173444], [24.7382844089186, -13.1102564194172], [24.7392588950506, -13.1189369258369], [24.7494791008016, -13.1141684750498], [24.7331505370699, -13.0944686904307], [24.8001047833289, -13.0823146890247], [24.8060942986891, -13.073077246338], [24.8003186928593, -13.0630985690901], [24.8152211819758, -13.0551338599296], [24.8286262935997, -13.0517765628996], [24.8505878547116, -13.0696970439286], [24.8631373210273, -13.0449229108658], [24.8849562772828, -13.0362861110972], [24.8902089881588, -13.0483960698273], [24.9154267562243, -13.0401530261053], [24.9375071590584, -13.0571713688453], [24.9389807707219, -13.0429779214143], [24.954501224397, -13.0379996024011], [24.9537644190145, -13.0304277349326], [24.9662188121322, -13.0217672737968], [24.9746088909346, -13.0243144977798], [24.9827375195651, -13.0163022251106], [24.9937896056934, -13.0259817598787], [24.9940748207961, -13.011994944167], [25.0046753139495, -13.0062054663725], [25.0125424977981, -13.0139864930709], [25.0066803761216, -12.9871225961544], [25.0222750162662, -12.9879448346486], [25.0415032689715, -13.005360453374], [25.1051062395703, -13.0002655862338], [25.1307993691347, -13.0134888701368], [25.1575370974408, -12.9925284535651], [25.1644365585731, -12.9755705413755], [25.1875322202734, -12.9695995357027], [25.2167667709958, -12.9270248963089], [25.2612603288149, -12.9096037962135], [25.2913980591988, -12.9149785222121], [25.3106500813265, -12.8979272742272], [25.3266221270782, -12.8975102472548], [25.3375107189264, -12.914461996004], [25.3590984155901, -12.9193916997422], [25.3664362923103, -12.930407533675], [25.3882326253937, -12.9179443500129], [25.4126931208612, -12.9184892981689], [25.4362113752239, -12.9003481067658], [25.4490460548458, -12.9077710298811], [25.4915288452925, -12.90205790072], [25.527850987724, -12.917987615045], [25.5304179236484, -12.9340414040853], [25.5478730888324, -12.9552641763391], [25.5741402867792, -12.9732721436977]]]}}, {"type": "Feature", "id": "110008", "properties": {"name": "Mulobezi", "province": "Western"}, "geometry": {"type": "Polygon", "coordinates": [[[25.4295479149914, -16.097427039263], [25.3706472556974, -16.1354030511463], [25.3493392099716, -16.1660619102779], [25.3278572207623, -16.1752502878021], [25.2977459286956, -16.2271607176], [25.2953298360771, -16.2527497529758], [25.3019396803618, -16.2671105245722], [25.2961995525958, -16.2763776754007], [25.2506264273161, -16.2913628160498], [25.230362043389, -16.3209957970681], [25.2008351781781, -16.3309698333522], [25.1806980352211, -16.3513719802733], [25.1558486689485, -16.3585901313187], [25.1041356054142, -16.3983878000562], [25.0845092400362, -16.4341850690122], [25.0727797702848, -16.4398101233079], [25.0754358343568, -16.4464095206363], [25.0426182722752, -16.471317661142], [25.0397661221464, -16.4946501090419], [25.0238297278334, -16.5072638447493], [25.0258440597209, -16.5233631084233], [25.0090520192015, -16.5420755342421], [25.0065385608843, -16.5564632128558], [25.0399800316768, -16.5711231910817], [25.0589468378035, -16.5854745348814], [25.0554707771672, -16.5946656638263], [25.0711041311073, -16.5975356667968], [25.1011586730043, -16.6230904703498], [25.0843024918753, -16.6681111349449], [25.1141716107179, -16.6657880926856], [25.1947448781312, -16.6907874012531], [25.2157794919559, -16.6870308833624], [25.2227672619722, -16.6991880731431], [25.2405126350953, -16.7071667492481], [25.2278128330218, -16.7819308601448], [25.2653778539377, -16.9166014453472], [25.2520222152315, -16.9585506813886], [25.1944857366296, -16.9940519619776], [25.1646419152437, -16.9636274100725], [25.1621106577075, -16.9713744634078], [25.1711973458767, -16.981358818231], [25.1564053477436, -17.0222902826928], [25.1781691366608, -17.0416182081137], [25.1713326016158, -17.0543378061189], [25.1768903588028, -17.0668684678902], [25.1645616247219, -17.0833116896755], [25.0775164439459, -17.0440079823338], [24.9384623502765, -17.0432540071833], [24.9112156706664, -17.0342546607801], [24.8618360646259, -17.0698500176693], [24.8527910591841, -17.0397290267656], [24.8189952685891, -16.9914909598044], [24.819463994233, -16.937356606207], [24.8482515369819, -16.9034776763711], [24.8557578900387, -16.8820127028601], [24.8495023170475, -16.8625105179724], [24.9071107462121, -16.8006633351134], [24.9114838105922, -16.7704657588898], [24.9260254868832, -16.7418458539154], [24.9561928284338, -16.7096001516336], [24.9376451537608, -16.6903093564262], [24.8832791531901, -16.6800814492435], [24.7876275613249, -16.7365260637642], [24.5899215249142, -16.7774782735803], [24.6171348276198, -16.7383234098269], [24.6300713510421, -16.6919510938832], [24.554984058238, -16.6561242380642], [24.4674679572338, -16.6662249013707], [24.4421856613847, -16.6858951430521], [24.3974790411466, -16.6962575302207], [24.4522510227335, -16.5514883710931], [24.102601725718, -16.2255673992948], [24.0978369150256, -16.2137231789708], [24.0990302990328, -16.1903052738613], [24.1057851439808, -16.1855805428706], [24.097210137994, -16.1389429627908], [24.1140670790977, -16.0439996726792], [24.1331068410019, -16.0196047267677], [24.1648009663959, -16.003395474741], [24.2317173100382, -15.9382472376811], [24.271408239888, -15.888723855745], [24.2727671456728, -15.8670238248333], [24.3136185865804, -15.8188800293329], [24.3160970097032, -15.7956633118776], [24.335604596241, -15.7806088895754], [24.3366812962793, -15.7214766736647], [24.3294960909366, -15.7124415046176], [24.3484095128809, -15.6863095679548], [24.3430316082953, -15.6614667326641], [24.3503601847574, -15.6538163609359], [24.3669400333252, -15.6537257283264], [24.3813040848369, -15.6196749087841], [24.3907609220223, -15.6175888597881], [24.4078246292533, -15.6287082470384], [24.4640530422239, -15.6048848019459], [24.4781730205745, -15.5811278522313], [24.4983369485983, -15.5775913813599], [24.5162250739015, -15.563128399852], [24.5384189636004, -15.5230511490618], [24.5692422217338, -15.514807240846], [24.5649847840055, -15.5098148252373], [24.5905379389806, -15.4897762869385], [24.6228379403045, -15.4770762874053], [24.6531379387681, -15.5015762868455], [24.6951379404451, -15.5550762867734], [24.8106379387686, -15.7329762859465], [24.8411379399437, -15.7559762873045], [24.9361379388176, -15.7928762870658], [24.9729379400645, -15.8216762861472], [24.9890379391502, -15.8538762866261], [25.0100746891687, -15.945891768757], [25.0293144061737, -15.9923310023803], [25.0775288748328, -16.0183779252697], [25.0924978132292, -16.0504053209794], [25.1308379400981, -16.0589762870533], [25.2148379389605, -16.0482762883275], [25.3750379387352, -16.1062762867223], [25.3991379402792, -16.1082762873471], [25.4295479149914, -16.097427039263]]]}}, {"type": "Feature", "id": "101009", "properties": {"name": "Mumbwa", "province": "Central"}, "geometry": {"type": "Polygon", "coordinates": [[[27.1897462010569, -14.3735082514094], [27.1537517352949, -14.5741147419337], [27.1906144614066, -14.6015174952576], [27.2017372018286, -14.8042990242176], [27.223519348717, -14.8557259230526], [27.2520789179114, -14.8831991731732], [27.5557524431773, -14.9874506343109], [27.4838316425794, -15.0486575821138], [27.5105227725768, -15.0916240193701], [27.5114011704144, -15.1259009948148], [27.5037265979391, -15.1285945119366], [27.5110604286473, -15.1841346316721], [27.5936444041443, -15.3576403869611], [27.5889822511259, -15.3811572661682], [27.4959821904337, -15.3851931131263], [27.481094890032, -15.3795669247741], [27.4639240883478, -15.3857083458291], [27.4654889787256, -15.4137246782705], [27.5558835999037, -15.4754320242852], [27.5358478533861, -15.4758237656941], [27.5200421828116, -15.5051415912947], [27.5068509843114, -15.5058286770805], [27.5171900308862, -15.5323942748401], [27.5015032020339, -15.5349132480625], [27.5018597209123, -15.5446453578385], [27.4847468138515, -15.5439583996184], [27.4896192382233, -15.5581550537259], [27.4547992280672, -15.5563232822613], [27.4629991613717, -15.5694887743897], [27.4527789529258, -15.5733810206781], [27.4493326058642, -15.5870032979371], [27.439944273304, -15.5863164820348], [27.4360225656417, -15.5720072946495], [27.4117792828099, -15.5785324082796], [27.4079764150732, -15.5559798233507], [27.4010837146617, -15.5559798233507], [27.3916953847964, -15.5654819747892], [27.3965678109649, -15.5847139029534], [27.3804056206137, -15.5932990027682], [27.3731564040187, -15.6207689116855], [27.3538739999698, -15.6114529991215], [27.3323890014043, -15.6477649972764], [27.3162800011994, -15.6392449997029], [27.3032260005959, -15.6550519993248], [27.3033292260052, -15.7536326549554], [27.2796695570538, -15.7395351768836], [27.2808665900177, -15.7232012024071], [27.2749585087346, -15.7240492028515], [27.1953010566855, -15.470036400724], [26.9776310392669, -15.4649055583115], [27.008908864697, -15.3433159773466], [26.94375371578, -15.3452163657747], [26.8253784186411, -15.3316040027639], [26.3481887636988, -15.3253505499393], [26.0057360878166, -15.2883340824304], [25.3163723263302, -15.2843017869277], [25.3362379400178, -15.2414762861826], [25.3303379408773, -15.2171762869508], [25.3170141447529, -15.2031130132686], [25.3222126063689, -15.1802250323326], [25.3387509006683, -15.1632096829454], [25.3843379399535, -15.1390762864048], [25.4076379387364, -15.1446762871833], [25.4208379389299, -15.1397762858218], [25.4211379394038, -15.0810762864099], [25.4393379391124, -15.0718762866152], [25.4653379385678, -15.0372762867574], [25.4648379389756, -14.9539762849744], [25.4334379390736, -14.9015762847786], [25.4316300777677, -14.872940629665], [25.4472051103846, -14.8554750682429], [25.4504247541095, -14.8185165506428], [25.4711914633671, -14.7961049438193], [25.4895031946324, -14.7912410092751], [25.4972379389603, -14.7273762866745], [25.4776307544103, -14.6942898087537], [25.5372100576638, -14.6108766641101], [25.5428931981048, -14.5801143840596], [25.56253438299, -14.5829550903975], [25.5916877826047, -14.5374857427316], [26.18573793886, -14.612876285128], [26.1856548878153, -14.6574497617666], [26.2234077868814, -14.6627739342207], [26.2545555030207, -14.6849619633809], [26.3088652106641, -14.6977218890936], [26.3176593435965, -14.7276070882509], [26.334296890955, -14.7332388394286], [26.3482336516152, -14.714187662165], [26.3603227690771, -14.7163431459333], [26.3831399781921, -14.7017451362836], [26.3728893950115, -14.6607323991849], [26.3993626808574, -14.638974190635], [26.4245294039536, -14.5862612188522], [26.4433093281619, -14.5661229467796], [26.51152960788, -14.5372701887658], [26.5237097660027, -14.4897026250442], [26.5329967470393, -14.4795516067806], [26.5444053520459, -14.4816227655944], [26.5542690398168, -14.466203674617], [26.5819586733036, -14.4551565037922], [26.6184424379261, -14.4751790980661], [26.6322278351559, -14.4502081152275], [26.6594421089404, -14.4460651923758], [26.6849926300552, -14.4523946261434], [26.6896273736776, -14.4651680248189], [26.6987780272849, -14.4666639608995], [26.7186242427523, -14.4525097062599], [26.7453631577329, -14.4571128142257], [26.7617630270369, -14.4374338552587], [26.7972960767464, -14.4337510480721], [26.8125075476931, -14.4176380561895], [26.8456638042812, -14.4252343267567], [26.8640839460317, -14.4141851215957], [26.9116197967824, -14.4245437683567], [26.9372891551278, -14.4190192162668], [26.9684251365746, -14.4233928303229], [26.9678774175762, -14.2479370847852], [27.1057192186, -14.1629960460027], [27.1325036548093, -14.2238673610987], [27.1653960528422, -14.2645639677045], [27.1748939160867, -14.3030732248535], [27.2211650781563, -14.3375880302416], [27.2035643427771, -14.3683261482777], [27.1897462010569, -14.3735082514094]]]}}, {"type": "Feature", "id": "107008", "properties": {"name": "Mungwi", "province": "Northern"}, "geometry": {"type": "Polygon", "coordinates": [[[32.2547693688962, -9.47812449214904], [32.2691462788928, -9.50941296007604], [32.2790337360861, -9.57040181957792], [32.2931043493169, -9.58113585332995], [32.2928191333158, -9.5960879352439], [32.3172050228007, -9.60953956001979], [32.3305625973764, -9.63897191032203], [32.3525197037428, -9.64681727167602], [32.3472746087838, -9.65425967941992], [32.3560254752588, -9.67355779082994], [32.3415442448066, -9.71979951162665], [32.3480649591472, -9.7460237770833], [32.3214324532053, -9.74407339707265], [32.2975825543144, -9.75513504557899], [32.2943339075822, -9.77846429385232], [32.2758691159689, -9.78020121521879], [32.2370443309362, -9.81317821325922], [32.2153917507561, -9.81530944070562], [32.1992057936775, -9.8344430440932], [32.1818789752896, -9.83732352822901], [32.1835902659059, -9.85357553903527], [32.1754378687512, -9.8563387686435], [32.1799537742447, -9.86785978728627], [32.169091832716, -9.87713250978985], [32.1767451052375, -9.89445962268643], [32.1534525382169, -9.91658548476526], [32.1545458633762, -9.92836192319994], [32.1428520441652, -9.92868968838405], [32.1288765041325, -9.94339206678026], [32.1438265293989, -9.97031349635257], [32.1202962807305, -9.98531830234416], [32.1231959679075, -10.0171046683823], [32.1016384600272, -10.0190005158706], [32.0862843797326, -10.0446050845928], [32.0695298519611, -10.0496434060576], [32.0541026110731, -10.039737095959], [32.0368708640868, -10.0435285167211], [32.0327352459958, -10.0765260432475], [32.0106310746376, -10.0752857705886], [32.00649545475, -10.0833357506848], [32.0132455458136, -10.0876414696339], [31.9996740626058, -10.0951061411824], [32.0067093669754, -10.1122110538149], [31.9895964599146, -10.1166801746918], [31.9994601521771, -10.135913069609], [32.0118670091449, -10.1362874207884], [32.011534256994, -10.1631693927264], [32.0003871003626, -10.1771358963574], [32.0101081805821, -10.1884115878116], [32.0048792373319, -10.239217429098], [31.9981766824183, -10.236597804754], [31.978330464256, -10.2533910894166], [31.9843675166644, -10.2684528313884], [31.9730302172301, -10.2693883202898], [31.960454802179, -10.3039130494382], [31.9331291346043, -10.3088628547814], [31.9238602815702, -10.3037486618073], [31.8948807239292, -10.3245651699548], [31.8803809917754, -10.3213510781638], [31.8613240639645, -10.3374939866936], [31.8373866682666, -10.3930821729871], [31.8459668880754, -10.4207604645655], [31.828331089654, -10.4403254738402], [31.8279270328291, -10.4530175289042], [31.807724297585, -10.4665271043739], [31.779369164288, -10.4691448080551], [31.7811279901558, -10.4740061993668], [31.7438123460543, -10.4715988845785], [31.7372048634405, -10.4858087813534], [31.7102282686088, -10.4937548176967], [31.6992704040757, -10.5208942915854], [31.672203380336, -10.5374363083496], [31.6676639596433, -10.5273649762504], [31.6355327912872, -10.5243785327859], [31.6278309396717, -10.5348927177532], [31.6128939588416, -10.5355882669711], [31.6058561697319, -10.5502914829207], [31.6002302888054, -10.5432640812452], [31.5892008006964, -10.5490072633677], [31.5807532521738, -10.5581721299896], [31.5833187840313, -10.5664154736062], [31.5613966886048, -10.5741112862294], [31.5454431409615, -10.5682340857899], [31.5420767816894, -10.5333292890544], [31.5277684913024, -10.5157331314151], [31.5171679963523, -10.4775462526774], [31.5197558477515, -10.418669461401], [31.5094405705991, -10.3906870688047], [31.5262207246106, -10.3406772101686], [31.4955421176958, -10.2902508611174], [31.4796740717012, -10.237745206157], [31.4425379388413, -10.2154762869978], [31.3409444072916, -10.2120252728393], [31.2880544132929, -10.2007958314418], [31.243818873183, -10.1498505077815], [31.2723864221121, -10.0785186880946], [31.2450057722521, -10.0182784843472], [31.251898473562, -9.90048060924589], [31.1624061319333, -9.7825715499696], [31.1221189426186, -9.76590044726059], [31.1296446750311, -9.72807195691905], [31.1401425554263, -9.72063229958149], [31.153595388253, -9.67494715415701], [31.1897405329292, -9.66124783575961], [31.22358605875, -9.62054602825553], [31.2545081306663, -9.60735262160254], [31.2560055090572, -9.58701080063268], [31.281413420824, -9.54857362433074], [31.3163760403281, -9.51896934894304], [31.3494609913439, -9.5455500278561], [31.406266333831, -9.57339422569118], [31.4226662022367, -9.59211980566841], [31.4492387420402, -9.58389380241035], [31.517405150689, -9.59366655516247], [31.5188074576785, -9.53265842260568], [31.540507575805, -9.52461850334492], [31.5853576498075, -9.57986275527457], [31.6236002429928, -9.58961218599531], [31.6516463935613, -9.55492543219122], [31.6913863642392, -9.53969026779507], [31.7031277187018, -9.51833645224456], [31.7411088626135, -9.51533602932213], [31.7610501530756, -9.50211509874919], [31.7686321209232, -9.48256406582701], [31.8035709710049, -9.45975311571703], [31.8148369675618, -9.43771438264901], [31.893104747426, -9.41668248661294], [31.955614388374, -9.41084397529198], [32.0435081761579, -9.4153694176373], [32.0711740429172, -9.40723295972671], [32.0895938343247, -9.42524038296959], [32.1057560228793, -9.42221569973532], [32.1220013981241, -9.4385815021233], [32.1563222791556, -9.43161792492213], [32.2231576800992, -9.44833496799754], [32.2547693688962, -9.47812449214904]]]}}, {"type": "Feature", "id": "108011", "properties": {"name": "Mushindano", "province": "North-Western"}, "geometry": {"type": "Polygon", "coordinates": [[[27.6228357396134, -12.264223833975], [27.5844064738171, -12.2725237771279], [27.5728736560612, -12.266760719999], [27.5581859370611, -12.2797918520522], [27.5327828348744, -12.2823014049617], [27.4935085265853, -12.3160010488465], [27.484269709621, -12.31050531173], [27.5022362461704, -12.2834482267431], [27.4803452072999, -12.2770712722032], [27.4746345011561, -12.2950599975825], [27.4650119589367, -12.3034674279223], [27.472811168166, -12.2895628788281], [27.4473794896718, -12.2696365604018], [27.464159642785, -12.2730738441865], [27.4644448578877, -12.265827630046], [27.4778975056615, -12.2679179052023], [27.4764714292496, -12.2605786471677], [27.4743798530275, -12.2558869883228], [27.4604043102999, -12.2656418267929], [27.4620680683595, -12.249848095382], [27.4497562809966, -12.2484544846703], [27.4407928542607, -12.2649842474109], [27.4287094797284, -12.2578654578041], [27.3930726269928, -12.2833874995872], [27.3625070739549, -12.2875677518865], [27.3563848208333, -12.3206468942459], [27.3337799429088, -12.3136572248018], [27.3061187069648, -12.32793399338], [27.2983727768149, -12.3681849743415], [27.2479354736977, -12.3530785806901], [27.1187568006951, -12.3467633045908], [27.0606204558925, -12.3339465412687], [27.0846266005574, -12.4157512828775], [27.0638110858305, -12.4534190041841], [27.0654612020742, -12.4834208632469], [27.0985924163271, -12.5257127197884], [27.0434161793876, -12.5330763414201], [27.0011006166192, -12.5583035277011], [26.9677035001439, -12.5932166391705], [26.9542489111108, -12.6246753307137], [26.9353655099649, -12.6338830254245], [26.8857612604247, -12.6360025830076], [26.8680526697192, -12.6759510591665], [26.8672253231392, -12.7207043426377], [26.8512965968455, -12.7446697201948], [26.8728920836993, -12.7864262632292], [26.8906351867797, -12.7903652458725], [26.9184832965573, -12.8226693097739], [26.9025298603051, -12.8600168857819], [26.8741262673901, -12.8883276117871], [26.9492813111329, -12.9430316022601], [26.9971429610743, -12.9464913143131], [27.0193969435741, -12.958626896949], [27.0219841697458, -12.9743697558822], [27.0417463029025, -12.981186132947], [27.0357961660911, -13.0001659886488], [27.071955709863, -13.001976830321], [27.0909912047696, -12.9802823392263], [27.1177097351797, -12.9784921626119], [27.1136571798115, -12.9993570443225], [27.0881017440138, -13.0182705266379], [27.0748405595664, -13.1283001433222], [27.0300524136229, -13.1436406128691], [26.999218797016, -13.1782741994207], [26.9607587019375, -13.2056177122717], [26.9487392470292, -13.2508976482174], [26.9788270679143, -13.3033159961726], [26.9770171099404, -13.3373671130969], [26.9642267433132, -13.3620218259517], [26.9284499079036, -13.3735851929267], [26.917891822418, -13.4268751542055], [26.8754181435833, -13.4396676778114], [26.8731094014379, -13.419792289371], [26.8561379386102, -13.3934762869515], [26.8342842382145, -13.3716329287595], [26.8153315940282, -13.3644777666687], [26.8291646423922, -13.3395672172425], [26.8265661684149, -13.3107123835877], [26.8109753317371, -13.2956886597103], [26.801564516142, -13.2633104707591], [26.7628495214067, -13.29184599395], [26.6880648171229, -13.3106780990099], [26.6853354478288, -13.3211958157287], [26.6712246116329, -13.3256577399416], [26.6790033132226, -13.3358561126402], [26.6674307881345, -13.3597303122937], [26.6421568340412, -13.3517105418988], [26.6333136791455, -13.3621468110206], [26.61722445086, -13.3649078148702], [26.6180033018894, -13.3747584462527], [26.6035389570696, -13.3708615429632], [26.6097697491353, -13.3472081449811], [26.6291853508831, -13.338547281693], [26.6009798778107, -13.3251223319476], [26.6029826340074, -13.3131583425836], [26.611828136201, -13.3103432001736], [26.5921343738205, -13.2959962930258], [26.5711054418399, -13.2561994884288], [26.5725055704148, -13.2216478999434], [26.5542489157578, -13.2162336940827], [26.5509109908594, -13.2002563742409], [26.5763588785547, -13.1740356348336], [26.572051188171, -13.1588729692474], [26.5859189618107, -13.1117500231858], [26.5813973807613, -13.090228286105], [26.6024144073693, -13.1008351542197], [26.5925794315516, -13.0876815079588], [26.596588129371, -13.0585195866004], [26.5777379398395, -13.0385762883874], [26.5834419589243, -13.0266531072285], [26.5955726432311, -13.0379265337563], [26.6004639771396, -13.0247449419424], [26.585794981725, -12.9964323379299], [26.5891462591819, -12.9804520541614], [26.5770246182151, -12.9931668815854], [26.5735364626618, -13.0142908128349], [26.5624073450996, -13.0098410865775], [26.5594125847246, -12.9862884503171], [26.5556334864103, -12.9998366996037], [26.5312475942305, -12.9979608321381], [26.5408023001712, -12.991568881875], [26.5455796531415, -12.9731563634083], [26.5322263006477, -12.9829162524167], [26.5282198261586, -12.9650028696416], [26.5110155496536, -12.9663808693785], [26.53316900169, -12.9530599006019], [26.551551652252, -12.9192949443132], [26.5392965512785, -12.9312395308155], [26.5322263006477, -12.9209029016414], [26.5352900767894, -12.9101064094282], [26.528219824362, -12.9165384193277], [26.5117225758845, -12.9107955606073], [26.5110155505519, -12.9222811434157], [26.4984233846158, -12.923232764991], [26.4945712784217, -12.9345657195803], [26.4916524014337, -12.9256891266508], [26.4720930872068, -12.9247411751377], [26.4673045538044, -12.9170037467671], [26.4596339671541, -12.9226820878667], [26.4346732484138, -12.8943502791611], [26.4288549600316, -12.9005580627812], [26.4221390094404, -12.8777831683619], [26.4023480852788, -12.8734323405976], [26.4018033729417, -12.8563249873769], [26.3867275943153, -12.8590893663451], [26.3809019999349, -12.8482617783554], [26.3742081910188, -12.853485385707], [26.357956328141, -12.8392589166229], [26.3147952647391, -12.8403628698625], [26.32518842403, -12.8073046428374], [26.3187686884122, -12.7648940350127], [26.3294705753101, -12.7365469173172], [26.3201342857476, -12.7080961612431], [26.3422567009908, -12.683250917793], [26.3365497417201, -12.664218183245], [26.3528171086214, -12.6401506453461], [26.390349245808, -12.6184658702561], [26.4043170594309, -12.6295541203286], [26.428372137126, -12.6189455068207], [26.4427518543578, -12.6229642078088], [26.4467705567145, -12.6360107078202], [26.466521240843, -12.6382962260164], [26.500080263377, -12.6736265239733], [26.5235449152666, -12.6834161585649], [26.5310155360364, -12.6972466068419], [26.5451006516691, -12.6921564542597], [26.5472841381212, -12.6814906533727], [26.5351587341117, -12.6708468293613], [26.5424960682495, -12.6663998398651], [26.5431399447126, -12.6441406573005], [26.5613460853044, -12.6327750309592], [26.5632029245563, -12.6153123762972], [26.5721244197313, -12.61212077718], [26.576314300557, -12.5974131552124], [26.5645392269319, -12.5885656666515], [26.5671402808708, -12.5772051777435], [26.6091323360508, -12.5484064089324], [26.6087912762801, -12.5323277123956], [26.5780245527208, -12.5224715766268], [26.6060313588765, -12.485950888938], [26.5963795908676, -12.4606468591558], [26.6064899847617, -12.440181076731], [26.5963482432575, -12.4099834134159], [26.6128438163769, -12.3991449910185], [26.610755665431, -12.3792354366563], [26.6479753299343, -12.366346229565], [26.6513980836433, -12.3730739251178], [26.6750007931174, -12.3581491775872], [26.6735477591622, -12.3397460415794], [26.6952477928471, -12.3242306237569], [26.7055888193089, -12.3033541268713], [26.7514400459326, -12.2939247078212], [26.7924751896208, -12.260161896106], [26.7909062298748, -12.2444168960317], [26.7776996989293, -12.2406978769459], [26.7676658693452, -12.2256635713825], [26.7723054468021, -12.2048989893614], [26.7581248941536, -12.1694914846849], [26.7394563143282, -12.1598654921324], [26.7354529210606, -12.1389575982678], [26.7210717368798, -12.1247787872261], [26.729577348011, -12.0804516125666], [26.7121631388174, -12.0531387999699], [26.6763041443901, -12.032218080421], [26.6988690445895, -11.9986277620648], [26.7056188616669, -12.0057673669437], [26.7169799296253, -12.0034890480733], [26.7345206620351, -11.9791237950264], [26.7685563288622, -11.9560119709802], [26.819562296097, -11.9870752926523], [26.8565579629892, -11.9786036509982], [26.8770387546615, -11.9822563227968], [26.8939805182876, -11.9583665336006], [26.9119692432246, -11.9483727986804], [26.9149197741483, -11.9347622792042], [26.9391902759333, -11.9366658501077], [26.9571790008702, -11.9174398072494], [26.9698377337656, -11.8767986124347], [27.0081946465539, -11.8413922314144], [26.9936323449439, -11.8238793990542], [27.0080042890536, -11.8136953048457], [27.0046410729867, -11.7457709920925], [27.0187036876182, -11.746698982653], [27.0318383111202, -11.7359914071311], [27.0319096948459, -11.7252838327991], [27.0476141378643, -11.7081517128536], [27.0418320479947, -11.6752437676418], [27.0231294849021, -11.6481179119091], [27.0309103226856, -11.6362681981021], [27.0176329290372, -11.621134825354], [27.0217731923165, -11.6081429686716], [27.0493987337027, -11.5900114740613], [27.0811645392665, -11.6060014532825], [27.1196404222361, -11.5876558082878], [27.15918706738, -11.5993627560101], [27.1738921346448, -11.5845863030044], [27.1945220610273, -11.5799463547208], [27.2070856129267, -11.5611010240357], [27.2367099049217, -11.6803834029267], [27.2272872378531, -11.6935180285627], [27.233045534944, -11.7116257264294], [27.2205771586506, -11.7457947870996], [27.2319985709383, -11.7839613411454], [27.252366756993, -11.7976670357918], [27.266738702001, -11.7930984710381], [27.3272721885628, -11.8275530666593], [27.3404068147597, -11.8277434236022], [27.3400260997592, -11.8376419831976], [27.3748614109196, -11.854964458371], [27.3801914038594, -11.8656244429396], [27.396942809087, -11.8712399707293], [27.4000836966127, -11.8853263811091], [27.4212133117702, -11.8911322646739], [27.4688025296354, -11.9306313183163], [27.4767975203927, -11.9467164740895], [27.4617269645714, -12.0053844650579], [27.4685036709202, -12.0503015517675], [27.4851598969484, -12.0483384937543], [27.496045931293, -12.0565476342509], [27.495332092239, -12.0705269688483], [27.5110365352574, -12.0891462512735], [27.515284819153, -12.138814690987], [27.5329427358933, -12.1758270972862], [27.5709870547257, -12.206927986919], [27.5897847988142, -12.2057382554246], [27.6153998468142, -12.2204022404346], [27.6153479161059, -12.2402787110025], [27.6289037740177, -12.2560649821504], [27.6228357396134, -12.264223833975]]]}}, {"type": "Feature", "id": "110009", "properties": {"name": "Mwandi", "province": "Western"}, "geometry": {"type": "Polygon", "coordinates": [[[25.1645616247219, -17.0833116896755], [25.1649879049687, -17.0922563493617], [25.1331906422002, -17.0983677293], [25.1268951283149, -17.1138803326731], [25.1163698178625, -17.1106839018621], [25.1126072638208, -17.1401077926553], [25.104811648751, -17.1494839164075], [25.0982948070476, -17.1466640798158], [25.0972127674232, -17.1591180367997], [25.0877203120368, -17.1644283381554], [25.0898106189394, -17.1770690642168], [25.1146729802409, -17.1933033770623], [25.1198372699435, -17.2220799561501], [25.1114514473589, -17.224569801288], [25.1039017505896, -17.2450745077008], [25.0755719390038, -17.2542339509632], [25.0669156094326, -17.2868050007589], [25.0432582473549, -17.2868989255881], [25.0380447748905, -17.312256662965], [25.0142890490859, -17.3282678057561], [25.0098133342182, -17.3476107816669], [25.0250602814321, -17.3658040072782], [25.017166296347, -17.3943400627512], [25.0185434406271, -17.4399781856559], [24.9870271070991, -17.4738497479205], [24.9718631732007, -17.5061532451975], [24.9791836908764, -17.5218835330708], [24.9772347231039, -17.5512098559795], [24.9464045021288, -17.5683114750556], [24.9439823503737, -17.5485047587173], [24.9076034946033, -17.5547667577862], [24.8797487480724, -17.5270080234158], [24.8539435168453, -17.5301616277046], [24.8292562003618, -17.5198566841359], [24.7964174119883, -17.5371349019181], [24.780626845687, -17.5083517652128], [24.7608304139544, -17.5181687501376], [24.7103844456879, -17.4969793922723], [24.6432628926988, -17.4965795701683], [24.637254095001, -17.500799878236], [24.6416791799208, -17.5139044228478], [24.6262612518674, -17.5118610647877], [24.6170850232239, -17.5294953779538], [24.6049987857607, -17.5354138003423], [24.6377278197694, -17.3202254941672], [24.5505686957844, -17.2950590187356], [24.5343409347056, -17.2808994719391], [24.4959707520039, -17.2867130838467], [24.4404205509032, -17.2790920959858], [24.3599373081561, -17.280463140834], [24.1807723015802, -17.0051476516785], [24.3936271730061, -16.6972668466461], [24.4421856613847, -16.6858951430521], [24.4674679572338, -16.6662249013707], [24.554984058238, -16.6561242380642], [24.6300713510421, -16.6919510938832], [24.6171348276198, -16.7383234098269], [24.5899215249142, -16.7774782735803], [24.7876275613249, -16.7365260637642], [24.8832791531901, -16.6800814492435], [24.9272788343339, -16.685592148756], [24.9561928284338, -16.7096001516336], [24.9260254868832, -16.7418458539154], [24.9114838105922, -16.7704657588898], [24.9071107462121, -16.8006633351134], [24.8495023170475, -16.8625105179724], [24.8557578900387, -16.8820127028601], [24.8482515369819, -16.9034776763711], [24.819463994233, -16.937356606207], [24.8189952685891, -16.9914909598044], [24.8527910591841, -17.0397290267656], [24.8618360646259, -17.0698500176693], [24.9112156706664, -17.0342546607801], [24.9384623502765, -17.0432540071833], [25.0775164439459, -17.0440079823338], [25.1645616247219, -17.0833116896755]]]}}, {"type": "Feature", "id": "104008", "properties": {"name": "Mwansabombwe", "province": "Luapula"}, "geometry": {"type": "Polygon", "coordinates": [[[28.9065715147382, -9.77007986598808], [28.9350552993603, -9.85091397118958], [28.9244310493608, -9.8852445379023], [28.9342369970185, -9.91016043639732], [28.9306628933538, -9.97182014977391], [28.9409518363937, -10.0448239442342], [28.9340683850363, -10.1067237259403], [28.9101079241953, -10.1045864788874], [28.89333724202, -10.1343115881821], [28.8817574863922, -10.1395525070054], [28.7928700217669, -10.1239464866289], [28.7746281021755, -10.0835825730396], [28.7612657476642, -10.0774187332747], [28.7420707326244, -10.0505857023227], [28.7179082119298, -10.0426378683212], [28.7017412371514, -10.0223601747919], [28.7074217832579, -9.99930516380124], [28.696488516394, -9.98865483507367], [28.6790665906721, -9.99771348774803], [28.6723364529877, -10.0464507927805], [28.6397154198323, -10.0516020838319], [28.644661479108, -10.021735142791], [28.6217491985916, -9.99743956157356], [28.6310662255795, -9.97894749010169], [28.6241259908147, -9.95380595129683], [28.6356296672228, -9.91859517822317], [28.6595877349519, -9.88389575443388], [28.6581141241868, -9.86778573455918], [28.6739435623871, -9.83589119511121], [28.6766531049646, -9.8101297720565], [28.6891735476118, -9.81329393705751], [28.6645763887451, -9.78387498307825], [28.6664074481449, -9.76739548970964], [28.6573742483626, -9.75470017560722], [28.706121149389, -9.70959105321063], [28.7316996215838, -9.70181627397243], [28.7502051940161, -9.72053411557274], [28.7725329174209, -9.72004276212652], [28.8100602028067, -9.74091445740669], [28.8309997470266, -9.76223076399701], [28.8600203828288, -9.77331001714291], [28.8799854409167, -9.77382532296492], [28.8921070818835, -9.76403438827018], [28.9065715147382, -9.77007986598808]]]}}, {"type": "Feature", "id": "104009", "properties": {"name": "Mwense", "province": "Luapula"}, "geometry": {"type": "Polygon", "coordinates": [[[28.8447854002762, -10.1361807678032], [28.8628272650538, -10.1765606129582], [28.8613536533903, -10.2043514828755], [28.9015303148908, -10.2083388982744], [28.9022125646878, -10.2415005691415], [28.8798187719905, -10.2854878226787], [28.8840723029456, -10.3274274838764], [28.8590939799207, -10.3951389758649], [28.8472800613461, -10.4833799743489], [28.8546718244069, -10.5771603286024], [28.871428211691, -10.588421605375], [28.8654862306841, -10.6222496748972], [28.8726358124359, -10.638029306606], [28.8388665580743, -10.707581880127], [28.8143519489924, -10.7156408479575], [28.7965282688276, -10.7008097449444], [28.7735939499424, -10.6991620849205], [28.7792322437894, -10.7680247677682], [28.7732652177523, -10.794176977608], [28.7649458058201, -10.7947969384349], [28.7674703161102, -10.8248916469187], [28.7561673952018, -10.8496301636762], [28.7571427715642, -10.8765640797117], [28.7407908246857, -10.8988756925736], [28.7273076395821, -10.9600550030377], [28.7315534081949, -10.9699686930215], [28.7710275817532, -10.9873168502852], [28.7636261752778, -11.0107465078061], [28.7784309582341, -11.034220911002], [28.7643049512896, -11.0512484592684], [28.73724688016, -11.04239114613], [28.7293605918403, -11.0161897160794], [28.7100705062973, -11.0080054370865], [28.6892212409669, -11.0098065577203], [28.6580376586915, -10.9874364130611], [28.635904922704, -10.9870630973528], [28.6135149882707, -10.9761544965616], [28.5434763450427, -10.9233412358692], [28.5474970461509, -10.8509485481671], [28.5598801336963, -10.8221886392513], [28.5796550489812, -10.8122901081288], [28.5825309694307, -10.7885229661116], [28.6033516719284, -10.7684898682766], [28.608247863926, -10.725197020234], [28.6231978882941, -10.7154354242166], [28.6646966857381, -10.7230018546914], [28.6627239494416, -10.6839299440739], [28.6856995261512, -10.6805399481362], [28.6983032228624, -10.6683959963044], [28.6846617420293, -10.6348552317828], [28.6583744182269, -10.6263989129873], [28.6735858900719, -10.5628756176656], [28.6580892013276, -10.5363082801671], [28.6293537806281, -10.5185253449506], [28.6420933888485, -10.5019098748596], [28.6329902749843, -10.4654508629845], [28.6468469750914, -10.4478274694019], [28.6438284479888, -10.4230034355792], [28.6272859711335, -10.4056815392478], [28.6184443038478, -10.3653769436688], [28.6320870926279, -10.3352386231103], [28.6348204028311, -10.3014026320783], [28.628022779211, -10.2884004135674], [28.6109336388776, -10.2850328444317], [28.6080577202248, -10.2639145686048], [28.5752342139909, -10.2253928850661], [28.6111000149531, -10.1783278802533], [28.6105058180202, -10.1645719819065], [28.6270720598064, -10.1638233443931], [28.629525292372, -10.0597949768413], [28.6723364529877, -10.0464507927805], [28.6844381531517, -9.99003588578153], [28.7054490415715, -9.99338315621379], [28.7017412371514, -10.0223601747919], [28.7179082119298, -10.0426378683212], [28.7420707326244, -10.0505857023227], [28.7612657476642, -10.0774187332747], [28.7746281021755, -10.0835825730396], [28.7914082912214, -10.1226712994372], [28.8447854002762, -10.1361807678032]]]}}, {"type": "Feature", "id": "108007", "properties": {"name": "Mwinilunga", "province": "North-Western"}, "geometry": {"type": "Polygon", "coordinates": [[[25.4961860953059, -11.723237876871], [25.4587890323987, -11.7117146078749], [25.4281596181272, -11.7433360822646], [25.3641800926259, -11.7658353377716], [25.3362869916256, -11.7975212457409], [25.3337675918511, -11.8197625023473], [25.3178549660622, -11.8239674326782], [25.315235114876, -11.8425216449581], [25.2600494007102, -11.8737869797103], [25.2506226103744, -11.8926716575695], [25.2338378066829, -11.8985367697314], [25.214193536983, -11.9544810885758], [25.2021090386583, -11.9596839903012], [25.2083657803577, -12.0035386052578], [25.1914352726221, -12.0070714519481], [25.1912659698354, -12.0209342629139], [25.1850742410098, -12.0220382117066], [25.1925559119559, -12.0293793478136], [25.18930686727, -12.0655380218987], [25.1653516741497, -12.0893667946541], [25.1882807118394, -12.1211788918473], [25.1839276170081, -12.1311373663201], [25.1871968953475, -12.1498263635708], [25.1926445029109, -12.1495858754307], [25.1715017786383, -12.1753214499299], [25.1720774073943, -12.1842887396766], [25.188402968058, -12.1831709498187], [25.1938458226353, -12.1966919922238], [25.1857409616305, -12.224266273886], [25.1724784593546, -12.235601792209], [25.170112059741, -12.2563482640703], [25.1491487505902, -12.2745569724359], [25.1403156891651, -12.2725965096413], [25.1395733043463, -12.2841186506288], [25.1275123670348, -12.2846151649841], [25.1145755417786, -12.3355476257884], [25.0958823948268, -12.3542471196229], [25.0753661026328, -12.3605864821096], [25.063625622231, -12.3914306625815], [25.0304848085809, -12.3946827028693], [25.0094918819753, -12.4242806579595], [24.9914485673169, -12.4229201430234], [24.9573696286425, -12.4545286986707], [24.9310127851187, -12.4676084718149], [24.9203181763712, -12.4646142655996], [24.9134532878009, -12.4764925431484], [24.9046096801542, -12.4717312837846], [24.8843829023999, -12.4989356928819], [24.8864166666436, -12.5106922644384], [24.8775526690366, -12.5131504908392], [24.8818145839683, -12.5256043683965], [24.8624362685931, -12.5150995656879], [24.8635057084472, -12.5265992269147], [24.8791379403915, -12.5422901426366], [24.8745577918806, -12.5500555236041], [24.8813585488244, -12.5515120030266], [24.8736006126908, -12.5563573346955], [24.8777644630345, -12.5632911520078], [24.8623293789558, -12.5559377466689], [24.8677264221484, -12.5638283908416], [24.8603865700329, -12.5718757754305], [24.8751704267347, -12.5785929946783], [24.858934135254, -12.576079954386], [24.8446663328352, -12.5920272776624], [24.8530369729932, -12.6006595257159], [24.8368141822929, -12.5947901359156], [24.8304485225602, -12.6014096398337], [24.8323773519007, -12.6110092397535], [24.8249799258602, -12.6151956146087], [24.835419544221, -12.620975989732], [24.8269982911833, -12.6249895360056], [24.8270694736864, -12.6360668224024], [24.8285668529756, -12.6460161049465], [24.8354121367132, -12.6462104809215], [24.8212226862518, -12.6473236622103], [24.8193538419145, -12.659205414768], [24.8320339223743, -12.6642704667531], [24.8360537503201, -12.6576347044165], [24.849601468597, -12.6811485726645], [24.8571183588921, -12.6538820588093], [24.8635256941657, -12.6546580600959], [24.8640216531357, -12.6635282613282], [24.8722727481907, -12.6657607319793], [24.8654694409297, -12.6809136572421], [24.8775786186702, -12.6778543812658], [24.8803450389782, -12.6843325003328], [24.8718321389168, -12.6948746169329], [24.8775396560414, -12.6997025559222], [24.8733601202146, -12.7097694620483], [24.8801339798022, -12.7081696529435], [24.8857199512755, -12.7182052227273], [24.8779948647352, -12.7259060848324], [24.9060565732262, -12.7309977490781], [24.9073007192334, -12.7515000048005], [24.925070522939, -12.7586636043709], [24.9176729432867, -12.7594566568072], [24.9064889099145, -12.7813298882335], [24.9465925383823, -12.7986796358424], [24.931900638623, -12.8050297772858], [24.9447917045969, -12.8224520001046], [24.9377474323458, -12.8339671281066], [24.9514377572758, -12.8372346630631], [24.9487282146984, -12.847245566914], [24.9579264008624, -12.8569084933313], [24.9748253983928, -12.8556572011798], [24.9835946093642, -12.8421107859095], [24.9840408079557, -12.8518585219804], [24.9947128213789, -12.8506251001993], [24.9893642485839, -12.8658283761815], [25.0092715809317, -12.8664394289712], [25.0012077953933, -12.884713395566], [25.0160389816324, -12.8834622430258], [25.0195688495576, -12.8896146568822], [25.009278382975, -12.8950009517068], [24.9988591240318, -12.890258512333], [24.9746116020501, -12.9042996528504], [25.0054860228322, -12.9174497133522], [24.9940061140499, -12.9301677626847], [25.00912251629, -12.9350324177538], [25.0062703643646, -12.9475410982515], [25.0155579212213, -12.9604070658937], [24.9972148971431, -12.9641345293145], [24.9982844546765, -12.9557265460681], [24.9916532026403, -12.9549621707519], [24.9766079918864, -12.9756833311279], [25.0048442870545, -12.9808945081905], [24.9992825916534, -12.9924281893846], [25.0098329552207, -12.9973588858574], [25.0125424977981, -13.0139864930709], [25.0046753139495, -13.0062054663725], [24.9940748207961, -13.011994944167], [24.9937896056934, -13.0259817598787], [24.9827375195651, -13.0163022251106], [24.9746088909346, -13.0243144977798], [24.9662188121322, -13.0217672737968], [24.9537644190145, -13.0304277349326], [24.954501224397, -13.0379996024011], [24.9389807707219, -13.0429779214143], [24.9375071590584, -13.0571713688453], [24.9154267562243, -13.0401530261053], [24.8902089881588, -13.0483960698273], [24.8849562772828, -13.0362861110972], [24.8631373210273, -13.0449229108658], [24.8505878547116, -13.0696970439286], [24.8286262935997, -13.0517765628996], [24.8152211819758, -13.0551338599296], [24.8003186928593, -13.0630985690901], [24.8060942986891, -13.073077246338], [24.8001047833289, -13.0823146890247], [24.7331505370699, -13.0944686904307], [24.7494791008016, -13.1141684750498], [24.7392588950506, -13.1189369258369], [24.7382844089186, -13.1102564194172], [24.7271847884371, -13.1061128173444], [24.7186045659335, -13.1163443796881], [24.7217894691115, -13.1245154370931], [24.6943137460534, -13.1029877077358], [24.6949317142053, -13.0879634792559], [24.6869932256828, -13.0820137237371], [24.6791498112566, -13.0905331743576], [24.6871358350307, -13.1014830143887], [24.6669568647175, -13.1015061615946], [24.675085496043, -13.1068304309622], [24.6623934239725, -13.1148397653989], [24.6427611171373, -13.1034043930593], [24.645404097247, -13.0981377040387], [24.6339485840129, -13.093369661303], [24.6421519902043, -13.0870170410504], [24.635100648212, -13.078100684813], [24.6525344209158, -13.06973129669], [24.6584526360936, -13.0491365283188], [24.6675207776456, -13.0530274679031], [24.6736403412112, -13.0468095228645], [24.6847993807572, -13.0139512803256], [24.7128580960616, -13.0105944968586], [24.713677409008, -12.9865081797813], [24.7342119172393, -12.9937641568536], [24.7218773432109, -12.9595137202695], [24.7352111483642, -12.9542326063427], [24.7194173651958, -12.9496810321058], [24.7262886901951, -12.9422043957629], [24.7220681669368, -12.9248959883098], [24.7301129288524, -12.9205628870677], [24.7147001104163, -12.9065364630257], [24.7126798370715, -12.8859745098581], [24.6984333741323, -12.8841626966697], [24.6892674096392, -12.8697506800717], [24.6956019014247, -12.8649927153661], [24.6888396857998, -12.8390909669922], [24.6754016293612, -12.8325411119075], [24.6654100529349, -12.8407007318437], [24.6681409053474, -12.8352022738994], [24.655750854062, -12.8234489436215], [24.6652640793961, -12.8221947538093], [24.6531874089908, -12.8108745380433], [24.6576996143236, -12.7971199496493], [24.6403313252107, -12.7839353391644], [24.6496071482731, -12.7792127402018], [24.6465959613048, -12.7680498973785], [24.6338269539201, -12.758893221708], [24.6341428716426, -12.7421613420333], [24.6203948182775, -12.7328263656853], [24.6298598211489, -12.7314559252729], [24.6192903459238, -12.7177062047713], [24.6255102899342, -12.6901394597932], [24.6090376552956, -12.6913617699643], [24.6002192453927, -12.6726935046316], [24.6074347832493, -12.6693047899419], [24.5892528450678, -12.6539828190476], [24.5911418709563, -12.6406760817381], [24.584812690909, -12.647876288302], [24.5730045844343, -12.6255103839123], [24.5683028462546, -12.6310378078903], [24.5486033418428, -12.6188803637169], [24.5514303382453, -12.6108498677101], [24.5433696896239, -12.6061380216383], [24.5584702563622, -12.6000129629716], [24.5497327442422, -12.5897010674319], [24.5216019957301, -12.596780989206], [24.5326044193962, -12.5839495714155], [24.5128880787594, -12.586731346112], [24.5033648677525, -12.5647928800998], [24.4918832800189, -12.5692994058254], [24.4954444479436, -12.553387739137], [24.4869400127072, -12.559595297399], [24.4790141320397, -12.5513452697401], [24.4641954656206, -12.5562256286649], [24.468777618273, -12.5505077996663], [24.4535467122751, -12.5453436167344], [24.4481734286234, -12.5276030367823], [24.4287035937854, -12.5182620057723], [24.4329832522406, -12.5111315372446], [24.4263926696321, -12.5108534262274], [24.4258267166301, -12.5012912166997], [24.4138995393628, -12.5044382379748], [24.3965829393113, -12.5257370099899], [24.3886721889681, -12.5212380527708], [24.3534330671212, -12.547715713848], [24.3368113363999, -12.5503956531717], [24.3232133753491, -12.5453602561711], [24.3196258490574, -12.5240631309746], [24.3001536992609, -12.514302286152], [24.2283109856174, -12.5589030558244], [24.1476831769916, -12.5878954527631], [24.1454116134208, -12.5557176943401], [24.1321711998194, -12.5215340677796], [24.1369812299066, -12.4971518068708], [24.1000976152696, -12.4887616245885], [24.0681608010184, -12.4988676699186], [24.0047979060776, -12.49940951761], [23.9806521829806, -12.5065764421602], [24.0335972607742, -12.4402154349666], [24.0656515746645, -12.4249371486797], [24.0780747010205, -12.3618682413637], [24.0431637283569, -12.3335731248357], [24.0666812982034, -12.308422950989], [24.0577459528033, -12.2888852819461], [24.0624959700395, -12.2696382852715], [24.0394434355578, -12.2349706710883], [24.0013768582693, -12.2097461483113], [23.9967264902492, -12.1840646624337], [23.9837718954184, -12.1697455851225], [23.9771617304351, -12.0745902138058], [23.9842369316814, -11.88385321914], [24.0021740627783, -11.8486480590847], [24.0186164322767, -11.8413984165765], [24.022702113021, -11.8295970222562], [24.0125045205607, -11.8114225260151], [24.0135342467945, -11.7869386948651], [23.9936716433614, -11.7457836182662], [23.9907142304443, -11.7135717007034], [23.9603539747881, -11.6606482067841], [23.9754903447804, -11.6527832461747], [23.9839356600913, -11.6205419872077], [24.0125364080584, -11.5811338716322], [24.0296698739628, -11.5347145098009], [24.0383040609605, -11.5313570041943], [24.0198754660632, -11.4750665276572], [24.0241655782133, -11.4461104990401], [24.0450225403092, -11.4237634083051], [24.0628035693625, -11.4220178799537], [24.0877617692267, -11.4047207097488], [24.0800450307304, -11.3818405272405], [24.0875998784395, -11.3769478223265], [24.1314183828653, -11.3699380455926], [24.1588049481313, -11.3859412450461], [24.1747242322331, -11.4071275674008], [24.1978532025657, -11.4180630031089], [24.2468736648506, -11.504944978412], [24.2979772645837, -11.5197508229147], [24.3104698558639, -11.5308282591694], [24.3619174654352, -11.5181679909399], [24.4465312759447, -11.5348193286641], [24.4616476781848, -11.5256670384056], [24.4794260850559, -11.5321644980566], [24.4823733092811, -11.5178885204007], [24.50298010135, -11.5190995617988], [24.500817217759, -11.5264821368164], [24.5082328086328, -11.52277923013], [24.522733644816, -11.5464791017342], [24.5155770993241, -11.5738238357141], [24.5210329031162, -11.612858572656], [24.5407147197, -11.6192060296453], [24.5419341988679, -11.6038779719755], [24.5567076961978, -11.6079457542997], [24.5641573637636, -11.6044449995652], [24.5636791761648, -11.5945095196386], [24.5852983120668, -11.6002785501307], [24.5952899262223, -11.5821821312482], [24.6102395966542, -11.5899731043468], [24.6083771815593, -11.5776455149682], [24.6284359132701, -11.5736512587653], [24.6261456449785, -11.5642078216612], [24.6322110832516, -11.5671419800916], [24.6376221590274, -11.556218872273], [24.6456255193882, -11.5589558540198], [24.6526473337572, -11.5506461958918], [24.6252565949182, -11.4834485882758], [24.6280693072094, -11.4670319278361], [24.6147897881471, -11.4635593479268], [24.6055067138836, -11.4354091721479], [24.5894031996902, -11.4285657086927], [24.5913289379277, -11.4199656689282], [24.6415167240933, -11.4012611894028], [24.659399331944, -11.367543006583], [24.6926637268277, -11.3431922361454], [24.6935201743314, -11.3335185257379], [24.7389118551951, -11.331301587304], [24.7318204761889, -11.3125912898705], [24.7505937896949, -11.3030173259325], [24.7828304481132, -11.3022110841151], [24.794512382613, -11.3099710803515], [24.8253787257441, -11.2966345062307], [24.8453168092206, -11.2984821777391], [24.8679612642216, -11.2883030302201], [24.8728601376903, -11.2656254146315], [24.9115715355713, -11.2745958872319], [24.9272958987311, -11.2596785437679], [24.9679257360378, -11.2624336078725], [24.9770383307215, -11.2526899738213], [25.0278770127859, -11.2450964309822], [25.0335295619982, -11.2549411190653], [25.0545981545985, -11.2504724108173], [25.0632311378538, -11.2598465348829], [25.0994074513754, -11.2511443997008], [25.1183948792277, -11.2547479238237], [25.145664145179, -11.2373262826758], [25.2051015541435, -11.2361502411935], [25.2380405001795, -11.2261873047387], [25.2551865649558, -11.2095704442381], [25.2702086431928, -11.2099232879017], [25.3026675618803, -11.1917378693757], [25.3182712094323, -11.1882299448936], [25.3382487963234, -11.2004228477981], [25.3518858870897, -11.1956839683773], [25.3338205134011, -11.2299403771904], [25.3358836911822, -11.2487451242122], [25.3164099738254, -11.2598856505962], [25.3380150178556, -11.2808176563196], [25.2920769690596, -11.3058728565837], [25.3007469108023, -11.3206029078885], [25.3156494008171, -11.3271749815649], [25.3095648113604, -11.3308105320179], [25.3135578219, -11.3467271782878], [25.3044784756616, -11.3570503847924], [25.2800450491285, -11.3567474520736], [25.2878379396081, -11.3960762879664], [25.302220523364, -11.4133437246568], [25.2947811630678, -11.4276249881637], [25.3059045520734, -11.4333093382062], [25.3083288777515, -11.4876776219045], [25.3320968035761, -11.4950144429339], [25.3138192711736, -11.5182348008522], [25.3042170281847, -11.5104560772258], [25.2929272649002, -11.5193293946035], [25.3121079787607, -11.5339546178615], [25.3063086044068, -11.5651354694191], [25.3247379404142, -11.5790762882474], [25.3313379400617, -11.6200762851682], [25.3861379401024, -11.6443762869294], [25.4165379381251, -11.6684762871362], [25.4775379386785, -11.6782762849031], [25.4961860953059, -11.723237876871]]]}}, {"type": "Feature", "id": "106006", "properties": {"name": "Nakonde", "province": "Muchinga"}, "geometry": {"type": "Polygon", "coordinates": [[[33.062660993796, -9.62220259584737], [33.0444097020813, -9.71517298942943], [33.0497321042571, -9.73604089395548], [33.0421746738915, -9.75024855232486], [33.0511003534191, -9.77734245306164], [33.0438897778561, -9.81586388792104], [33.0567145418739, -9.85039587868471], [33.0254058539239, -9.846462739785], [33.0095300437903, -9.86045447289819], [32.9736278889069, -9.85856836901941], [32.952563904664, -9.87159941463402], [32.9141368370452, -9.87447989113423], [32.8927642662308, -9.84587157482337], [32.8992955627254, -9.66769865840459], [32.8615066232502, -9.69452496325475], [32.8425991742042, -9.68871933470631], [32.7844684178211, -9.7201764285679], [32.7742061475586, -9.70970483669094], [32.7712970307661, -9.68762176523928], [32.7554405703437, -9.6890883773168], [32.7353507883652, -9.67307240617634], [32.6858325812595, -9.69742183370005], [32.6729818173025, -9.69559647867668], [32.6573874574323, -9.75232323873676], [32.6377493079544, -9.76054863108825], [32.6267554614027, -9.77627803065742], [32.5868349113864, -9.79161948094172], [32.5752192572832, -9.80184657523435], [32.5743471647205, -9.81521048000723], [32.5462493412602, -9.80983598778902], [32.5245413116709, -9.83344952236721], [32.5015810692032, -9.81156932996763], [32.4976161022701, -9.79583066720491], [32.4806868881085, -9.78927937869516], [32.4771282067206, -9.77444497183818], [32.4630818632739, -9.77481447217444], [32.4324092391389, -9.75027073627378], [32.415224784859, -9.75541981336058], [32.4022333626948, -9.74826311700802], [32.3914676019869, -9.75696523781972], [32.3504226576789, -9.74826297623821], [32.3415442448066, -9.71979951162665], [32.3560254752588, -9.67355779082994], [32.3472746087838, -9.65425967941992], [32.3525197037428, -9.64681727167602], [32.3305625973764, -9.63897191032203], [32.3172050228007, -9.60953956001979], [32.2928191333158, -9.5960879352439], [32.2931043493169, -9.58113585332995], [32.2790337360861, -9.57040181957792], [32.2691462788928, -9.50941296007604], [32.2546953800561, -9.47842213637091], [32.26602349242, -9.46268369520743], [32.2532601183705, -9.42556903011288], [32.2602954227401, -9.37897662598222], [32.2449413442421, -9.37365338943339], [32.2467001701099, -9.35911373920198], [32.2315600020406, -9.32393465613744], [32.2149224537837, -9.31689841510329], [32.1636075038204, -9.26034533777007], [32.1510105031514, -9.2244994334326], [32.1494418209848, -9.20680973111389], [32.1655089372396, -9.1859047127979], [32.1849437907822, -9.09292543976752], [32.1564226407358, -9.0569720547585], [32.1723667093562, -9.06362540804461], [32.1924147421319, -9.09362346060235], [32.2547377679611, -9.13055684506089], [32.437090096878, -9.11745716083725], [32.4926358369451, -9.14944860897018], [32.4846566358755, -9.17224251123338], [32.5450598945689, -9.25560153890935], [32.5794104640222, -9.24488114027336], [32.6472056546597, -9.273494033766], [32.7552400834403, -9.28323298478957], [32.7649035394293, -9.32105636109009], [32.7998580758925, -9.32067888122349], [32.8126522837159, -9.3472997621809], [32.8646977993638, -9.3777640686531], [32.8924708010005, -9.36476936200066], [32.8973544327539, -9.38693680275645], [32.9126847903385, -9.37772160200637], [32.9279726818647, -9.40035617386614], [32.9593553227221, -9.39882738500764], [32.9430057743454, -9.41916877642154], [32.9509469847633, -9.49085199656409], [32.9818412610081, -9.48063883439427], [32.994390075147, -9.49556576025441], [33.0319232112602, -9.4939367963654], [33.0322204961271, -9.5212438773635], [32.9988958027282, -9.57206836290958], [33.0144506528956, -9.60859871111609], [33.0046850027633, -9.6180813491327], [33.0052273498363, -9.63677898238647], [33.0319188993469, -9.64116421469125], [33.0451106116834, -9.63637142437464], [33.0516357681931, -9.62368667580189], [33.062660993796, -9.62220259584737]]]}}, {"type": "Feature", "id": "110010", "properties": {"name": "Nalolo", "province": "Western"}, "geometry": {"type": "Polygon", "coordinates": [[[23.4597050497629, -15.5715570422234], [23.4196699043608, -15.5941203579331], [23.3892196150553, -15.6402094306808], [23.3879760439698, -15.6627310518162], [23.3750404988129, -15.6728519296041], [23.3402746301189, -15.6690713373068], [23.2528622647671, -15.6863617690936], [23.1795850458195, -15.7954280479949], [23.2003235300108, -15.8312001078648], [23.2175091772534, -15.8361197410139], [23.2144753967573, -15.8651943650796], [23.2397415633554, -15.8902173231651], [23.2365122807074, -15.8982978549393], [23.2150284876811, -15.9035874609186], [23.2298570750941, -15.9228211039756], [23.2224234137101, -15.9420956210501], [23.2412667499943, -15.9540490588716], [23.2381426906088, -15.9696091527133], [23.2576792711707, -15.9680400903072], [23.2500818909278, -16.0022044558013], [23.2319994393674, -16.0134433301053], [23.2533075461787, -16.0184963611071], [23.2464567351072, -16.0408021909056], [23.2549059796492, -16.0650248300926], [23.2756713019079, -16.06588416006], [23.2673164101152, -16.0859089612176], [23.280671640088, -16.085912744377], [23.2954308667813, -16.0996930151947], [23.2759057038066, -16.1619756624021], [23.2787343665839, -16.1850418292016], [23.2528000501455, -16.1959211502283], [23.2403197918358, -16.2437522018491], [23.2372264772909, -16.2164142129228], [23.2035096027952, -16.2026451271172], [23.1850174476, -16.1801769403356], [23.1350382753962, -16.1759695866332], [23.1180280691286, -16.138173239376], [23.1036637741736, -16.1304348704013], [23.1059318289248, -16.1100457839109], [23.0798169286564, -16.0999232211234], [23.0644313246818, -16.0797600477506], [22.961397706595, -16.0803953143624], [22.9442402493844, -16.0703376826688], [22.9060062988904, -16.0724262532439], [22.8919366594334, -16.0659698995753], [22.8884673676028, -16.0744880998603], [22.797561536756, -16.0469163496221], [22.7852780993251, -16.0523988290341], [22.7457458487854, -16.0247462367674], [22.7257424928219, -16.0208415545971], [22.7055482547422, -15.9916421713061], [22.6905958606184, -15.9874615497188], [22.6763969796431, -15.9661326986471], [22.6237370046628, -15.92311898129], [22.548276299263, -15.8143461342392], [22.5278476826408, -15.8030242471541], [22.5000208036466, -15.7344302456949], [22.4617273379685, -15.740119657421], [22.4403900098593, -15.7334643283715], [23.0923379390389, -15.4434762869484], [23.1029873912736, -15.4461006637005], [23.112799725953, -15.4689621469479], [23.1166093337492, -15.4511505682305], [23.2135379400796, -15.4589762883922], [23.3584443233648, -15.4180027811764], [23.4597050497629, -15.5715570422234]]]}}, {"type": "Feature", "id": "109009", "properties": {"name": "Namwala", "province": "Southern"}, "geometry": {"type": "Polygon", "coordinates": [[[27.2106555358321, -15.7387853400229], [27.1860379402927, -15.8333762864073], [27.1807379394052, -16.0193762868913], [27.0878042417546, -16.0461794380693], [27.0808325138526, -16.0868104265981], [27.0868141015805, -16.1095136411741], [27.0665464900066, -16.1249247820036], [27.0594253399335, -16.1693162626225], [27.0351082622977, -16.2220680757884], [26.9983379395911, -16.2507762874118], [26.9374684741299, -16.1818631123001], [26.8241259910653, -16.1841071580197], [26.7945824603092, -16.2058135157407], [26.7629185578346, -16.2112967049172], [26.7233024477664, -16.2430351512559], [26.7157705870471, -16.3495381649408], [26.6556497892218, -16.3318245028203], [26.5860493702405, -16.3301979839985], [26.5253242361976, -16.2922802511534], [26.424364033093, -16.3062929285714], [26.2960999438643, -16.1040133151912], [26.3757665955602, -16.0012347071008], [26.3942366063854, -15.9899766442258], [26.4029470316046, -15.9653239662429], [26.3883436392569, -15.8545667924068], [26.3237661861194, -15.7395065350565], [26.3356026119834, -15.7253224597771], [26.3790028437449, -15.7322773570525], [26.3932398312545, -15.727839059385], [26.3901024651247, -15.7186647528765], [26.4050049551395, -15.7176809490934], [26.4204541059374, -15.7036555179441], [26.4178396329648, -15.6926038031291], [26.4385652649593, -15.6852814255847], [26.4465750545626, -15.6741600647085], [26.488929498213, -15.6723522152449], [26.5664842403205, -15.6416620828707], [26.576894590671, -15.6601774106692], [26.5765856079425, -15.7045021037096], [26.6275440381291, -15.6738854563841], [26.6370512079199, -15.6782791590923], [26.6371462793214, -15.6973403261919], [26.6573490163621, -15.7091697089662], [26.6607715993912, -15.6973632073863], [26.6761256778892, -15.6904071186761], [26.6734874372909, -15.669903580776], [26.695995662779, -15.6896291197095], [26.7018663409086, -15.6851212468167], [26.6942130683871, -15.6654410444255], [26.6992994058826, -15.6594450682652], [26.7048848671129, -15.6760365506627], [26.7206667691632, -15.6813226587083], [26.7489743699036, -15.6657614318515], [26.8224885599317, -15.6640450503819], [26.8319006592193, -15.6518926380228], [26.8125298007593, -15.6118600991911], [26.829547634622, -15.6215427847852], [26.8312826928641, -15.6095938716238], [26.8428814433686, -15.6171478649519], [26.8499405162622, -15.6103492850376], [26.8397440754421, -15.6024287699375], [26.8451393947678, -15.5923331016274], [26.8836909688849, -15.580725907263], [26.8873036938187, -15.5719800130238], [26.8989737436073, -15.5780472304134], [26.9228623527004, -15.5679081229532], [26.938476037129, -15.5787111777699], [26.9402586297243, -15.5650425589618], [26.9508353588452, -15.5747961392374], [26.9647990141667, -15.5664277759711], [26.9732128605949, -15.6135196936234], [26.9869507216747, -15.6218975788848], [27.0033505900804, -15.5987545529073], [27.0433959978364, -15.6022949213787], [27.0582782649775, -15.5879490026855], [27.0839000889697, -15.5974267821771], [27.0837337110976, -15.6142522012134], [27.093644936815, -15.6135883670781], [27.1168899667874, -15.6320604580686], [27.1427257021066, -15.6129016401471], [27.1576044235972, -15.6283066617366], [27.1590304982125, -15.6438249607532], [27.1683349613628, -15.6477661122897], [27.1595355678961, -15.6569905598399], [27.1651210300247, -15.664325393593], [27.1603924780322, -15.6736452020151], [27.1890909815668, -15.6884907188659], [27.1888533044106, -15.7012816220486], [27.1968630940139, -15.7006638329899], [27.1915034270252, -15.7077110935943], [27.2016587851924, -15.7088175318265], [27.1953419470989, -15.7136713306737], [27.2058592526638, -15.7263691413881], [27.2011588511773, -15.7341578568706], [27.2106555358321, -15.7387853400229]]]}}, {"type": "Feature", "id": "104010", "properties": {"name": "Nchelenge", "province": "Luapula"}, "geometry": {"type": "Polygon", "coordinates": [[[29.1094406236343, -9.09686214617466], [29.1260096079771, -9.09964976267942], [29.1504875648971, -9.12399951513676], [29.1564580790925, -9.12460027733904], [29.1557605552406, -9.11733979487088], [29.1710138760014, -9.12086024884992], [29.1680332847534, -9.12936795460324], [29.1792057424347, -9.1265269392411], [29.1753297769868, -9.1341790992341], [29.190390613935, -9.13758010839168], [29.1918408658078, -9.14649160002596], [29.2509825224313, -9.14514873189144], [29.2767283759164, -9.19011280539957], [29.2861425027017, -9.19802192375491], [29.2954279835518, -9.19386827736709], [29.3037704758986, -9.21887964774751], [29.3302222776363, -9.20409499837467], [29.3374445465693, -9.21908918310332], [29.3324136557881, -9.22995423205716], [29.3436696163668, -9.24293795087633], [29.3059614201642, -9.24270768025804], [29.2046149873014, -9.21478995833295], [29.1864562921296, -9.27006020878217], [29.1355453962962, -9.35538825127361], [28.9598053568782, -9.32616609634518], [28.9511538332938, -9.33507840928137], [28.9259122967042, -9.37794813918056], [28.942736884983, -9.62143781095652], [28.9073887112538, -9.77011341923767], [28.8921070818835, -9.76403438827018], [28.8799854409167, -9.77382532296492], [28.8600203828288, -9.77331001714291], [28.8309997470266, -9.76223076399701], [28.8100602028067, -9.74091445740669], [28.7725329174209, -9.72004276212652], [28.7502051940161, -9.72053411557274], [28.7316996215838, -9.70181627397243], [28.706121149389, -9.70959105321063], [28.6617589531122, -9.75097082117302], [28.6410371587206, -9.7499590107981], [28.6184813988792, -9.71793601137566], [28.6312923099769, -9.69858485473133], [28.6070041913309, -9.62326737920185], [28.61166000404, -9.59246168956069], [28.5809043081991, -9.57682978532825], [28.5943331856521, -9.56527530535784], [28.6122779703953, -9.56405655372461], [28.6188854539075, -9.55015779435], [28.6124918817223, -9.54329023866643], [28.5853251431894, -9.56208779192747], [28.5749623271921, -9.55582986996137], [28.5726093016965, -9.48578955265576], [28.5606064997569, -9.47463053308726], [28.5369098777081, -9.47866282500788], [28.5377892933369, -9.45519515877072], [28.5132607927074, -9.44698930440469], [28.5248833090411, -9.39191123580325], [28.5225302826471, -9.35755627825945], [28.4177493847389, -9.28921149111416], [28.3890377316652, -9.26458157766207], [28.3800901251598, -9.24668173359368], [28.5588357909745, -9.14511381388037], [28.669253778089, -9.05891244138361], [28.7630124786151, -8.96109887793125], [28.9413434811963, -9.0747855477173], [28.9605123597529, -9.15224917629713], [28.9923851501755, -9.1505127366189], [29.0501174399497, -9.1728276831392], [29.0601392967876, -9.15377944544215], [29.0690998039988, -9.15115132839375], [29.0828376641804, -9.11799315639871], [29.1094406236343, -9.09686214617466]]]}}, {"type": "Feature", "id": "102010", "properties": {"name": "Ndola", "province": "Copperbelt"}, "geometry": {"type": "Polygon", "coordinates": [[[28.6246988267085, -12.8272914747204], [28.6313899469668, -12.8739016163112], [28.6497700481101, -12.870735754358], [28.6599900122143, -12.8975535709893], [28.6699022152987, -12.9694229931253], [28.6803655401999, -12.9625031600544], [28.6953757669633, -12.9730902840043], [28.7172926593477, -12.9742042902784], [28.7112203956751, -13.0091740717287], [28.7730629423032, -13.0172048820384], [28.7926012440372, -13.0879169880508], [28.7217855167659, -13.0926705463054], [28.6894390249311, -13.1124646098541], [28.6779734586506, -13.1388928940695], [28.6324516119022, -13.0810391794103], [28.6101211935515, -13.108506128172], [28.5834249808863, -13.1154050688956], [28.5914962987984, -13.1326550468048], [28.5751582290943, -13.1691503131865], [28.5102665362872, -13.1020843047032], [28.509667095888, -13.0595145882465], [28.5381351501112, -13.0285126348388], [28.5261518730544, -12.988908798744], [28.5068028795883, -12.9968506611636], [28.4904027901971, -12.9569468756199], [28.4750656682984, -12.9692787666819], [28.4604878096643, -12.9683415636986], [28.4368178828507, -13.0171015697729], [28.3980331195605, -12.9687911834269], [28.4071528845969, -12.9420809640817], [28.3840740186976, -12.951464703807], [28.3403505623171, -12.9112836512954], [28.3437296677848, -12.8875038670191], [28.3468532771143, -12.8700473152261], [28.38188873292, -12.8625166030143], [28.3986193825729, -12.8419464396615], [28.3983721311724, -12.8208924233795], [28.4149379471571, -12.8156688248477], [28.4220258065641, -12.7862539297146], [28.4654595607571, -12.7475914392514], [28.4538779635829, -12.7228332661786], [28.4956433567487, -12.7769963278208], [28.5062865171833, -12.7837500997632], [28.510368825652, -12.7785248312567], [28.5430272916052, -12.8235225857478], [28.5364299895985, -12.8527703666485], [28.5645687591677, -12.8969731867895], [28.5813718301005, -12.8986075448755], [28.6093283539565, -12.8335091492396], [28.6246988267085, -12.8272914747204]]]}}, {"type": "Feature", "id": "101010", "properties": {"name": "Ngabwe", "province": "Central"}, "geometry": {"type": "Polygon", "coordinates": [[[27.9080312599464, -13.9359358361894], [27.8559498359417, -13.9665118726768], [27.840684263957, -14.0021291072583], [27.8316295944394, -14.064985873922], [27.8234232660284, -14.0726496848259], [27.8287841852685, -14.1001943507916], [27.8540489711561, -14.1242140730013], [27.8593048926109, -14.1445096952452], [27.8522651038514, -14.1822326987326], [27.8659500981785, -14.2026957847241], [27.8508580402825, -14.2157880047562], [27.8445696275795, -14.248478277119], [27.9011993961409, -14.2405159678459], [27.9257008520905, -14.2591519131109], [27.9844300517429, -14.2818454125848], [27.9673518663644, -14.326831337072], [27.9829641628959, -14.4005685189567], [27.9625452211293, -14.4715847899933], [27.9708115785609, -14.5067725288844], [27.9670262737863, -14.5433271203468], [27.9549581194099, -14.5396837350983], [27.802969236965, -14.394824314994], [27.283330155904, -14.3896696376892], [27.2820238527673, -14.3805964218575], [27.2717798757973, -14.3825994332442], [27.2680720803604, -14.3736202795775], [27.2567347800277, -14.3964588541357], [27.2362943649326, -14.3834973286815], [27.2323964248961, -14.3696601277732], [27.2262880678137, -14.38766443603], [27.2112429720442, -14.3787545578417], [27.196815839935, -14.3841189456157], [27.1897892887495, -14.372666984113], [27.2035643427771, -14.3683261482777], [27.2211650781563, -14.3375880302416], [27.1748939160867, -14.3030732248535], [27.1653960528422, -14.2645639677045], [27.1325036548093, -14.2238673610987], [27.1057192186, -14.1629960460027], [26.9678774175762, -14.2479370847852], [26.9589512610431, -14.2394675120538], [26.9805224376887, -14.2338316211076], [26.9865724456002, -14.2195356867851], [26.9848566643058, -14.1600489219627], [26.9662457087109, -14.1263654326654], [26.9012645993971, -14.0746694834032], [26.8593511809404, -14.0254294170927], [26.90816635303, -13.9854815651322], [26.9196362626649, -13.8960369463945], [26.9426879886629, -13.8450927731388], [26.9403076175517, -13.8298950177703], [26.9332885753836, -13.819274900758], [26.8796997082635, -13.7999877920081], [26.8671264662371, -13.752807615821], [26.8381188712779, -13.7210923719378], [27.3428890278747, -13.7233077977306], [27.3557929217909, -13.7484616416331], [27.3428918593645, -13.7672425103062], [27.356843436837, -13.7833121258405], [27.3616707136792, -13.801091177347], [27.3547841990668, -13.8083165837405], [27.382533966677, -13.8149515396668], [27.3887211060098, -13.8384753831197], [27.3799073359054, -13.8524447213121], [27.3884225572134, -13.8770875178442], [27.3768205323497, -13.8779688299014], [27.3762188686201, -13.8858159752088], [27.3935886731909, -13.896964052079], [27.4074269713094, -13.9265203648791], [27.4245875016567, -13.9175065982496], [27.4191463583701, -13.9071974636329], [27.4247967767786, -13.8981067611241], [27.4480785972534, -13.8974973192691], [27.4568681379981, -13.8898283286735], [27.4633556550973, -13.8977004673136], [27.4608443581267, -13.8825146191277], [27.4888871768438, -13.8749467188831], [27.4748657679344, -13.8161728107717], [27.4862712441089, -13.7970185555709], [27.5108087108233, -13.7939191792519], [27.5351892238912, -13.807739036054], [27.5360263216836, -13.8227265578204], [27.5516696127874, -13.8271972235979], [27.5675200733619, -13.7693261832932], [27.5958132839898, -13.7433564424315], [27.5966881855844, -13.7040170393584], [27.6030624799235, -13.7000098751807], [27.6130613686362, -13.7105740621508], [27.6246850797292, -13.7096026628841], [27.6179358285905, -13.6754797041954], [27.6434329996589, -13.6495502357003], [27.6656492861544, -13.6514024340427], [27.7187683918731, -13.6880790618944], [27.7442655629415, -13.6861057110098], [27.7734810711766, -13.6948186813592], [27.7952085367153, -13.6823294630065], [27.8051895238011, -13.6845367940861], [27.8341851235563, -13.6492378540789], [27.9351375750984, -13.7834953562445], [27.9063390351738, -13.8211638468484], [27.903760273827, -13.8401524499239], [27.8793591668812, -13.8470656943547], [27.8931014036548, -13.8908923936613], [27.9033304802692, -13.8943553249939], [27.9000640549792, -13.9105359573356], [27.9122342597686, -13.9268576479895], [27.9080312599464, -13.9359358361894]]]}}, {"type": "Feature", "id": "110011", "properties": {"name": "Nkeyema", "province": "Western"}, "geometry": {"type": "Polygon", "coordinates": [[[25.5969320807581, -14.5365432393134], [25.56253438299, -14.5829550903975], [25.5428931981048, -14.5801143840596], [25.5372100576638, -14.6108766641101], [25.5095750049154, -14.6411210358525], [25.5001759653353, -14.6709987431937], [25.4765950328203, -14.6982008036433], [25.4972379389603, -14.7273762866745], [25.4895031946324, -14.7912410092751], [25.4711914633671, -14.7961049438193], [25.4504247541095, -14.8185165506428], [25.4472051103846, -14.8554750682429], [25.4316300777677, -14.872940629665], [25.42993976461, -14.886865391251], [25.4648379389756, -14.9539762849744], [25.4653379385678, -15.0372762867574], [25.4393379391124, -15.0718762866152], [25.4211379394038, -15.0810762864099], [25.4208379389299, -15.1397762858218], [25.4076379387364, -15.1446762871833], [25.3843379399535, -15.1390762864048], [25.3387509006683, -15.1632096829454], [25.3191711147345, -15.1857209994084], [25.3170141447529, -15.2031130132686], [24.7675185679757, -15.0238880026949], [24.8443063123238, -14.8868116189438], [24.869339466717, -14.8927827130126], [24.8762457406725, -14.8695815191135], [24.8998436522447, -14.8461365163994], [24.9038739446652, -14.8206874116298], [24.8931135172552, -14.8030779897529], [24.9085929727191, -14.7879178376235], [24.8766585848175, -14.7289795904261], [24.9108198927152, -14.692741664187], [24.9582902499935, -14.6776885369133], [25.0459475122614, -14.6285459948123], [25.1016283634388, -14.626722016265], [25.1412975962796, -14.6340801948696], [25.1511660630878, -14.6215256517229], [25.1764117220463, -14.6180289630625], [25.1920208645929, -14.6242938238081], [25.2317212941269, -14.6032159838585], [25.2912615952257, -14.5901165509054], [25.3083114998423, -14.5936962962091], [25.3257776801684, -14.5810675034317], [25.4012637027878, -14.5882562900233], [25.4233473799811, -14.5829132960472], [25.5166651846707, -14.5371187191317], [25.56744713004, -14.5371190469543], [25.5912987878322, -14.524598413934], [25.5969320807581, -14.5365432393134]]]}}, {"type": "Feature", "id": "107009", "properties": {"name": "Nsama", "province": "Northern"}, "geometry": {"type": "Polygon", "coordinates": [[[30.7091863270234, -8.2841066942144], [30.5749832652456, -8.51223639723153], [30.378639799746, -8.63999215181703], [30.3779709321518, -8.65890972865552], [30.3346748492677, -8.67556999668917], [30.3308306150105, -8.68729273263686], [30.3517073750769, -8.73524378004416], [30.3507491412649, -8.77883766662207], [30.3606030580605, -8.79285846625884], [30.3537103603439, -8.79990497572314], [30.3497648841576, -8.78787885113901], [30.3346697127009, -8.78735782494255], [30.3251888482765, -8.79664010956214], [30.3124730103768, -8.79194241184034], [30.3057644861582, -8.80486774956954], [30.2930223734347, -8.80120063216773], [30.2870651004067, -8.81284671626156], [30.2561552114422, -8.82123906156182], [30.2177594366364, -8.84886536293167], [30.2278591953757, -8.86834308426118], [30.2202772302232, -8.8677559885922], [30.2199444753773, -8.88196342613655], [30.2320185819908, -8.89997438036419], [30.2614195060938, -8.89328201641035], [30.2789126996588, -8.91079930905947], [30.2677655439257, -8.92636692095854], [30.2454474603422, -8.92836272043397], [30.287041330086, -8.95555146838694], [30.265127302429, -8.96017664071464], [30.2889427653018, -8.98433457673894], [30.2617997916997, -9.00154231074012], [30.2792454500131, -9.0058147717708], [30.2898697125889, -8.99792711089376], [30.3038343587522, -9.0138414212835], [30.2966296599678, -9.0174975061851], [30.2971287863975, -9.02836587757025], [30.3192567253815, -9.0287179819447], [30.3260363952723, -9.05511976109803], [30.3195297036334, -9.04805864205078], [30.3158103729299, -9.05381021089998], [30.3290221293754, -9.06913174503618], [30.330617790645, -9.09187945221416], [30.3438089900435, -9.10596076208685], [30.366745039084, -9.10793210110185], [30.3753252597911, -9.13034358195323], [30.3704052992693, -9.14461110003685], [30.3918915042722, -9.16157650299761], [30.3958037670475, -9.14660357295291], [30.4181075242989, -9.13768860918731], [30.4117614900603, -9.15441968891772], [30.426972961007, -9.16389950219446], [30.4504319032047, -9.15641422295998], [30.4920733073018, -9.17110305022332], [30.5371848296795, -9.16352406827548], [30.5453134619033, -9.17377794691368], [30.5605724681015, -9.17420029895294], [30.5571379033432, -9.18391814565191], [30.51260514574, -9.20848197812167], [30.4980283363382, -9.23582753085203], [30.4834595444003, -9.26811677288861], [30.474258020995, -9.35659319396994], [30.4487933078545, -9.33118589154899], [30.4184983767875, -9.34810356484968], [30.3881230608755, -9.34421046935243], [30.3433918241037, -9.31672300496652], [30.239288407735, -9.31329859807203], [30.0792350130147, -9.24015951303495], [29.9982132410345, -9.23494457261951], [29.9878100466635, -9.24483987838798], [29.9700927899105, -9.24442911236207], [29.8799172822033, -9.21890454662579], [29.8689365968687, -9.22115678566174], [29.8608552492665, -9.24330306942898], [29.8385134878888, -9.2240659566127], [29.8223038871518, -9.22031221621743], [29.8063318512816, -9.22054678869846], [29.7942101447378, -9.23429458127227], [29.755198974555, -9.23529040904515], [29.7506196309345, -9.21417391000536], [29.7583121553424, -9.2040270786902], [29.7500968931859, -9.19012921711744], [29.7222502449672, -9.17732263173588], [29.7006193797625, -9.12917046406286], [29.7140998546489, -9.10181707404274], [29.7077381897243, -9.08426949244321], [29.7184660828497, -9.04603573699024], [29.6901848674258, -9.03286044042794], [29.6653064397555, -9.04432615819495], [29.6315355432736, -9.04703275673296], [29.624353233201, -9.05820139583153], [29.608317865205, -9.05585832227987], [29.5942117451643, -9.06628697974076], [29.5668153074132, -9.05339748725723], [29.5471107886055, -9.05807786630603], [29.5444300648807, -9.02572343894892], [29.52321972801, -9.01573214758002], [29.5314420841623, -9.00149728626006], [29.5430390083919, -8.99878733033252], [29.5455249450237, -8.96129836319619], [29.5553025346645, -8.95824227170933], [29.5605575982282, -8.94528483109123], [29.5361425799719, -8.91265687811926], [29.563089888827, -8.87062158888723], [29.6177112777381, -8.81091183223562], [29.7610821257923, -8.67004921731693], [29.8866452181169, -8.58330414820507], [29.8945980114121, -8.57627727663045], [29.8938642971324, -8.55865429274873], [29.9162598936469, -8.54065332139397], [29.9291476142947, -8.54076049680275], [29.9451709790019, -8.52033650111992], [30.024125011556, -8.51346453508992], [30.0490241867161, -8.52720200771241], [30.0738200421438, -8.51933299414985], [30.1426097926667, -8.52562242228875], [30.1866280958864, -8.50849935173632], [30.17565820381, -8.48812726356695], [30.1436911747243, -8.46822280040296], [30.1370666007638, -8.45047208757099], [30.1606674579118, -8.4218488811047], [30.1692942490798, -8.39367606675309], [30.1971326857984, -8.378148748145], [30.2056376178032, -8.35595152723613], [30.2155114520452, -8.35157002706921], [30.2199584154338, -8.33205842807868], [30.214012098259, -8.30164607785163], [30.4295379404007, -8.27327628567398], [30.4401379385824, -8.28147628626012], [30.464437940143, -8.27197628732694], [30.4989379398522, -8.29327628710564], [30.5370379398592, -8.27897628714276], [30.5640379402956, -8.29717628484883], [30.7091863270234, -8.2841066942144]]]}}, {"type": "Feature", "id": "103006", "properties": {"name": "Nyimba", "province": "Eastern"}, "geometry": {"type": "Polygon", "coordinates": [[[31.1734041978719, -13.9812214228111], [31.0997175762251, -14.0251624169786], [31.1009720196205, -14.042064395419], [31.0693950363362, -14.0592790468437], [31.0369287694296, -14.1019156452642], [31.029956772033, -14.1240673002052], [31.0424899384179, -14.1245099007415], [31.0571937453464, -14.1374616512233], [31.0668937609708, -14.1648809598126], [31.0896855567464, -14.1658057439427], [31.102211553677, -14.1813242176128], [31.13952239808, -14.1780941635881], [31.119219370426, -14.2021959243282], [31.0816820670282, -14.2271974736966], [31.0719509526269, -14.2734734239072], [31.0273219073034, -14.2679479048679], [31.0177868340432, -14.2822886284041], [31.0005005835737, -14.2844301681988], [31.1444161448634, -14.4389699169627], [31.1193135462072, -14.4456879594319], [31.1020211674307, -14.4392411217456], [31.0439669960188, -14.4780453009548], [31.0080662721516, -14.5387162693313], [31.0199650015705, -14.5843728386701], [31.0313526012709, -14.5867684346091], [31.0192590991321, -14.6000492741512], [31.0391262040231, -14.6251158246154], [31.0416534694461, -14.6419611126213], [31.0616609792194, -14.6506549481469], [31.0718402397597, -14.6877357166464], [30.9951798837054, -14.7442955389005], [30.7998082947319, -14.7893020443359], [30.4826365959719, -14.90798476178], [30.3841434828444, -14.9582474499848], [30.215698551356, -14.9979353400974], [30.2143777431224, -14.967976958223], [30.1973561489119, -14.9152036206954], [30.2104787799048, -14.8696807806864], [30.2010253706905, -14.8163103681385], [30.18496111018, -14.8113970325763], [30.1842931148499, -14.7971918975889], [30.1425922270097, -14.7677401193718], [30.0913496004098, -14.7054657673959], [30.0567405470218, -14.6967503347917], [30.0505105535583, -14.6670145037829], [30.0096319853258, -14.6515871290405], [30.0131460312239, -14.6226969750067], [29.9913175680977, -14.6141323292588], [29.9783379399149, -14.5779762863075], [29.9873379397609, -14.5457762874171], [30.00603793996, -14.5281762859293], [29.9955102292092, -14.5190617058596], [30.0217310040187, -14.4934835579764], [30.0146766841112, -14.480338978184], [30.0287187740351, -14.4576563048182], [30.030715279754, -14.4369692317862], [30.0440253190782, -14.4240791188553], [30.0632583220747, -14.4220810847662], [30.0613949170364, -14.3910770312669], [30.0763687099286, -14.3677405797497], [30.1015379393244, -14.3569762863227], [30.1291231553375, -14.3714466486364], [30.1537665819329, -14.3396304590619], [30.1455143576957, -14.3296363342961], [30.1603379387976, -14.3214762869238], [30.1755950441607, -14.2924929706688], [30.2012834189424, -14.2753378882026], [30.2302993008601, -14.2280901649699], [30.2674675817291, -14.2082205947802], [30.2836465265587, -14.1843451403534], [30.3150602356502, -14.185924989081], [30.316330416631, -14.1739395950528], [30.3011752547813, -14.1623461890809], [30.3122558606232, -14.1515859772321], [30.3012947882063, -14.1364696622339], [30.3045360400071, -14.1264338048675], [30.2870499781672, -14.1093629491314], [30.2876655648853, -14.095808617658], [30.2701628662463, -14.095808617658], [30.25785108068, -14.0776865103759], [30.2343755007849, -14.0790905002406], [30.1832982297744, -14.0636784101307], [30.1626011201884, -14.0393074354168], [30.1672097219377, -14.0168547954161], [30.1532840940989, -13.9928178652418], [30.1601387634345, -13.9842776138376], [30.1538164959234, -13.9724434293034], [30.1238689092407, -13.9541339603654], [30.1159494362561, -13.9580898330603], [30.1138364675538, -13.945979803276], [30.0948596793476, -13.9312554866722], [30.8927149036851, -13.9275578598366], [30.8944348010601, -13.9164286268431], [30.9217423783616, -13.8863985604228], [30.947504228147, -13.8953414535886], [30.9444308220654, -13.8581486482862], [30.970464901806, -13.8603054118239], [30.9809145902812, -13.8541195496189], [30.9810208924203, -13.8029589822797], [31.0085556590471, -13.8018660786723], [31.0242958882514, -13.7889479058285], [31.0315251254161, -13.8027239873685], [31.0422022942707, -13.8029063519685], [31.0480859602427, -13.8408593738872], [31.0668229413871, -13.8499684906248], [31.0631488803841, -13.8616962052024], [31.0800580306738, -13.8768702124291], [31.0835136681121, -13.8928051936603], [31.0968823907805, -13.8940429529193], [31.0970625991147, -13.9337108842835], [31.1250376597066, -13.9484900251422], [31.1255215165731, -13.9660491053931], [31.165891131705, -13.9725435420478], [31.1734041978719, -13.9812214228111]]]}}, {"type": "Feature", "id": "109010", "properties": {"name": "Pemba", "province": "Southern"}, "geometry": {"type": "Polygon", "coordinates": [[[27.5827511751925, -16.4975007332398], [27.6696649135779, -16.5699714091263], [27.5627928841137, -16.7488991383963], [27.4528403393008, -16.8920039490306], [27.2724677993537, -17.0816060721697], [27.2546336008153, -17.0584695767221], [27.2766905216878, -16.9830844626334], [27.2709141882226, -16.9747809883596], [27.2445596722336, -16.9744199671376], [27.2315887208781, -16.9664598043127], [27.2623237590607, -16.9159327851165], [27.2821044172753, -16.9013620519725], [27.3012576013655, -16.862113668738], [27.3176017975798, -16.8787352879931], [27.3361735650688, -16.8660125483816], [27.3383721027934, -16.8867895240918], [27.3555352759843, -16.8795294676756], [27.2539775117559, -16.7713109382885], [27.2451652651942, -16.7473037360989], [27.1958447009257, -16.7201589998507], [27.1912129397101, -16.6857157772468], [27.1973886219298, -16.6713574653506], [27.1928855201241, -16.6611889124148], [27.1795048768119, -16.6582923141056], [27.1943651118724, -16.6230366126789], [27.1857448882875, -16.60935171079], [27.1817564277148, -16.5691543775931], [27.1686331050191, -16.5364724506915], [27.1564104035828, -16.5401109019585], [27.1531295729089, -16.5237681682541], [27.1454743016359, -16.5288869853236], [27.1342808799707, -16.5162438787943], [27.1164293008282, -16.4761196738853], [27.1142885337595, -16.4490746067646], [27.3233103172243, -16.5152608428975], [27.3624456687153, -16.5161292885793], [27.3912423006183, -16.5379597411987], [27.3991333760601, -16.5278127457004], [27.4262134873553, -16.5242755980776], [27.4430682347731, -16.507372531774], [27.4555129521368, -16.5128052841034], [27.4613598626407, -16.4981066942251], [27.4724594831222, -16.4944147779081], [27.5179396776858, -16.4931528896786], [27.5224205407983, -16.487083652841], [27.5827511751925, -16.4975007332398]]]}}, {"type": "Feature", "id": "103007", "properties": {"name": "Petauke", "province": "Eastern"}, "geometry": {"type": "Polygon", "coordinates": [[[31.4934976320592, -14.1237193390571], [31.4936597609, -14.2231335972777], [31.5223001110964, -14.2227880067842], [31.5240343860075, -14.2998605087364], [31.4795360743039, -14.2930500829026], [31.4769774361178, -14.4557322889437], [31.5570991599637, -14.542157319146], [31.5970755815974, -14.558001021749], [31.503465578302, -14.6104813472698], [31.4289680636179, -14.6331239598352], [31.2739536570927, -14.6621212236318], [30.9951798837054, -14.7442955389005], [31.0723316532544, -14.6856305679217], [31.0616609792194, -14.6506549481469], [31.0416534694461, -14.6419611126213], [31.0391262040231, -14.6251158246154], [31.0192590991321, -14.6000492741512], [31.0313526012709, -14.5867684346091], [31.0199650015705, -14.5843728386701], [31.0107256572952, -14.5597488090972], [31.0109962145874, -14.5313376365839], [31.0439669960188, -14.4780453009548], [31.1020211674307, -14.4392411217456], [31.1193135462072, -14.4456879594319], [31.1444161448634, -14.4389699169627], [31.0005005835737, -14.2844301681988], [31.0177868340432, -14.2822886284041], [31.0273219073034, -14.2679479048679], [31.0719509526269, -14.2734734239072], [31.0816820670282, -14.2271974736966], [31.119219370426, -14.2021959243282], [31.1403240932671, -14.1762905598945], [31.0982410612067, -14.1799004337067], [31.0896855567464, -14.1658057439427], [31.0649880991816, -14.1636481952974], [31.0571937453464, -14.1374616512233], [31.0424899384179, -14.1245099007415], [31.029956772033, -14.1240673002052], [31.0369287694296, -14.1019156452642], [31.0693950363362, -14.0592790468437], [31.1009720196205, -14.042064395419], [31.0997175762251, -14.0251624169786], [31.1138956279639, -14.0223437033454], [31.1298413521794, -14.0029663531821], [31.1854137479559, -13.9744217940513], [31.2333172638811, -13.9745725271769], [31.2418914362313, -13.9660409439749], [31.2518325012875, -13.9745122341129], [31.2686391169724, -13.9660107958922], [31.4011295613222, -13.9451942550428], [31.4306856559158, -13.9654365187541], [31.4318556567762, -13.9945234832092], [31.4227313929769, -14.0107182383677], [31.4333040733908, -14.0355925512745], [31.4251851519553, -14.0507149960655], [31.4050502287354, -14.0551255213495], [31.3529406003256, -14.0926406379927], [31.3898577939879, -14.099176920066], [31.4045516493796, -14.0913491654216], [31.4171748251594, -14.1007670009905], [31.4577273013505, -14.1019113709433], [31.4934976320592, -14.1237193390571]]]}}, {"type": "Feature", "id": "105007", "properties": {"name": "Rufunsa", "province": "Lusaka"}, "geometry": {"type": "Polygon", "coordinates": [[[30.0069558591786, -14.6478259687703], [30.0505105535583, -14.6670145037829], [30.0567405470218, -14.6967503347917], [30.0913496004098, -14.7054657673959], [30.1425922270097, -14.7677401193718], [30.1842931148499, -14.7971918975889], [30.18496111018, -14.8113970325763], [30.2010253706905, -14.8163103681385], [30.2104787799048, -14.8696807806864], [30.1973561489119, -14.9152036206954], [30.2143777431224, -14.967976958223], [30.2154504591324, -14.9974519272314], [30.1429357607406, -14.985864663975], [30.102552464267, -15.0717295496785], [30.0878379386405, -15.1348762864081], [29.9410276776203, -15.2656374982901], [29.7781497164403, -15.3335341031092], [29.6706012313127, -15.454339128001], [29.3625338654307, -15.6532159012001], [29.3097520887793, -15.6845317202007], [29.3143256104184, -15.6731694114022], [29.2907482172657, -15.6595680768399], [29.2841424836717, -15.6426385352152], [29.189934538367, -15.634320030402], [29.1636132268058, -15.6254139681727], [29.1699178514048, -15.5965218582375], [29.156538781941, -15.5912190711571], [29.1523556285984, -15.573063839386], [29.1183674979212, -15.577963385588], [29.107941836685, -15.5677202621196], [29.0865073683543, -15.5711009053281], [29.0629402519284, -15.5557315139926], [29.0574601558944, -15.5428577900658], [29.0263342849862, -15.5323501512326], [29.0053317428137, -15.5409071501251], [28.953804826376, -15.53186689931], [28.9561244605942, -15.5127911912261], [28.9468375020155, -15.4977252043333], [28.9562420168272, -15.4930805809374], [28.9550239147767, -15.4733279276186], [28.9370803140131, -15.4741611559925], [28.9224438771377, -15.4478572143708], [28.8871188161625, -15.4313311617435], [28.8687800069796, -15.4124061008792], [28.8460916090898, -15.4006195642803], [28.8386076968471, -15.4081827776588], [28.8300406310691, -15.4037105537208], [28.8334241652311, -15.3988767231156], [28.8073870222354, -15.3519144109213], [28.7934265038309, -15.3400268729966], [28.7893090595565, -15.3121912007439], [28.8134182921883, -15.2766447721754], [28.8019281381202, -15.2518798253743], [28.8014010076098, -15.2109247153495], [28.8129821825758, -15.1858926402524], [28.8070797498992, -15.1700595054073], [28.8723067676322, -15.1664816511575], [28.9667089799053, -14.990045083965], [29.1259511779577, -14.9731583167013], [29.2462168781024, -14.8679714932535], [29.3670767787732, -14.9823998932428], [29.5029104714379, -14.9819406936336], [29.5028007359377, -14.8196399148648], [29.5263420581385, -14.8076963720206], [29.5358179171502, -14.8213116933024], [29.5701915256955, -14.8109413068728], [29.5830262062157, -14.8213961460566], [29.582244579392, -14.8039930983725], [29.6085575635705, -14.7795333273738], [29.62765048418, -14.7862383059217], [29.6285661791699, -14.7725424730352], [29.6614603576637, -14.7575678113071], [29.6543994701732, -14.7457420611253], [29.6637979617809, -14.751178626165], [29.7025558807155, -14.7457699108424], [29.7140780273841, -14.7300406683778], [29.7512867998146, -14.7076101096314], [29.7698420966928, -14.7199859302077], [29.8121490050917, -14.6942955028789], [29.8636659807725, -14.6925137279994], [29.8688592061087, -14.6822522397612], [29.8787586153869, -14.6848691737468], [29.8918915823954, -14.6758804469739], [29.8991516227912, -14.6464327767504], [29.909394282831, -14.64922593884], [29.9220607942385, -14.6741811930787], [29.9350913021007, -14.6617230243128], [29.9418371576076, -14.6674082570247], [29.9579556476152, -14.6595573169237], [29.9586414232997, -14.6442037114212], [29.9949850273818, -14.6532789241364], [30.0069558591786, -14.6478259687703]]]}}, {"type": "Feature", "id": "104011", "properties": {"name": "Samfya", "province": "Luapula"}, "geometry": {"type": "Polygon", "coordinates": [[[29.8265158970762, -11.4552731760963], [29.8406291021295, -11.4797455433973], [29.8351457541942, -11.5046935479567], [29.828683236311, -11.5236909326339], [29.8004831594186, -11.5349160560667], [29.8078941841558, -11.5503489008525], [29.8047204883592, -11.5629096063568], [29.7825127142994, -11.5870281228387], [29.7997720395649, -11.5886182528165], [29.792487219142, -11.5983689238092], [29.7872184481854, -11.595121365307], [29.7875762166203, -11.6055152030006], [29.799420975257, -11.6044684107244], [29.7859982791114, -11.6150672700738], [29.7938933682259, -11.6117641737969], [29.8014054579241, -11.6247415661272], [29.7884658326192, -11.6327904856233], [29.7940484030709, -11.634600714361], [29.7889209739394, -11.6419643488294], [29.7814478863959, -11.6402440296322], [29.7844223430489, -11.654054420582], [29.7767428136699, -11.6535550431759], [29.7830125207538, -11.6804556766297], [29.7618723521882, -11.6872211097106], [29.7761611949476, -11.7047227396018], [29.7844482567499, -11.6967188467031], [29.7945984253497, -11.7004203766611], [29.7975485062175, -11.711613330911], [29.7821195612254, -11.7442581742364], [29.7859984938087, -11.7909625804021], [29.7929577557895, -11.7995896466545], [29.7871108363025, -11.8080210176652], [29.794241227345, -11.8168150513668], [29.7835322698075, -11.8397139820903], [29.7949445031095, -11.8740025177068], [29.7882745211081, -11.8891984747735], [29.793126468383, -11.9161859697699], [29.8059730569706, -11.9328453250572], [29.8014096081408, -11.9433793461366], [29.7873389679605, -11.9397052749471], [29.7807790062252, -11.9552383498268], [29.7865070866849, -11.9660040141405], [29.7802531396444, -11.9801725336476], [29.7976928897381, -11.9904896546285], [29.782065447611, -12.0083911030882], [29.7930284253546, -12.0176610287585], [29.7876212114363, -12.017341381311], [29.7874429524462, -12.0330908232552], [29.7975443398312, -12.0450621063819], [29.7912458282677, -12.0640349147392], [29.7998617165831, -12.0646450443755], [29.7998320066017, -12.0762662898957], [29.8106167253553, -12.075278503986], [29.8100522357089, -12.0878289286531], [29.8250854791066, -12.0900658642141], [29.818371026007, -12.0944234771265], [29.8249666382827, -12.1112431937682], [29.8101889027013, -12.1285905028848], [29.8135018158072, -12.1501254278214], [29.7972198117567, -12.1549507017443], [29.7753608984374, -12.1491854299304], [29.7471558475732, -12.1654782670762], [29.7331174272673, -12.1899783073397], [29.7371558772889, -12.2050155752018], [29.7297841026414, -12.1993140439618], [29.7168354214201, -12.2065819079797], [29.7199764383032, -12.218798985828], [29.696643171312, -12.2201146372691], [29.6815150083282, -12.231892563383], [29.6459381864098, -12.2337719687404], [29.6260023451282, -12.2135363137707], [29.6161305779096, -12.2208664359075], [29.6002972886317, -12.1963065927068], [29.5774768401918, -12.1986248387563], [29.5793358102476, -12.1825846713527], [29.5635024778505, -12.1856985604366], [29.5226679082023, -12.1609439034059], [29.4774969685567, -12.1494425444169], [29.442415509127, -12.1536946181621], [29.4250886907392, -12.1267868991422], [29.3957828398343, -12.0060522250822], [29.4162483017562, -11.9891084080682], [29.4960002960991, -11.9581686838077], [29.4705805014177, -11.9396826006952], [29.4642344635859, -11.9216138507304], [29.4709726708365, -11.8968807377736], [29.5005972898183, -11.8513791233183], [29.5156183026534, -11.8010153351993], [29.5128405590813, -11.7472669477809], [29.4915040664053, -11.7245253114021], [29.4868677902571, -11.692858312037], [29.4602239448814, -11.6318951883515], [29.435301969581, -11.5963019794095], [29.4681897341037, -11.588810930349], [29.4415621051155, -11.517469538969], [29.4516516077893, -11.4920037832138], [29.4902270276856, -11.4576816918547], [29.4752680884367, -11.4227095247691], [29.4998065702473, -11.3827660048546], [29.4993397831678, -11.3561011760951], [29.5800379397618, -11.3097762863469], [29.6068379392834, -11.2615762869363], [29.6864398386171, -11.2636421263054], [29.6501329316127, -11.3740610317908], [29.644212702412, -11.4072999495875], [29.6539003500317, -11.4236541816804], [29.7225983205802, -11.4542606929147], [29.7440156778014, -11.4717878203261], [29.8265158970762, -11.4552731760963]]]}}, {"type": "Feature", "id": "110012", "properties": {"name": "Senanga", "province": "Western"}, "geometry": {"type": "Polygon", "coordinates": [[[24.1214715811676, -15.3224866606731], [24.5705409475811, -15.5133682950856], [24.5384189636004, -15.5230511490618], [24.5162250739015, -15.563128399852], [24.4983369485983, -15.5775913813599], [24.4781730205745, -15.5811278522313], [24.4640530422239, -15.6048848019459], [24.4078246292533, -15.6287082470384], [24.3907609220223, -15.6175888597881], [24.3813040848369, -15.6196749087841], [24.3669400333252, -15.6537257283264], [24.3503601847574, -15.6538163609359], [24.3430316082953, -15.6614667326641], [24.3484095128809, -15.6863095679548], [24.3294960909366, -15.7124415046176], [24.3366812962793, -15.7214766736647], [24.335604596241, -15.7806088895754], [24.3160970097032, -15.7956633118776], [24.3136185865804, -15.8188800293329], [24.2727671456728, -15.8670238248333], [24.271408239888, -15.888723855745], [24.2317173100382, -15.9382472376811], [24.1648009663959, -16.003395474741], [24.1331068410019, -16.0196047267677], [24.1140670790977, -16.0439996726792], [24.097210137994, -16.1389429627908], [24.1057851439808, -16.1855805428706], [24.0990302990328, -16.1903052738613], [24.0978369150256, -16.2137231789708], [24.1064278768885, -16.2358112842151], [24.0971874887707, -16.2441529557549], [24.0989401521957, -16.2796948076091], [24.0455869922264, -16.3759893402672], [24.0525332133642, -16.3870095370819], [24.0387296953185, -16.3934770982675], [24.0211195357137, -16.4283693500435], [24.0072681159038, -16.4328165413891], [24.0045237941518, -16.4542026621323], [23.9856270009217, -16.4645771177875], [23.9848646276896, -16.4780021198643], [23.9726021659205, -16.4869988189599], [23.9736282360111, -16.5004655480792], [23.9500414644467, -16.5202089928805], [23.9506488558345, -16.5332520959411], [23.9044005603805, -16.5646361380352], [23.9069105413192, -16.573732085869], [23.8805030373049, -16.6011199280428], [23.877078813952, -16.620446577909], [23.8683748512129, -16.620602088837], [23.8621216398926, -16.6540652942077], [23.847459530963, -16.662060021344], [23.8220287148514, -16.6593972802556], [23.7933466882157, -16.6829754253266], [23.7833457261914, -16.6775651729524], [23.74437736702, -16.6864240038437], [23.7353900711487, -16.6990370692964], [23.7161729683327, -16.6952693083667], [23.6909599092359, -16.7092671158875], [23.6895488418758, -16.7241281388501], [23.6469832213701, -16.7090663587496], [23.6256916678145, -16.67002907539], [23.5987931581406, -16.6756454028321], [23.5754145262276, -16.6666622417559], [23.5717426885549, -16.6530365016289], [23.5836533188547, -16.6547617397553], [23.5847671336873, -16.6461202872853], [23.560405452901, -16.6387277609425], [23.537183844703, -16.6075744153951], [23.4934913784031, -16.5782763931947], [23.4895299822733, -16.5529001973169], [23.4574870033252, -16.5192407697601], [23.4414689126271, -16.4703749086046], [23.4122682104245, -16.4541733590435], [23.4119665696268, -16.4361348886312], [23.384618045318, -16.3801143723907], [23.3661626294213, -16.3786881627859], [23.3226872688577, -16.3398053202732], [23.2988195159505, -16.3359410572177], [23.2895012501859, -16.2983807302662], [23.269352787558, -16.2913368986651], [23.2403197918358, -16.2437522018491], [23.2528000501455, -16.1959211502283], [23.2787343665839, -16.1850418292016], [23.2759057038066, -16.1619756624021], [23.2954308667813, -16.0996930151947], [23.280671640088, -16.085912744377], [23.2673164101152, -16.0859089612176], [23.2756713019079, -16.06588416006], [23.2549059796492, -16.0650248300926], [23.2464567351072, -16.0408021909056], [23.2533075461787, -16.0184963611071], [23.2319994393674, -16.0134433301053], [23.2500818909278, -16.0022044558013], [23.2576792711707, -15.9680400903072], [23.2381426906088, -15.9696091527133], [23.2412667499943, -15.9540490588716], [23.2224234137101, -15.9420956210501], [23.2298570750941, -15.9228211039756], [23.2150284876811, -15.9035874609186], [23.2365122807074, -15.8982978549393], [23.2397415633554, -15.8902173231651], [23.2144753967573, -15.8651943650796], [23.2175091772534, -15.8361197410139], [23.2003235300108, -15.8312001078648], [23.1795850458195, -15.7954280479949], [23.250328942004, -15.688610406221], [23.3402746301189, -15.6690713373068], [23.3750404988129, -15.6728519296041], [23.3879760439698, -15.6627310518162], [23.3892196150553, -15.6402094306808], [23.4196699043608, -15.5941203579331], [23.4597195818093, -15.5715549429001], [23.5659371266053, -15.7325877018865], [23.8767089847361, -15.8126831054269], [24.1214715811676, -15.3224866606731]]]}}, {"type": "Feature", "id": "107010", "properties": {"name": "Senga Hill", "province": "Northern"}, "geometry": {"type": "Polygon", "coordinates": [[[32.1552292270842, -9.05897422419399], [32.1849437907822, -9.09292543976752], [32.1655089372396, -9.1859047127979], [32.1494418209848, -9.20680973111389], [32.1510105031514, -9.2244994334326], [32.1636075038204, -9.26034533777007], [32.2149224537837, -9.31689841510329], [32.2315600020406, -9.32393465613744], [32.2467001701099, -9.35911373920198], [32.2449413442421, -9.37365338943339], [32.2597487619571, -9.37768686309071], [32.2532601183705, -9.42556903011288], [32.26602349242, -9.46268369520743], [32.2589406519005, -9.4785318179739], [32.2231576800992, -9.44833496799754], [32.1563222791556, -9.43161792492213], [32.1220013981241, -9.4385815021233], [32.1057560228793, -9.42221569973532], [32.0895938343247, -9.42524038296959], [32.0717920065776, -9.40735019964544], [31.9985392622299, -9.41698730641653], [31.9334864529833, -9.41126604060893], [31.8148369675618, -9.43771438264901], [31.8035709710049, -9.45975311571703], [31.7686321209232, -9.48256406582701], [31.7610501530756, -9.50211509874919], [31.7411088626135, -9.51533602932213], [31.7031277187018, -9.51833645224456], [31.6913863642392, -9.53969026779507], [31.6516463935613, -9.55492543219122], [31.6236002429928, -9.58961218599531], [31.5853576498075, -9.57986275527457], [31.540507575805, -9.52461850334492], [31.5188074576785, -9.53265842260568], [31.517405150689, -9.59366655516247], [31.4492387420402, -9.58389380241035], [31.4226662022367, -9.59211980566841], [31.406266333831, -9.57339422569118], [31.3494609913439, -9.5455500278561], [31.3171603809623, -9.51889902872056], [31.281413420824, -9.54857362433074], [31.2560055090572, -9.58701080063268], [31.2545081306663, -9.60735262160254], [31.22358605875, -9.62054602825553], [31.1897405329292, -9.66124783575961], [31.1659890750204, -9.66894423194048], [31.1529954798315, -9.59979358289777], [31.1651359324187, -9.56957623593364], [31.137033583246, -9.54804297041883], [31.1154108127603, -9.56256466274232], [31.0895185590368, -9.56462394185977], [31.0630164498466, -9.57815656757741], [31.052956004079, -9.57435129743302], [31.0357715480025, -9.60098268384642], [30.9850866099041, -9.63196147058771], [30.9678112811517, -9.66493480470268], [30.9167342913139, -9.6097962476404], [30.9173598493316, -9.60145659038908], [30.9305685263524, -9.59669982365187], [30.9276913051423, -9.58985298486245], [30.9440911726497, -9.58370103593731], [30.9465273848356, -9.56102574676213], [30.9722762009646, -9.56036317369444], [30.9660170832213, -9.54590805231313], [30.9750188428669, -9.54383081919888], [30.9767126486745, -9.5274494870603], [30.9867798686376, -9.52304333717102], [30.9823500289349, -9.5076588693185], [30.9883395460918, -9.48831913594705], [30.9763207200042, -9.46432299303928], [30.986481507589, -9.46537799121751], [30.9904032161496, -9.45166278456128], [31.0197110406532, -9.46812095785456], [31.0362158915729, -9.46285771384712], [31.0509964918817, -9.47355502525388], [31.0779730858151, -9.47233594820395], [31.093391704673, -9.41463210320122], [31.11108180805, -9.39733089090521], [31.1317282661286, -9.39732719874734], [31.1450566697121, -9.36711118284138], [31.1340151962806, -9.36516198066137], [31.2399539147922, -9.32648937331703], [31.2705432345576, -9.30127569602071], [31.3190310659476, -9.32686671925135], [31.3490153389281, -9.32697109924833], [31.3851534327276, -9.34417512433834], [31.4085295295949, -9.31877971776371], [31.4336489590863, -9.30995201559293], [31.4624735699171, -9.286067467004], [31.4709502166685, -9.27666012113469], [31.4140068785807, -9.27704385710827], [31.400477829092, -9.24742628002327], [31.4292370129258, -9.19707783038831], [31.4434117669491, -9.13518268425943], [31.5234730180067, -9.10929364472633], [31.5859043123871, -9.12768795288711], [31.6260721057191, -9.11161272558736], [31.6595135774099, -9.10828025130363], [31.6827823750081, -9.1181367736217], [31.7088795569058, -9.11623589406084], [31.763688393674, -9.09490310678784], [31.7836772193876, -9.06795955300352], [31.8006950541487, -9.06068350891795], [31.8358401780809, -9.06889611291824], [31.8376423970685, -9.03145703718661], [31.7903917632171, -8.92806604074682], [31.7873850130279, -8.889090694034], [31.8163581153752, -8.88782264010675], [31.9251914437857, -8.92445356262814], [31.9453228779491, -8.91933484705921], [31.9496129900992, -8.94051365616685], [31.9295053226633, -8.98223371329782], [31.9368733809805, -9.01913681667248], [31.9647056193237, -9.05796081975934], [31.9880694910182, -9.07525892327443], [32.0694433028768, -9.04812987562428], [32.1394474067805, -9.06429808034223], [32.1552292270842, -9.05897422419399]]]}}, {"type": "Feature", "id": "101011", "properties": {"name": "Serenje", "province": "Central"}, "geometry": {"type": "Polygon", "coordinates": [[[31.0507839828249, -13.7670793679931], [31.0116873873501, -13.8007406606308], [30.9810208924203, -13.8029589822797], [30.9809145902812, -13.8541195496189], [30.970464901806, -13.8603054118239], [30.9444308220654, -13.8581486482862], [30.947504228147, -13.8953414535886], [30.9217423783616, -13.8863985604228], [30.8944348010601, -13.9164286268431], [30.8927149036851, -13.9275578598366], [30.0984549419306, -13.9321224870775], [30.0730150070205, -13.906765339303], [30.0787513870152, -13.8885956056726], [30.0681188150229, -13.8779937106953], [30.0764138206273, -13.8623258651802], [30.0615113333074, -13.8606413339892], [30.0519272758131, -13.8313157853993], [30.0213982518678, -13.8071697752097], [30.0208444108508, -13.7901339774178], [30.0086723950578, -13.7785181366535], [30.0135453296727, -13.7657400717554], [29.9715809138574, -13.7405747908685], [29.9699826286089, -13.718520140726], [29.9608375795906, -13.710483665988], [29.9584584113235, -13.6695380210411], [29.9265391591362, -13.6558751561221], [29.9316220462027, -13.6474376719406], [29.9202752389994, -13.618818925065], [29.8957601906412, -13.6178916920029], [29.8949196163686, -13.5991395078137], [29.8464549992422, -13.5537345196596], [29.8401083496577, -13.5231222287229], [29.7951856980684, -13.5136151172914], [29.8147347759926, -13.4445066284039], [29.8147695443873, -12.9906264479589], [29.8467105762288, -12.9939521049746], [29.8723554959069, -12.9774872966764], [29.9025293583281, -12.9380313292095], [29.9124288286917, -12.9040220033712], [29.9552504995962, -12.8725469071094], [29.9685980076508, -12.8435526241839], [29.9883129343394, -12.8302097869679], [30.0242119747637, -12.8265013656323], [30.0720251543073, -12.8069862736009], [30.0728932403838, -12.7982545706137], [30.0474871486037, -12.7868479283337], [30.0596673184045, -12.7853925599834], [30.0524777265883, -12.7648580206188], [30.0698428832758, -12.7411017388923], [30.0403292268928, -12.7125224907957], [30.0572930477524, -12.712084812909], [30.0351079256107, -12.6990147711451], [30.041055731294, -12.6853621242481], [30.0344990924269, -12.6811310866808], [30.0244885301071, -12.6891022333704], [30.0169446157932, -12.683395707017], [30.0143068665733, -12.6677164051059], [30.0250353220441, -12.6673741200951], [30.0315736316861, -12.6577598443003], [30.0141587990617, -12.6438517582024], [30.0460756653237, -12.6049655721917], [30.0623129817821, -12.6055401362281], [30.0627468051823, -12.5893308141523], [30.1045795899607, -12.5760238871602], [30.1097544591224, -12.5676764596288], [30.1030612152466, -12.5582096690085], [30.1170054750428, -12.545475829902], [30.1095065618332, -12.5312289159134], [30.1179970695894, -12.523969037061], [30.1273862052435, -12.5309264237271], [30.1316934320964, -12.5259957729727], [30.1123883770276, -12.5120805451399], [30.1278820007201, -12.5078755774246], [30.1288735943684, -12.4906012192884], [30.1485504971677, -12.476835362359], [30.143158713611, -12.4507951069662], [30.1520847641428, -12.4435552702727], [30.1699107089604, -12.451028650345], [30.1705049058932, -12.4671119316369], [30.1997632224449, -12.4853987820118], [30.1963168735866, -12.4952146646464], [30.2047307182182, -12.5073273699673], [30.1989662766507, -12.5219063058358], [30.2136047715665, -12.539674260594], [30.2378451609248, -12.5484666069153], [30.2362225115692, -12.5844733021648], [30.2260395598514, -12.5933772294006], [30.2161049743433, -12.6278911686331], [30.2472002297683, -12.6534504602867], [30.2384246811826, -12.6992956601847], [30.2249136411187, -12.7101822797192], [30.2148465954287, -12.7377359369577], [30.2207079993513, -12.7681932934004], [30.2137869049903, -12.7810792387437], [30.2223637642016, -12.7925759151226], [30.2438224708753, -12.7861817615874], [30.258658120843, -12.7971615229285], [30.2699504353429, -12.8314863418982], [30.2560751302279, -12.8616418180971], [30.2715730829019, -12.8853374799367], [30.282534244252, -12.9267187965948], [30.3010804438913, -12.9447136986471], [30.3214795427716, -12.9438332592391], [30.3498845541265, -12.9570323013448], [30.3758155252388, -12.9929485077497], [30.3949732682792, -13.0060569750847], [30.419986898688, -12.9915155179094], [30.436954399047, -12.9954815352769], [30.4481806640172, -13.0040750264364], [30.4347988403188, -13.0222357127605], [30.4469867643771, -13.0304614671503], [30.4695154400127, -13.0244969072069], [30.5040040751353, -13.065891531136], [30.5351177801596, -13.0724447698722], [30.5334666362432, -13.0895923668572], [30.5445066597938, -13.1124366727634], [30.5168773293137, -13.1651514568475], [30.5390185543808, -13.1857993552829], [30.5283500767266, -13.2422657723625], [30.5345639373459, -13.2605943609084], [30.5533683172894, -13.2727044108267], [30.5612130369677, -13.2989620642053], [30.5758358392138, -13.2976775538488], [30.6100867127385, -13.3475963124158], [30.6302481470391, -13.3470213759674], [30.6527079802829, -13.3582090090802], [30.6610403782609, -13.38465613294], [30.6688010919853, -13.3877375258399], [30.6603934430343, -13.4198899385964], [30.6711734034118, -13.4245091680102], [30.6731921882482, -13.4513215403274], [30.6830297907398, -13.4578517618102], [30.6685203046787, -13.4687172913911], [30.6757688996394, -13.4799478234257], [30.6655012808078, -13.4992761037693], [30.9058148791666, -13.3279092501735], [30.9236388036731, -13.3594120053832], [30.8946231086049, -13.5691540237126], [31.0529658981235, -13.5902940277044], [30.9953588290083, -13.682099083009], [31.0151369081597, -13.6865770143011], [31.0107266571201, -13.7314981885947], [31.0297599143233, -13.7481397668943], [31.0350762313113, -13.7436150422747], [31.0525588786548, -13.7527701489228], [31.0507839828249, -13.7670793679931]]]}}, {"type": "Feature", "id": "110013", "properties": {"name": "Sesheke", "province": "Western"}, "geometry": {"type": "Polygon", "coordinates": [[[24.3974790411466, -16.6962575302207], [24.1807723015802, -17.0051476516785], [24.3599373081561, -17.280463140834], [24.4404205509032, -17.2790920959858], [24.4959707520039, -17.2867130838467], [24.5343409347056, -17.2808994719391], [24.5505686957844, -17.2950590187356], [24.6377278197694, -17.3202254941672], [24.6049987857607, -17.5354138003423], [24.5589533802035, -17.5389559034275], [24.538037938681, -17.508576287925], [24.5109761458312, -17.5134157973655], [24.4511676293481, -17.4791197773039], [24.3872135064064, -17.469656135273], [24.3283831672328, -17.4924924413314], [24.2902016648767, -17.4841610812911], [24.2699585413775, -17.4911117877852], [24.2464389808644, -17.4738311762988], [23.4379978178777, -17.6380729668357], [23.4172134423518, -17.5985622396471], [23.4026165008061, -17.5938434603009], [23.3918399818744, -17.5763683308698], [23.3636760711553, -17.5752201071328], [23.3396854412937, -17.5531539912138], [23.289726256605, -17.5497093188739], [23.2874164580408, -17.5438003542032], [23.2457866673637, -17.5480365745892], [23.2232055669465, -17.5335655197301], [23.2268047336077, -17.524412154597], [23.2103366848685, -17.5176048258524], [23.2113895427209, -17.5065364826501], [23.196258544654, -17.4984321572642], [23.1959342968538, -17.4876327488195], [23.1801376336867, -17.4760322558727], [23.1405677805674, -17.4674758910425], [23.14843177899, -17.4568862901674], [23.125656128635, -17.4448089580718], [23.1077818302007, -17.4217680501004], [23.1214774399195, -17.4237924919776], [23.2405684742526, -17.3253351557107], [23.371113136256, -17.1195932738778], [23.4171374583535, -17.0228735308615], [23.4282325064102, -16.9672609681191], [23.4794852938542, -16.9327604610703], [23.5999799988193, -16.9220184723288], [23.6063973368336, -16.9162199847883], [23.6061596587791, -16.8774451220623], [23.6921058729759, -16.7260410639572], [23.6909599092359, -16.7092671158875], [23.7168963726479, -16.6949941808139], [23.7353900711487, -16.6990370692964], [23.74437736702, -16.6864240038437], [23.7833457261914, -16.6775651729524], [23.7933466882157, -16.6829754253266], [23.8220287148514, -16.6593972802556], [23.847459530963, -16.662060021344], [23.8621216398926, -16.6540652942077], [23.8683748512129, -16.620602088837], [23.877078813952, -16.620446577909], [23.8805030373049, -16.6011199280428], [23.9069105413192, -16.573732085869], [23.9044005603805, -16.5646361380352], [23.9506488558345, -16.5332520959411], [23.9500414644467, -16.5202089928805], [23.9736282360111, -16.5004655480792], [23.9726021659205, -16.4869988189599], [23.9848646276896, -16.4780021198643], [23.9856270009217, -16.4645771177875], [24.0045237941518, -16.4542026621323], [24.0072681159038, -16.4328165413891], [24.0211195357137, -16.4283693500435], [24.0387296953185, -16.3934770982675], [24.0525332133642, -16.3870095370819], [24.0455869922264, -16.3759893402672], [24.0989401521957, -16.2796948076091], [24.0949147987126, -16.2598053415829], [24.1064008268186, -16.2363078896222], [24.1036125513982, -16.2261684021175], [24.4522510227335, -16.5514883710931], [24.3974790411466, -16.6962575302207]]]}}, {"type": "Feature", "id": "110014", "properties": {"name": "Shangombo", "province": "Western"}, "geometry": {"type": "Polygon", "coordinates": [[[23.0305980276269, -16.0806053281531], [23.0229239950392, -16.0971231661493], [23.0649539699039, -16.2717461837416], [23.0408427223508, -16.2913925428325], [22.9710426033903, -16.280411000923], [22.9304973253996, -16.2869759856072], [22.9066777599209, -16.2780143783193], [22.8640694640493, -16.2876173899027], [22.8167278021135, -16.2750932968152], [22.7491213520087, -16.2752893419645], [22.6830550724418, -16.2459982715986], [22.638141254885, -16.2397325139378], [22.6457412061063, -16.3691040898373], [23.027893968366, -16.6466659532083], [22.6088867193424, -16.7153930641947], [22.6241144812367, -16.7898469208216], [22.6501547539629, -16.7938968210438], [22.6589101883712, -16.8096960627748], [22.6740737171295, -16.8174224514066], [22.673834742806, -16.8401326043095], [22.6825891091174, -16.8456619877072], [22.6797098550199, -16.8676676081209], [22.69057835964, -16.8709509257077], [22.6891466148587, -16.8868407301521], [22.6979558269115, -16.8935546491352], [22.6948678887835, -16.9090279028709], [22.7222341790737, -16.9188149962764], [22.7302920887318, -16.9123691756398], [22.7402860367105, -16.928240998059], [22.7502452082096, -16.9298517769137], [22.7542961672715, -16.9402160752996], [22.7475004876056, -16.9440804773011], [22.7766609803178, -16.9784480500831], [22.7957569902335, -17.0214540608797], [22.8357071846542, -17.0346485761307], [22.841240013592, -17.0428950872978], [22.8830555318523, -17.0503922591853], [22.8843467298175, -17.0621030957673], [22.8962711088327, -17.0686837019379], [22.8933359956942, -17.0752599851234], [22.9025600668131, -17.0826410067187], [22.8920470480088, -17.1119408501639], [22.89986739819, -17.1206462183225], [22.8863786543115, -17.1367247823072], [22.8960666468842, -17.1499240639897], [22.8834035742277, -17.1649018305883], [22.8970644011787, -17.1618868348957], [22.8987052288423, -17.1721539097518], [22.907109993303, -17.1720002038027], [22.9035047369626, -17.1842036199031], [22.9153577466251, -17.1853417330859], [22.9239238143748, -17.2099751450274], [22.9320157576058, -17.2133084566829], [22.9284712094122, -17.2263728816591], [22.9397864354434, -17.2240814613478], [22.9435087916727, -17.2382767649603], [22.9611242082186, -17.2377725314011], [22.9694338545654, -17.2508044601836], [22.9656370477619, -17.2588600191034], [22.9183379408178, -17.2379762870229], [22.8739847627282, -17.1977933473395], [22.8311761712943, -17.189827204682], [22.800257265041, -17.1658175697297], [22.7966273571325, -17.1528746007055], [22.8065436619245, -17.1501966839099], [22.7929995791296, -17.1257559170377], [22.7332934436394, -17.0790434747175], [22.7321814982009, -17.0651229418331], [22.7163089049344, -17.0595327744264], [22.7198718326586, -17.047329554681], [22.685132092363, -17.032974028404], [22.6924455088564, -17.0186220411851], [22.6756793757498, -17.0131488726496], [22.6163871057891, -16.9584000517072], [22.608737940365, -16.9379762857794], [22.4900379390819, -16.837676287132], [22.3666379387575, -16.7099762859002], [22.3239379392684, -16.6467762871798], [22.2817379393715, -16.619676286427], [22.2583379392328, -16.5833762866113], [22.2241379390992, -16.569976286749], [22.189337938916, -16.5409762873329], [22.142837940011, -16.4806762868755], [22.1351808235983, -16.4080650781668], [22.1274615060388, -16.386329508585], [22.1182861352864, -16.3834074763734], [22.1270452968047, -16.3728900897901], [22.1222793308789, -16.3532072230529], [22.111983469913, -16.3334724251399], [22.0908842806941, -16.3208493348288], [22.1002886948945, -16.3096991870235], [22.0710326870132, -16.2900945208613], [22.0814704018438, -16.2802282221215], [22.0719913403383, -16.2754672610441], [22.0808301222352, -16.2599934896278], [22.0605488787269, -16.2608174721451], [22.0448102063029, -16.234889234873], [22.030687739619, -16.2343291496268], [22.0283820355759, -16.2176805788643], [22.0012845023541, -16.2080535211558], [22.0010731197846, -16.1921305322192], [22.4403900098593, -15.7334643283715], [22.4617273379685, -15.740119657421], [22.5000208036466, -15.7344302456949], [22.5278476826408, -15.8030242471541], [22.548276299263, -15.8143461342392], [22.6237370046628, -15.92311898129], [22.6763969796431, -15.9661326986471], [22.6905958606184, -15.9874615497188], [22.7055482547422, -15.9916421713061], [22.7257424928219, -16.0208415545971], [22.7457458487854, -16.0247462367674], [22.7852780993251, -16.0523988290341], [22.797561536756, -16.0469163496221], [22.8884673676028, -16.0744880998603], [22.8919366594334, -16.0659698995753], [22.9060062988904, -16.0724262532439], [22.9442402493844, -16.0703376826688], [22.961397706595, -16.0803953143624], [23.0305980276269, -16.0806053281531]]]}}, {"type": "Feature", "id": "101012", "properties": {"name": "Shibuyunji", "province": "Central"}, "geometry": {"type": "Polygon", "coordinates": [[[27.7503670766581, -15.2980905853308], [27.7829154352086, -15.3124958082538], [27.7754285378642, -15.3232698864185], [27.7913233383828, -15.351864346196], [27.7843415107221, -15.3580239627549], [27.8084659554251, -15.3913400377158], [27.8368389148906, -15.3928581836282], [27.8619437871828, -15.377504344807], [27.9023456078159, -15.3729322829923], [27.9115184255563, -15.4061053576923], [27.9330330820009, -15.3847222698028], [27.9593450429982, -15.454771910847], [27.9605096701365, -15.5838039449626], [27.789761638821, -15.5788895179096], [27.7915911360505, -15.5888458853792], [27.7691370349566, -15.6261537711413], [27.790877688662, -15.6462897341933], [27.7913530492626, -15.6575041601144], [27.7691300397755, -15.6571608688547], [27.7548692837417, -15.6417122452545], [27.7211188293224, -15.6738669576579], [27.7059073583758, -15.657046440325], [27.6719192250036, -15.676155356203], [27.6728699408149, -15.6515537237864], [27.6527860436998, -15.6441154396518], [27.6405455637058, -15.6262624518351], [27.6597975822402, -15.6102392159426], [27.6643134877337, -15.5960461600418], [27.6520257267113, -15.5912881405782], [27.6555193556996, -15.5619330302812], [27.6268790064015, -15.5414395378273], [27.6262848085704, -15.5157911783321], [27.6130936109684, -15.5202569711716], [27.5975256193467, -15.5178523250988], [27.5922966760965, -15.5081189499858], [27.568528750272, -15.5069738158426], [27.5587838997317, -15.4899105843489], [27.5673403519146, -15.4735331358409], [27.5558835999037, -15.4754320242852], [27.4654889787256, -15.4137246782705], [27.4684145005518, -15.3819833178792], [27.557252035017, -15.3851209841012], [27.594433043217, -15.3785172000205], [27.5829243685827, -15.3258773188685], [27.5644482689765, -15.3033643330807], [27.5535435317077, -15.2623511843455], [27.5095570153743, -15.1796531961518], [27.5037265979391, -15.1285945119366], [27.5114011704144, -15.1259009948148], [27.5105227725768, -15.0916240193701], [27.4838316425794, -15.0486575821138], [27.5557524431773, -14.9874506343109], [27.5672301088663, -15.0127246180866], [27.59036135014, -15.0172481360856], [27.6080395957552, -15.0529232072267], [27.6060386999694, -15.0749410891454], [27.6155374597326, -15.0902057672916], [27.6253000735593, -15.0910549510044], [27.6319623983212, -15.131514675779], [27.6580400113188, -15.1603369878274], [27.6736953748817, -15.2105013551801], [27.7088319899715, -15.2313996562503], [27.7159780494291, -15.2556475677604], [27.7365586942351, -15.269944673725], [27.7503670766581, -15.2980905853308]]]}}, {"type": "Feature", "id": "106007", "properties": {"name": "Shiwang'Andu", "province": "Muchinga"}, "geometry": {"type": "Polygon", "coordinates": [[[32.3884755132015, -10.8370254961043], [32.3666323132131, -10.9195311987991], [32.3312328061554, -10.942458852361], [32.3237997942533, -10.9636883453058], [32.3709359090757, -11.0310439926082], [32.2834123439698, -11.1089897660945], [32.2620670567872, -11.1539119490852], [32.2694342167891, -11.1968751217782], [32.2441189231247, -11.2252886919652], [32.2368803812103, -11.264486839118], [32.2273391832365, -11.2485853618762], [32.1838914413763, -11.223501265064], [32.1610768032397, -11.1974836293474], [32.1217139111821, -11.1937006302339], [32.0733224106316, -11.2049851592775], [32.0541179444167, -11.1987366768865], [32.0275929425598, -11.2024670660151], [31.955528700774, -11.1540608332461], [31.9627026403448, -11.1773559912478], [31.9514365862956, -11.213658395009], [31.9784606337339, -11.2554110817793], [31.9773910447594, -11.2749215462554], [31.9658398061503, -11.2924728203244], [31.9957160333617, -11.3177140853844], [31.970474496772, -11.3237268569075], [31.961846711169, -11.3415547917828], [31.9485128188791, -11.3929349835601], [31.9497249336583, -11.4209630019789], [31.9337528187364, -11.4642926068976], [31.9384588427782, -11.4779191120827], [31.9491490174414, -11.4822331168723], [31.9393011121718, -11.4957707498978], [31.9253968750165, -11.4973778339445], [31.8748424998581, -11.4917879408233], [31.8241897897189, -11.4703094798799], [31.8081226716674, -11.4771110197832], [31.8131647321009, -11.5001727402311], [31.793556194688, -11.5338491667095], [31.7936988022394, -11.5464243907294], [31.8133786434279, -11.5530610881181], [31.8376219280564, -11.5983261492197], [31.8085299866819, -11.6356223976399], [31.8102412772981, -11.6458186288759], [31.7965509532665, -11.6648133496602], [31.7792241348787, -11.6548273164336], [31.7796519602276, -11.6264035638974], [31.7615407994091, -11.6132033409848], [31.7204698237208, -11.6171844240745], [31.6838836197149, -11.561272486608], [31.6607885652758, -11.5722716918884], [31.6377574457321, -11.5677311209088], [31.6185582463397, -11.5861399880195], [31.5664211321773, -11.5904764791705], [31.592105119587, -11.5468701730663], [31.5283952485711, -11.5148125929543], [31.5109971264076, -11.490567128432], [31.5080736653166, -11.4406722066923], [31.5155605581695, -11.4169795192966], [31.5020841391766, -11.373432936086], [31.4885714623823, -11.3684702938018], [31.4518992617559, -11.3863043319673], [31.4405619614232, -11.3841374103476], [31.4404193538719, -11.3949718480923], [31.4286542308852, -11.3939233738325], [31.4070502998677, -11.4072032392152], [31.3905429848692, -11.4060150190107], [31.3846960725687, -11.3958100863136], [31.3968177108405, -11.3700165287615], [31.3992420374169, -11.3200305063335], [31.4174196762615, -11.2928793612935], [31.4073585208248, -11.2818505607016], [31.3752500493026, -11.2724099953529], [31.3541032071528, -11.210300958259], [31.3659529217949, -11.1854950768049], [31.3626898912383, -11.1278951753443], [31.3701767867861, -11.1139022015791], [31.3660008891361, -11.0987757189729], [31.3565887916451, -11.0957669863696], [31.3572305238295, -11.0816325238768], [31.3215786368894, -11.06840708819], [31.2822189518173, -11.0788335397248], [31.2445705582599, -11.0633686689675], [31.2213968338598, -11.0670075379952], [31.2177603413003, -11.0558808612245], [31.1939448784276, -11.0588900039199], [31.171843481067, -11.0299294543531], [31.16731879544, -11.0334823137208], [31.1409110803215, -11.0129720237729], [31.1324846637675, -11.0177468229427], [31.1265966167119, -11.001908793039], [31.1242108736753, -11.0067540538243], [31.1110481499729, -10.9994861323303], [31.1082510701643, -10.9742085188321], [31.1007647719962, -10.9720279206902], [31.1508990338423, -10.9256272319964], [31.1591227383659, -10.9007254930219], [31.1851486173863, -10.8796729140986], [31.1778043266949, -10.8601594383966], [31.1534897409857, -10.8432825199369], [31.1499007827794, -10.8262412371077], [31.1775904171645, -10.8166229902081], [31.1947983938301, -10.829229368127], [31.2131710021257, -10.8136347326316], [31.1882622158903, -10.7854082496901], [31.1729081373923, -10.7882100042476], [31.1649696488697, -10.7999537416009], [31.1561042139583, -10.7970820550511], [31.1578155036762, -10.7778667312753], [31.1365907470486, -10.7673596560617], [31.1444103947472, -10.7521821216369], [31.2073240934184, -10.7214978254315], [31.2367963221955, -10.730068259316], [31.2538141560582, -10.7212175909461], [31.274872535712, -10.7420944806586], [31.3196275419063, -10.7114558665949], [31.3054856266965, -10.6693460688766], [31.3221231749534, -10.6547242213085], [31.3430389479542, -10.6589753747391], [31.3292535534193, -10.6295430968686], [31.4278191408274, -10.6002014337235], [31.4614032200696, -10.5630764629124], [31.4807027729573, -10.5663709291527], [31.4972653586003, -10.5882524621133], [31.5050953288399, -10.587710916243], [31.5260305791127, -10.5644082848622], [31.5576832760025, -10.5741173387255], [31.5833187840313, -10.5664154736062], [31.5807532521738, -10.5581721299896], [31.5892008006964, -10.5490072633677], [31.6002302888054, -10.5432640812452], [31.6058561697319, -10.5502914829207], [31.6128939588416, -10.5355882669711], [31.6278309396717, -10.5348927177532], [31.6344524818181, -10.5246806393504], [31.6676639596433, -10.5273649762504], [31.672203380336, -10.5374363083496], [31.7136587424394, -10.5115832650623], [31.7459923407549, -10.5256139566826], [31.8005835238145, -10.5225177311274], [31.8194544204116, -10.5144004480017], [31.8400944618242, -10.518227191837], [31.8371815092254, -10.5418492069858], [31.8013406032747, -10.6013608574068], [31.8146373044135, -10.6859018871882], [31.7927212699202, -10.7007628889092], [31.8129071437864, -10.7424224782635], [31.8411559497915, -10.7717295178289], [31.8878697971415, -10.780144910675], [31.9448284937257, -10.7292743925787], [31.9820724298096, -10.7140004948759], [32.0241485142996, -10.6276863990953], [32.0401977433004, -10.6815037121606], [32.0247463610875, -10.7309485231529], [32.0261913317647, -10.7876284680413], [32.0467453630821, -10.8162537112711], [32.1424965161285, -10.8325723708068], [32.1992172840283, -10.8084856681941], [32.246996378795, -10.7990157846194], [32.268609610969, -10.8498215587953], [32.3102309260413, -10.8528701830146], [32.3188066372056, -10.8421489666284], [32.3564294458455, -10.8369106310188], [32.3654525108347, -10.8291987711136], [32.3706003200451, -10.837486305032], [32.3884755132015, -10.8370254961043]]]}}, {"type": "Feature", "id": "109011", "properties": {"name": "Siavonga", "province": "Southern"}, "geometry": {"type": "Polygon", "coordinates": [[[28.841737809081, -16.2366554019182], [28.8564709253422, -16.2467483066849], [28.8223643131673, -16.3003086686237], [28.8202253642887, -16.3175885212924], [28.8416761702794, -16.3311601837874], [28.8397749937784, -16.3575599162264], [28.851837467209, -16.3758037402199], [28.840132066019, -16.4115456143671], [28.8203453971769, -16.4345721077741], [28.8234950558531, -16.4727532468027], [28.802341773681, -16.5005867711285], [28.7721564981641, -16.5154564448773], [28.7385287042052, -16.5485513032632], [28.6307879508607, -16.5690648390195], [28.3971915418698, -16.6653398682365], [28.3572379158848, -16.6126769301955], [28.3037600859236, -16.5598866836761], [28.2945500132518, -16.5351380530742], [28.2775202955762, -16.5242863839245], [28.2820362001713, -16.5185669421616], [28.27084150739, -16.5095430907874], [28.2405845894325, -16.5044843650603], [28.2327605381923, -16.4849532427157], [28.2184760163295, -16.4980347946188], [28.2074476969287, -16.4894885839261], [28.200531230688, -16.4930666432543], [28.187791623366, -16.4830387961814], [28.1928066543908, -16.4794377602244], [28.1718671137642, -16.4764976253525], [28.1502383021083, -16.4556874820039], [28.1277736583862, -16.4560986589734], [28.1229059780174, -16.4472724785739], [28.1193095377431, -16.4573071491066], [28.1064074871699, -16.3345031207102], [28.4040203585899, -16.2436751320049], [28.466389575791, -16.1529914580354], [28.591053890199, -16.3106097122643], [28.6294390900374, -16.2935688956314], [28.6325051523915, -16.2833938865735], [28.6634628748482, -16.2689517692838], [28.6780088450863, -16.2450845797055], [28.6959298613053, -16.2374857188702], [28.7143262336333, -16.2404750961757], [28.7237858690709, -16.2332411835897], [28.7656887197465, -16.2520442415862], [28.7754098008644, -16.2474349212145], [28.7871749247494, -16.2536186888952], [28.8167659925537, -16.2384213323143], [28.841737809081, -16.2366554019182]]]}}, {"type": "Feature", "id": "110015", "properties": {"name": "Sikongo", "province": "Western"}, "geometry": {"type": "Polygon", "coordinates": [[[22.4999182681434, -15.7069431626091], [22.4400885253685, -15.7335986763842], [21.9992741994107, -16.1940222426306], [21.9994247399843, -14.7046294803533], [22.0051965091096, -14.7040803558054], [22.0002031661106, -14.449818299271], [22.0492628048233, -14.4464412972742], [22.0829669816325, -14.462015900332], [22.1180553760562, -14.4563441488472], [22.1512416875787, -14.481960515076], [22.1535584301201, -14.4744726182158], [22.1654142811539, -14.4753600310079], [22.1927282688332, -14.4956498870051], [22.2081283922778, -14.5127433402073], [22.2096947208583, -14.5259371183572], [22.201434487242, -14.5354504567449], [22.2098916136022, -14.5406321893086], [22.209880592172, -14.5513401997803], [22.2304954591971, -14.5605149106148], [22.246001808424, -14.5539492441153], [22.2538048624427, -14.5771713016535], [22.2665229084014, -14.5870893647814], [22.261788422138, -14.6000156049904], [22.2864237737773, -14.6035256022602], [22.295448728822, -14.6153978262259], [22.3041411023956, -14.6104882092594], [22.3269853418174, -14.6158023247545], [22.3281728104185, -14.6302808551379], [22.3426098096227, -14.6409817222623], [22.3463038356829, -14.6574547850515], [22.3672074922072, -14.6611004567541], [22.3872703453885, -14.6776615153532], [22.4001756936771, -14.674445422721], [22.4248874614044, -14.7216982893845], [22.449672207367, -14.7375373479256], [22.441995168118, -14.7644982459844], [22.4474855579468, -14.7742888446372], [22.4896260893719, -14.7981429625785], [22.4966138602866, -14.7892726628535], [22.5113975112741, -14.7952934767548], [22.525754514604, -14.8241444986668], [22.5510602349224, -14.8327934033319], [22.5469721502864, -14.8413632484207], [22.5610902987687, -14.8464406634058], [22.5661528668418, -14.8641072967506], [22.5609714597415, -14.867897740646], [22.5682919801121, -14.8818413999946], [22.5622311609762, -14.8834263709206], [22.5736159947638, -14.8962894783859], [22.5747250799664, -14.9249630807633], [22.5903846566279, -14.9329035786523], [22.6083566953584, -14.9214033079963], [22.6244085528298, -14.945947033771], [22.6252011543713, -14.9531906404187], [22.599304542022, -14.9505517260224], [22.5972700690075, -14.9748720791105], [22.5752990657037, -14.9748621296937], [22.579608681177, -14.9628084636835], [22.5697298576918, -14.9562699674216], [22.5350451383091, -14.9684725907931], [22.5284559912085, -14.98275241013], [22.4938108129695, -14.9669519497674], [22.4622647883248, -14.992797772774], [22.404450607231, -14.98443602236], [22.3991255370589, -14.990243037634], [22.4247307745576, -15.01765220589], [22.4229984696519, -15.0403083160775], [22.4512352957243, -15.0411625631688], [22.4631287888634, -15.0496938137685], [22.4559223410592, -15.0745731450928], [22.4612422153757, -15.0902122679959], [22.4308454944072, -15.1048886597266], [22.4831963941325, -15.2156361980992], [22.5250590110632, -15.2709433006243], [22.4544987125564, -15.3920541158426], [22.5147690286726, -15.4209895103864], [22.5243900662139, -15.4594647662749], [22.5150624669534, -15.4921582658145], [22.5348203843166, -15.5105009156143], [22.5491662611133, -15.5444396386921], [22.5432337744006, -15.5648092340703], [22.5109856058686, -15.5849851636633], [22.5147409356587, -15.5974849337146], [22.4940628443056, -15.6336979192861], [22.4962019557793, -15.6567225680551], [22.5065172347284, -15.666563327599], [22.5043781223564, -15.6809345590499], [22.5111282134199, -15.6833144120572], [22.4999182681434, -15.7069431626091]]]}}, {"type": "Feature", "id": "109012", "properties": {"name": "Sinazongwe", "province": "Southern"}, "geometry": {"type": "Polygon", "coordinates": [[[27.81195709608, -16.9883241535844], [27.6303100102382, -17.2453758997926], [27.6216941371941, -17.3316134775743], [27.5523379395958, -17.4106762848354], [27.3315379410974, -17.5878762868511], [27.1439588401583, -17.8070586620588], [27.1521969042517, -17.8379447363028], [27.0829049820103, -17.9018499611306], [27.0414893712566, -17.9625101833666], [27.0182562250971, -17.9544836481114], [26.9858130089607, -17.9700276610608], [26.9629957998457, -17.9661276583429], [26.8962079296622, -17.9894077186904], [26.8775263404348, -17.9843212942192], [26.8672348273149, -17.9940192802222], [26.8380240469131, -17.9916004848378], [26.8196506121675, -17.9654750419656], [26.8200000298636, -17.9278004117491], [26.7913220788844, -17.9084204671265], [26.7941148117453, -17.8841062248978], [26.7804620938864, -17.8743430732524], [26.7529962999072, -17.8806001760703], [26.7402210402481, -17.8609763302874], [26.7290501150926, -17.8579222798911], [26.727800164172, -17.8334454043632], [26.7384978649206, -17.8029970023397], [26.710427945828, -17.75481174396], [26.955772355018, -17.7538497173159], [26.9853392320899, -17.6440495519584], [27.0060767452024, -17.6147722638134], [27.0155601473674, -17.5815818206724], [27.0221790897894, -17.5813045813088], [27.0227380601867, -17.568258618775], [27.0398985016008, -17.5490651377722], [27.0557682597843, -17.5448546543676], [27.0732105808564, -17.5274108417617], [27.0673877182527, -17.4645298169398], [27.0740427388131, -17.4144171652472], [27.1309803519376, -17.2702100706942], [27.1825568526841, -17.1850789441284], [27.2263951380124, -17.1313981007337], [27.4083017857674, -16.9381622122835], [27.4158777438857, -16.9434253329948], [27.4686425378867, -16.9316475983612], [27.4784349227802, -16.9447667678129], [27.5076219346579, -16.9280322766835], [27.5262322201096, -16.9326935281035], [27.5248536807459, -16.922893398375], [27.5455317747939, -16.9186866904019], [27.5528998322128, -16.929123702725], [27.5802091791954, -16.9278048950678], [27.6240847688625, -16.9637731585784], [27.6347565657917, -16.9592945541037], [27.6415066568552, -16.9667512598692], [27.6565081088749, -16.962819857832], [27.81195709608, -16.9883241535844]]]}}, {"type": "Feature", "id": "103008", "properties": {"name": "Sinda", "province": "Eastern"}, "geometry": {"type": "Polygon", "coordinates": [[[31.7993282207315, -13.9756275848113], [31.796952205551, -13.9812942483267], [31.8014205757929, -13.978757218645], [31.8057231772204, -13.9834469447808], [31.7991621132523, -13.9938313684901], [31.8130442258005, -13.9980695899872], [31.8207993538005, -14.0348438327555], [31.8107457289409, -14.0384109469129], [31.8006175358278, -14.0623530770224], [31.8055609172256, -14.0681588972289], [31.7974769663057, -14.1083802651897], [31.83711799025, -14.138240526344], [31.8428040672837, -14.1533065983453], [31.8823242202115, -14.1718749993681], [31.8935242022732, -14.1856606720347], [31.9193556571201, -14.1909691179864], [31.9485463377173, -14.1793456620769], [31.9903784200132, -14.2063691438247], [32.0005656602882, -14.2028418169802], [32.0112756041759, -14.2106412854489], [32.0326135090034, -14.2410744493669], [32.0351710916691, -14.2684068789827], [32.0439880193518, -14.2723857864165], [32.0610391501688, -14.2651119065914], [32.0499238271361, -14.278556157049], [32.0565494952446, -14.2862350128369], [32.0503943098847, -14.3082478850304], [32.0228060764306, -14.288222990685], [31.9890638523759, -14.314217986848], [31.9905815829979, -14.3309766124114], [32.0137019789111, -14.3380047832333], [32.0165993178919, -14.3610405733878], [32.047461099378, -14.3614247713267], [32.0806275428614, -14.3804913298229], [31.9488164593266, -14.4164472717065], [31.8265507590166, -14.4773875645971], [31.6853589929746, -14.510468021177], [31.5975343970271, -14.558288346098], [31.5757191849497, -14.554123466297], [31.5116129907051, -14.5002520228565], [31.4769774361178, -14.4557322889437], [31.4795360743039, -14.2930500829026], [31.5240343860075, -14.2998605087364], [31.5223001110964, -14.2227880067842], [31.4936597609, -14.2231335972777], [31.4934220801506, -14.078285058184], [31.5466622347521, -14.0781697876727], [31.5465433939282, -14.0569590773648], [31.5853795660055, -14.0548910581723], [31.5848084970979, -13.9593081078427], [31.7035198045772, -13.9580232012529], [31.7034484217498, -13.9785817429535], [31.7993282207315, -13.9756275848113]]]}}, {"type": "Feature", "id": "110016", "properties": {"name": "Sioma", "province": "Western"}, "geometry": {"type": "Polygon", "coordinates": [[[23.2403197918358, -16.2437522018491], [23.269352787558, -16.2913368986651], [23.2895012501859, -16.2983807302662], [23.2988195159505, -16.3359410572177], [23.3226872688577, -16.3398053202732], [23.3661626294213, -16.3786881627859], [23.384618045318, -16.3801143723907], [23.4119665696268, -16.4361348886312], [23.4122682104245, -16.4541733590435], [23.4414689126271, -16.4703749086046], [23.4574870033252, -16.5192407697601], [23.4895299822733, -16.5529001973169], [23.4971065772972, -16.5834267314012], [23.537183844703, -16.6075744153951], [23.560405452901, -16.6387277609425], [23.5847671336873, -16.6461202872853], [23.5836533188547, -16.6547617397553], [23.5717426885549, -16.6530365016289], [23.5766855049124, -16.6676385496953], [23.5987931581406, -16.6756454028321], [23.6256916678145, -16.67002907539], [23.6469832213701, -16.7090663587496], [23.6921058729759, -16.7260410639572], [23.6061596587791, -16.8774451220623], [23.6063973368336, -16.9162199847883], [23.5916612246908, -16.9258840300761], [23.4794852938542, -16.9327604610703], [23.4282325064102, -16.9672609681191], [23.4171374583535, -17.0228735308615], [23.3954013141908, -17.0706831341465], [23.2888282090188, -17.2548509954074], [23.2223761811908, -17.3443743112179], [23.1214774399195, -17.4237924919776], [23.0833228376146, -17.4134317752391], [23.0587123181047, -17.3393598921918], [23.0485709458081, -17.3480345126217], [23.0428851400657, -17.3321176891757], [22.9956153181998, -17.2983156568235], [22.9959916072009, -17.2745943264235], [22.9654341920011, -17.2599591641056], [22.9694338545654, -17.2508044601836], [22.9611242082186, -17.2377725314011], [22.9435087916727, -17.2382767649603], [22.9397864354434, -17.2240814613478], [22.9284712094122, -17.2263728816591], [22.9320157576058, -17.2133084566829], [22.9239238143748, -17.2099751450274], [22.9153577466251, -17.1853417330859], [22.9035047369626, -17.1842036199031], [22.907109993303, -17.1720002038027], [22.8987052288423, -17.1721539097518], [22.8970644011787, -17.1618868348957], [22.8834035742277, -17.1649018305883], [22.8960666468842, -17.1499240639897], [22.8863925341809, -17.1360950117447], [22.89986739819, -17.1206462183225], [22.8920470480088, -17.1119408501639], [22.9025600668131, -17.0826410067187], [22.8931504630453, -17.0643437019539], [22.8843467298175, -17.0621030957673], [22.8842570959185, -17.0517149431525], [22.841240013592, -17.0428950872978], [22.8357071846542, -17.0346485761307], [22.7957569902335, -17.0214540608797], [22.7766609803178, -16.9784480500831], [22.7475004876056, -16.9440804773011], [22.7542961672715, -16.9402160752996], [22.7502452082096, -16.9298517769137], [22.7402860367105, -16.928240998059], [22.7302920887318, -16.9123691756398], [22.7222341790737, -16.9188149962764], [22.6943303045782, -16.9082530198385], [22.6979558269115, -16.8935546491352], [22.6891466148587, -16.8868407301521], [22.69057835964, -16.8709509257077], [22.6797098550199, -16.8676676081209], [22.6825891091174, -16.8456619877072], [22.673834742806, -16.8401326043095], [22.6713070596663, -16.8135846161602], [22.6589101883712, -16.8096960627748], [22.6501547539629, -16.7938968210438], [22.6241144812367, -16.7898469208216], [22.6088867193424, -16.7153930641947], [23.027893968366, -16.6466659532083], [22.6457412061063, -16.3691040898373], [22.638141254885, -16.2397325139378], [22.6830550724418, -16.2459982715986], [22.7491213520087, -16.2752893419645], [22.8167278021135, -16.2750932968152], [22.8640694640493, -16.2876173899027], [22.9066777599209, -16.2780143783193], [22.9304973253996, -16.2869759856072], [22.9710426033903, -16.280411000923], [23.0408427223508, -16.2913925428325], [23.0649539699039, -16.2717461837416], [23.0229239950392, -16.0971231661493], [23.0305980276269, -16.0806053281531], [23.0639582107677, -16.0797131370155], [23.0798169286564, -16.0999232211234], [23.1059318289248, -16.1100457839109], [23.1036637741736, -16.1304348704013], [23.1180280691286, -16.138173239376], [23.1350382753962, -16.1759695866332], [23.1850174476, -16.1801769403356], [23.2035096027952, -16.2026451271172], [23.2372264772909, -16.2164142129228], [23.2403197918358, -16.2437522018491]]]}}, {"type": "Feature", "id": "108008", "properties": {"name": "Solwezi", "province": "North-Western"}, "geometry": {"type": "Polygon", "coordinates": [[[26.6988690445895, -11.9986277620648], [26.6763041443901, -12.032218080421], [26.7121631388174, -12.0531387999699], [26.729577348011, -12.0804516125666], [26.7210717368798, -12.1247787872261], [26.7354529210606, -12.1389575982678], [26.7394563143282, -12.1598654921324], [26.7609487320796, -12.175100472749], [26.7723054468021, -12.2048989893614], [26.7674960087048, -12.2251848921058], [26.7776996989293, -12.2406978769459], [26.7909062298748, -12.2444168960317], [26.7902798103726, -12.2675057373447], [26.7641562036325, -12.2770437391437], [26.7578431393614, -12.2896954326742], [26.7367612786443, -12.3007539881284], [26.7055888193089, -12.3033541268713], [26.6952477928471, -12.3242306237569], [26.6735477591622, -12.3397460415794], [26.6762677204003, -12.3570261476569], [26.6513980836433, -12.3730739251178], [26.6479753299343, -12.366346229565], [26.610755665431, -12.3792354366563], [26.6128438163769, -12.3991449910185], [26.5963482432575, -12.4099834134159], [26.6064899847617, -12.440181076731], [26.5963795908676, -12.4606468591558], [26.6060313588765, -12.485950888938], [26.5780245527208, -12.5224715766268], [26.6087912762801, -12.5323277123956], [26.6091323360508, -12.5484064089324], [26.5671402808708, -12.5772051777435], [26.5645392269319, -12.5885656666515], [26.576314300557, -12.5974131552124], [26.5721244197313, -12.61212077718], [26.5632029245563, -12.6153123762972], [26.5613460853044, -12.6327750309592], [26.5431399447126, -12.6441406573005], [26.5424960682495, -12.6663998398651], [26.5351587341117, -12.6708468293613], [26.5472841381212, -12.6814906533727], [26.5449785562489, -12.6922997967981], [26.5310155360364, -12.6972466068419], [26.5235449152666, -12.6834161585649], [26.500080263377, -12.6736265239733], [26.466521240843, -12.6382962260164], [26.4467705567145, -12.6360107078202], [26.4450183262775, -12.6246593003936], [26.4322384708375, -12.6192883362447], [26.4043170594309, -12.6295541203286], [26.390349245808, -12.6184658702561], [26.3528171086214, -12.6401506453461], [26.320840339103, -12.593291535994], [26.3396479763378, -12.5527470462028], [26.3655691728815, -12.5395311771843], [26.3728280445691, -12.5173424769056], [26.3601448361755, -12.4960192745916], [26.3198998802557, -12.4792107790259], [26.324245142676, -12.4560144343635], [26.3045473791993, -12.4386428043809], [26.295601707665, -12.4248628267579], [26.2987262422592, -12.417131600039], [26.2683321273034, -12.4096939842815], [26.2426820701602, -12.3881070262974], [26.2719448755933, -12.3602044796748], [26.3376807736634, -12.2675906402279], [26.3392224596591, -12.2463772777779], [26.3211798465849, -12.2073013546323], [26.3303645373584, -12.1693884968652], [26.32406710018, -12.1372564080605], [26.2123824822267, -12.0613457678063], [26.1641518286211, -12.0389172591065], [26.1258745308215, -12.0355828424364], [26.1095786352234, -12.010566793684], [26.0857391136707, -12.0118264442747], [26.0658808320324, -11.9916623775714], [26.0019698677502, -12.0004602248233], [25.9801284275615, -11.9478781358878], [26.0494022397668, -11.9363145993914], [26.1276462493102, -11.9400817231474], [26.1687647593517, -11.9316637566017], [26.1854973799084, -11.9379423763065], [26.2081244453221, -11.9207804731655], [26.2302761510335, -11.9341287132357], [26.2394981066199, -11.9279895336354], [26.249195420112, -11.9427791394107], [26.2924777947049, -11.9417036091879], [26.3127350603816, -11.9636851288727], [26.3880793827481, -11.9297820759449], [26.4048595367597, -11.9292704732878], [26.4099458742551, -11.9182010481715], [26.4199759372032, -11.9203405542592], [26.4314320801563, -11.9106661388416], [26.4790154652604, -11.9193173141302], [26.4999312382612, -11.9520125390018], [26.5392909233332, -11.9618714919297], [26.5486079503211, -11.9767057487545], [26.5660536050412, -11.9844713192277], [26.5775572823476, -11.9851223138408], [26.5926705297045, -11.9681195393076], [26.6380228850201, -11.9898187348506], [26.6665919296441, -11.9887957626737], [26.6988690445895, -11.9986277620648]]]}}, {"type": "Feature", "id": "103009", "properties": {"name": "Vubwi", "province": "Eastern"}, "geometry": {"type": "Polygon", "coordinates": [[[32.6432739999523, -14.2025115182313], [32.6660678259204, -14.1669149278892], [32.6817308889436, -14.1108393611843], [32.7063069248247, -14.089493369376], [32.743546243568, -13.9773115512422], [32.8086015150968, -13.9949803279024], [32.8458567016813, -13.9753000988506], [32.8262373153148, -13.9585388194029], [32.820960836813, -13.8681482733099], [32.8080073172656, -13.826009343023], [32.8082706871372, -13.793489859273], [32.8189662516921, -13.7832179250865], [32.8740379391057, -13.802676286794], [32.909237939322, -13.8262762872401], [32.9191379387933, -13.8535762877621], [32.9607379404372, -13.8951762872566], [32.9591970126196, -13.9306748009049], [32.9795185877892, -13.9309054908088], [33.0031864906985, -13.9460364342477], [33.0080040226166, -13.9625819481499], [32.9968295805567, -13.98285699706], [32.9966288924306, -14.0126211441958], [33.0295721773295, -14.0415582911581], [33.0389322668572, -14.0451328223534], [33.0575308553456, -14.0247935643631], [33.0655128196329, -13.9897143696862], [33.0775609936808, -13.9751293199973], [33.1011616370298, -13.9582719403741], [33.1291439613991, -13.9547094033686], [33.1423763692147, -13.9327726062066], [33.1582296181599, -13.9326125758585], [33.1853883302457, -13.9509955092659], [33.1951379400604, -13.9785762877756], [33.2066379405624, -13.9877762867594], [33.2414379398472, -13.9968762880912], [32.6432739999523, -14.2025115182313]]]}}, {"type": "Feature", "id": "108009", "properties": {"name": "Zambezi", "province": "North-Western"}, "geometry": {"type": "Polygon", "coordinates": [[[23.5346270049441, -12.9953100738663], [23.5135683459141, -13.0119593889163], [23.5088049868993, -13.0272326097727], [23.4869792726179, -13.0393778733046], [23.5053150859194, -13.0523004583311], [23.5126745931734, -13.0734953560368], [23.5884695383341, -13.0801724611044], [23.6077744406894, -13.1036027403171], [23.6390867614264, -13.1848421172027], [23.640437181725, -13.2263919560516], [23.7194185715728, -13.2917973348909], [23.7153788423502, -13.3072895927994], [23.662684782593, -13.3726260608822], [23.6639207117104, -13.4065227156347], [23.655958458257, -13.4254343255864], [23.664253462963, -13.4344272206785], [23.6598326306676, -13.4458470207227], [23.6676047422164, -13.4710657368893], [23.6604268267022, -13.4905500589211], [23.6698161249513, -13.5079047840649], [23.6591481620319, -13.5811826147307], [23.6776110393353, -13.6248398693031], [23.6675428006826, -13.6812625627783], [23.677049695589, -13.7127802047126], [23.6696276467266, -13.7331145345656], [23.6897255548653, -13.7822013043067], [23.6750882286577, -13.8227026698918], [23.680352123559, -13.8376324761136], [23.6590577448019, -13.8518992523864], [23.6564203665862, -13.8636398348065], [23.6406065060712, -13.8531275983664], [23.6292241130063, -13.8676615601213], [23.6440539050601, -13.8887909775912], [23.6341789631953, -13.9037755337465], [23.6370241747368, -13.9133218874121], [23.607620273617, -13.9453710377609], [23.6131482911781, -13.9553610429301], [23.5956071257803, -13.9690176586909], [23.5872032901776, -13.9998319950498], [23.6016685261262, -14.0354463890956], [23.5358313753472, -14.0849012189836], [23.5294140364346, -14.098502302741], [23.419249701217, -14.1079534259316], [23.3913223896757, -14.136073961287], [23.3764674349125, -14.1688000425832], [23.3370126793373, -14.1708740710832], [23.3313083799781, -14.1624626120265], [23.3222765671946, -14.1716806341028], [23.2967260451815, -14.1669564438467], [23.3013607906005, -14.1759438414271], [23.2884072719514, -14.1897699093473], [23.2562017338695, -14.1837787169764], [23.2364743556328, -14.2050928169424], [23.218529571788, -14.1902307640738], [23.2237585159365, -14.1724871907715], [23.2150832229297, -14.1632692049364], [23.2024862222606, -14.1677630190478], [23.2018920244294, -14.185737393344], [23.1926225335914, -14.1799765307562], [23.1777675833198, -14.1850460976325], [23.1924765771207, -14.1364276903415], [23.2167643139827, -14.1216814693503], [23.2420590497018, -14.0669311067804], [23.2414744476745, -14.0356428427065], [23.2219094713664, -14.0031250028265], [23.2141168854156, -14.0170399328411], [23.1769240023859, -14.0213257973334], [23.1745828642964, -14.0327207307082], [23.1486750795999, -14.0400258292991], [23.1226585080241, -14.0368878560668], [23.101056566775, -14.0080100520351], [23.0980214343144, -13.9863110108444], [23.0288805287538, -14.0085942157751], [22.9943529229175, -14.0057167326062], [22.9808917860643, -13.9640859176856], [22.9631500448299, -13.9406025526535], [22.8536807693853, -13.875016351995], [22.8001563474037, -13.9271727780672], [22.754869726309, -13.9228260087065], [22.7239586668398, -14.0031125892194], [22.7278942561681, -14.0101826233995], [22.7095021966517, -14.0027723138765], [22.7105153184258, -13.9922613636494], [22.7006178971194, -14.0051164184212], [22.6881487042574, -13.9908245788302], [22.668275928302, -13.9838673843162], [22.6522997745546, -13.9995963953823], [22.6547936136659, -13.9791030953986], [22.6381940021619, -13.9750949678988], [22.6382719319111, -13.9620113465887], [22.629855227942, -13.9622382382245], [22.6270496599523, -13.9486244459291], [22.610021419107, -13.9586836042504], [22.6092420928688, -13.9432165243511], [22.5876353222767, -13.9472441145709], [22.582842474266, -13.9332701525757], [22.5768416760658, -13.9402099667591], [22.5620150281155, -13.9338941756739], [22.5547673081138, -13.9405503328141], [22.520593927757, -13.9135841499356], [22.5082026673392, -13.9127520447715], [22.5147489944451, -13.9065868022613], [22.4760750131924, -13.8736585962948], [22.443577180385, -13.874358439694], [22.4186193119992, -13.8548565936798], [22.4119278252282, -13.8368724914326], [22.3891803262776, -13.8333478083241], [22.344817275703, -13.7948275543484], [22.3388749263867, -13.8007119531547], [22.316913656329, -13.7974086523128], [22.3082317633998, -13.7714938019231], [22.2940642039836, -13.770831069704], [22.2768212109882, -13.7521564881104], [22.2410112466091, -13.7448136316341], [22.2225022902232, -13.7621673857562], [22.1957324911632, -13.7555818153467], [22.1734243258787, -13.7694340041214], [22.1387638672968, -13.7477848663196], [22.116747949127, -13.7657250287628], [22.0729109447963, -13.7529323946232], [22.012006729805, -13.715799522588], [21.9977110086454, -13.7176409323604], [21.9962070051793, -13.434399329334], [22.0025391119378, -13.4465031900332], [22.0148276814439, -13.4434223542954], [22.0011065047738, -13.4544915050102], [22.004385581038, -13.4594608453675], [22.0173904527786, -13.4537638980139], [22.0340882627197, -13.4825104225841], [22.0589996774256, -13.4868909850919], [22.0704127659238, -13.5052172709443], [22.0774643684276, -13.4948779522502], [22.0901031290792, -13.5068578997895], [22.1032035079043, -13.4991654176458], [22.1003064617742, -13.5114546956863], [22.109124945339, -13.5089164090699], [22.1239603671347, -13.519053920672], [22.1307732028259, -13.5144263173847], [22.1319192860418, -13.5242231132701], [22.1390186402911, -13.5184503247311], [22.1457359679996, -13.5246719282543], [22.1461339135856, -13.5338183192632], [22.1621790920829, -13.5277517182181], [22.1728440438495, -13.5342671179091], [22.1666520060034, -13.539915717169], [22.1796887140378, -13.5386467297473], [22.1719685601467, -13.5493400703169], [22.1844481456182, -13.5522028937723], [22.177237364341, -13.561920764769], [22.1885231121561, -13.5670580797134], [22.1759798558939, -13.5740675463591], [22.2013547869133, -13.5947939266698], [22.3734716962117, -13.4066321329512], [22.3631141218841, -13.3961353929052], [22.6451781465777, -13.291373746782], [22.6581627083081, -13.3186898984313], [22.7344999178969, -13.4072633898951], [22.7503283266278, -13.4424283491247], [22.810920838792, -13.4180857021013], [22.876378392973, -13.3760986360029], [22.8887220498673, -13.3957326277769], [22.959002029988, -13.346878909891], [22.9996147130661, -13.3329897558187], [22.9878371223616, -13.3187661770971], [22.9506997390467, -13.3184770689382], [22.9434505215535, -13.3055246632793], [22.9551799931015, -13.2815898022191], [22.9514721967663, -13.2690980920111], [22.9210967892262, -13.2391153740187], [22.8666682398606, -13.2198421218936], [22.845324642409, -13.2008450287679], [22.8771323696522, -13.1536138733114], [22.9213898807573, -13.1196004045964], [22.9397751391287, -13.0837491017221], [22.9599994420244, -13.070023979797], [23.0085300727477, -13.0579538769656], [23.031384214299, -13.0432007266297], [23.0905187131463, -13.0306260218099], [23.1150620440628, -12.9929631080265], [23.5346270049441, -12.9953100738663]]]}}, {"type": "Feature", "id": "109013", "properties": {"name": "Zimba", "province": "Southern"}, "geometry": {"type": "Polygon", "coordinates": [[[26.9684996572173, -17.3311780479983], [26.9632112922077, -17.3400264799294], [26.9737285977725, -17.3470595451357], [26.9570316322479, -17.3516535784246], [26.9664199612148, -17.3705389533144], [26.9613098569919, -17.3848859980249], [26.9532287618163, -17.3883449981181], [26.9504954516131, -17.4060359138278], [26.9258956508011, -17.4157311697497], [26.9269057856768, -17.4337028857862], [26.9398593052243, -17.4444170420342], [26.9614286960191, -17.4441902950759], [26.9638649109, -17.4516728317918], [26.992327001208, -17.4496321708096], [26.9993385379518, -17.4694142906047], [27.0151442103229, -17.4747987360742], [27.0599534127766, -17.5368654457618], [27.0227380601867, -17.568258618775], [27.0060767452024, -17.6147722638134], [26.9853392320899, -17.6440495519584], [26.955772355018, -17.7538497173159], [26.710427945828, -17.75481174396], [26.7384978649206, -17.8029970023397], [26.727800164172, -17.8334454043632], [26.7290501150926, -17.8579222798911], [26.7402210402481, -17.8609763302874], [26.7529962999072, -17.8806001760703], [26.7804620938864, -17.8743430732524], [26.7941148117453, -17.8841062248978], [26.7913220788844, -17.9084204671265], [26.8200000298636, -17.9278004117491], [26.8196506121675, -17.9654750419656], [26.8374028996234, -17.9908207042231], [26.8250131142393, -17.9997669476382], [26.828994240966, -18.0115209839399], [26.8060581946204, -18.0132162129987], [26.7995220139856, -18.0258169053664], [26.7718918013599, -18.0190928802178], [26.7458896908636, -18.0229578133965], [26.6974744271789, -18.0621899821569], [26.6930060569371, -18.0773742803448], [26.648385053332, -18.0553238464131], [26.5985760912132, -18.0507557051253], [26.6022125828744, -18.0357499093877], [26.574665556939, -18.0174429136561], [26.5640650628873, -17.9883286117233], [26.5076162401769, -17.9898884299108], [26.4838483143524, -17.9820666029951], [26.4482914988136, -17.9547779212168], [26.3944571508725, -17.9369826178574], [26.3849975136382, -17.9101619178689], [26.3691918430638, -17.9142327751352], [26.3544081929745, -17.880622793116], [26.3248171269669, -17.8479566653255], [26.3017147036475, -17.8344269698556], [26.2816545750565, -17.8423684390247], [26.2686535202575, -17.8238151660188], [26.2510177191412, -17.8303090317516], [26.2069876381098, -17.7548796498268], [26.2238153282713, -17.7483830412521], [26.219822315935, -17.7310198690869], [26.2394308551445, -17.7258128536249], [26.2486528098326, -17.7108475007386], [26.242164166246, -17.6981678573998], [26.2554979740943, -17.6901294089857], [26.2523368394404, -17.6735305667918], [26.2674057019374, -17.6587420403982], [26.2593959123341, -17.6463078657935], [26.2919817378185, -17.5927790389003], [26.2774833037302, -17.5735881572194], [26.2623906709125, -17.5725685173969], [26.2648150010822, -17.5621678272139], [26.2096259191324, -17.4995113171993], [26.2144365573789, -17.4911693102992], [26.2037504763385, -17.4809770329212], [26.2128884259711, -17.4698401067713], [26.1698016837859, -17.4699034722228], [26.1101666436623, -17.5669436898597], [26.0819288474093, -17.5466314170965], [26.0758884092506, -17.5285248405956], [26.0947161435949, -17.4700903277273], [26.0838902820013, -17.4677897453573], [26.0890723610414, -17.459144873271], [26.0815076651018, -17.4495521481199], [26.094815994932, -17.4248274800102], [26.0781192171552, -17.4183612503461], [26.0736271870854, -17.4302813863842], [26.0615395895729, -17.4284905841241], [26.0292311216275, -17.3915304896512], [26.0145139935817, -17.3944155431526], [26.0058265760135, -17.3810149637779], [25.9919819573486, -17.3773540613689], [25.9704386662061, -17.3846851141803], [25.9615969800558, -17.3735432506521], [25.9680601303529, -17.3574955203971], [25.9788032553123, -17.3523957221049], [25.9831194410635, -17.3166878851756], [25.9979168317834, -17.3074726404034], [26.0859698657144, -17.3261748883175], [26.0938221752584, -17.3194650533135], [26.116610338247, -17.3244712420195], [26.1253686822984, -17.3128860290605], [26.1624506889676, -17.3111513756428], [26.2496025132426, -17.2551009258729], [26.2638391270531, -17.2629173692206], [26.2472491158444, -17.2809381056808], [26.2358485166236, -17.3214498760114], [26.2736445357216, -17.3522830306965], [26.2830090970627, -17.369569120174], [26.3361304117387, -17.3836553940199], [26.3759892223421, -17.372812914111], [26.3952384659807, -17.3841558516144], [26.4052922956562, -17.3815246882386], [26.4103073266811, -17.3650790627587], [26.4437963336235, -17.3467716435942], [26.4517585888735, -17.3305271004146], [26.5381083586353, -17.3627464809943], [26.543286464427, -17.3713232138044], [26.6027538124432, -17.3738411066247], [26.6088859380498, -17.3394269240836], [26.6378115015522, -17.3183033541465], [26.7075948920856, -17.297575758733], [26.7510031619722, -17.3017756118875], [26.7958708285813, -17.3208767123819], [26.8507985061733, -17.2980490481097], [26.8896400232265, -17.2985533449414], [26.9307347647439, -17.3153226057859], [26.9518406832426, -17.3101263411865], [26.9529577751293, -17.3230373120713], [26.9684996572173, -17.3311780479983]]]}}]}